customer_id,first_name,last_name,city,state,signup_date,customer_segment
10001,Arjun,Rao,Hyderabad,Karnataka,2024-12-11,Premium
10002,Riya,Singh,Vijayawada,Tamil Nadu,2024-03-31,Premium
10003,Meera,Brown,Chennai,Andhra Pradesh,2021-11-28,Regular
10004,Ananya,Taylor,Vijayawada,Telangana,2025-05-13,Regular
10005,Ananya,Gupta,Delhi,Telangana,2025-05-08,Regular
10006,Olivia,Thomas,Chennai,Tamil Nadu,2021-03-07,Regular
10007,Arjun,Wilson,Pune,Delhi,2021-02-11,New
10008,Meera,Patel,Hyderabad,Andhra Pradesh,2022-01-27,Premium
10009,Sanjay,Walker,Vijayawada,Delhi,2024-06-24,Regular
10010,Arjun,Sharma,Mumbai,Maharashtra,2023-08-15,Regular
10011,Neha,Taylor,Mumbai,Andhra Pradesh,2023-04-01,New
10012,Sophia,Verma,Bengaluru,Karnataka,2022-10-27,New
10013,Aisha,Taylor,Mumbai,Rajasthan,2023-02-07,Premium
10014,Riya,Thomas,Mumbai,Tamil Nadu,2023-10-18,New
10015,Aisha,Taylor,Chennai,Tamil Nadu,2021-04-13,New
10016,Riya,Taylor,Jaipur,Rajasthan,2023-07-28,Regular
10017,Neha,Clark,Chennai,West Bengal,2021-12-20,Regular
10018,Rahul,Martin,Bengaluru,Maharashtra,2024-06-14,New
10019,Emma,Clark,Delhi,Tamil Nadu,2021-11-09,New
10020,Priya,Verma,Mumbai,Maharashtra,2021-04-24,Regular
10021,Neha,Singh,Pune,Andhra Pradesh,2022-11-27,Premium
10022,Kiran,Singh,Vijayawada,Karnataka,2022-12-06,Regular
10023,Vikram,Wilson,Hyderabad,Karnataka,2023-04-10,Regular
10024,Daniel,Brown,Delhi,Tamil Nadu,2024-10-08,New
10025,Riya,Reddy,Hyderabad,Maharashtra,2024-01-25,Regular
10026,Kavya,Singh,Hyderabad,Andhra Pradesh,2022-08-04,Regular
10027,Ananya,White,Hyderabad,Karnataka,2024-03-08,Regular
10028,Emma,Martin,Bengaluru,Andhra Pradesh,2023-03-18,Regular
10029,Neha,Thomas,Mumbai,Rajasthan,2021-12-25,New
10030,Ananya,Patel,Jaipur,Maharashtra,2021-02-04,New
10031,Priya,Reddy,Jaipur,Rajasthan,2021-01-07,Regular
10032,Sanjay,Gupta,Bengaluru,Rajasthan,2021-12-25,New
10033,Arjun,Lewis,Jaipur,Andhra Pradesh,2024-08-03,Regular
10034,Sneha,Brown,Kolkata,Maharashtra,2023-01-12,Regular
10035,Olivia,Thomas,Delhi,Tamil Nadu,2022-12-24,New
10036,Arjun,Mehta,Vijayawada,Andhra Pradesh,2022-10-01,Regular
10037,Olivia,Mehta,Pune,Maharashtra,2022-02-14,Regular
10038,Emma,Wilson,Chennai,Telangana,2024-02-18,Premium
10039,Aditya,White,Delhi,West Bengal,2021-01-21,New
10040,Kavya,Verma,Vijayawada,Tamil Nadu,2023-09-07,New
10041,Vikram,Smith,Kolkata,Rajasthan,2025-02-08,New
10042,Riya,Walker,Bengaluru,Andhra Pradesh,2024-11-09,New
10043,Aisha,Nair,Jaipur,Telangana,2022-08-14,Regular
10044,Kiran,Clark,Chennai,Rajasthan,2024-09-29,Regular
10045,Arjun,Brown,Visakhapatnam,Rajasthan,2022-01-16,New
10046,Sophia,Lewis,Mumbai,Andhra Pradesh,2022-01-21,Premium
10047,Ananya,Mehta,Hyderabad,Tamil Nadu,2022-07-04,New
10048,Olivia,Wilson,Jaipur,West Bengal,2021-01-29,Regular
10049,Meera,Rao,Delhi,Andhra Pradesh,2022-03-01,Premium
10050,Riya,Wilson,Chennai,Andhra Pradesh,2024-09-29,Regular
10051,Riya,Rao,Hyderabad,Maharashtra,2024-05-04,New
10052,Vikram,Wilson,Bengaluru,West Bengal,2022-06-11,Premium
10053,Kiran,Thomas,Bengaluru,Maharashtra,2022-05-15,Regular
10054,Priya,Verma,Jaipur,Tamil Nadu,2022-07-10,New
10055,Priya,Verma,Bengaluru,West Bengal,2021-07-10,New
10056,Aarav,Rao,Bengaluru,Maharashtra,2021-09-11,Premium
10057,Neha,Martin,Visakhapatnam,Karnataka,2025-05-08,New
10058,Vikram,Smith,Visakhapatnam,West Bengal,2024-01-14,Regular
10059,Aisha,Brown,Chennai,Tamil Nadu,2023-12-21,New
10060,Meera,Sharma,Kolkata,Delhi,2022-03-25,New
10061,Daniel,Kumar,Delhi,Tamil Nadu,2024-10-01,Premium
10062,Aisha,Sharma,Delhi,Rajasthan,2021-10-10,Premium
10063,Kiran,Lewis,Mumbai,Andhra Pradesh,2025-03-30,New
10064,Sophia,Lewis,Vijayawada,Maharashtra,2023-03-17,New
10065,Ananya,Reddy,Visakhapatnam,West Bengal,2022-06-14,Regular
10066,Rohan,Sharma,Vijayawada,Karnataka,2024-04-15,Regular
10067,Daniel,Thomas,Jaipur,Rajasthan,2022-10-30,Regular
10068,Kiran,Brown,Bengaluru,Karnataka,2022-03-08,New
10069,Arjun,Rao,Kolkata,Andhra Pradesh,2023-12-30,Premium
10070,Priya,Wilson,Jaipur,Andhra Pradesh,2024-03-01,New
10071,Riya,Singh,Delhi,Karnataka,2023-08-24,New
10072,Vikram,Patel,Jaipur,Telangana,2023-01-10,New
10073,Priya,Nair,Mumbai,West Bengal,2022-06-11,New
10074,Rahul,Lewis,Visakhapatnam,Andhra Pradesh,2022-10-09,Regular
10075,Meera,Thomas,Jaipur,West Bengal,2024-10-31,New
10076,Priya,Patel,Kolkata,Telangana,2022-07-30,Regular
10077,Rohan,Smith,Vijayawada,West Bengal,2025-03-28,Regular
10078,Sanjay,Lewis,Delhi,Maharashtra,2021-08-21,New
10079,Sneha,White,Mumbai,Rajasthan,2021-09-18,Premium
10080,Meera,Thomas,Delhi,Andhra Pradesh,2022-06-17,Regular
10081,Daniel,Kumar,Jaipur,Andhra Pradesh,2021-01-05,New
10082,Ananya,Singh,Hyderabad,Maharashtra,2024-11-07,New
10083,Vikram,Singh,Chennai,Tamil Nadu,2022-06-29,Regular
10084,Emma,Patel,Pune,Andhra Pradesh,2021-06-13,Regular
10085,Kavya,Patel,Mumbai,Telangana,2023-09-17,Regular
10086,Aisha,Rao,Kolkata,Telangana,2025-03-14,Regular
10087,Arjun,Smith,Mumbai,Telangana,2025-05-09,New
10088,Rohan,Nair,Kolkata,Delhi,2021-06-21,Premium
10089,Riya,Verma,Bengaluru,Telangana,2024-06-22,New
10090,Emma,Singh,Mumbai,Delhi,2022-08-03,New
10091,Ananya,Patel,Kolkata,Karnataka,2024-08-30,Regular
10092,Emma,White,Pune,Rajasthan,2023-08-29,New
10093,Emma,Smith,Vijayawada,Maharashtra,2024-03-16,Regular
10094,Kiran,Singh,Kolkata,Telangana,2024-09-02,New
10095,Olivia,Clark,Mumbai,West Bengal,2024-12-03,Regular
10096,Aditya,Clark,Pune,Tamil Nadu,2021-08-18,Regular
10097,Sanjay,White,Jaipur,Tamil Nadu,2024-03-04,Regular
10098,Meera,Patel,Jaipur,West Bengal,2021-08-14,Regular
10099,Kavya,Wilson,Hyderabad,Rajasthan,2025-02-19,New
10100,Rahul,White,Vijayawada,Rajasthan,2023-10-03,Regular
10101,Emma,Clark,Pune,Maharashtra,2021-11-05,Regular
10102,Vikram,Singh,Hyderabad,Andhra Pradesh,2022-04-14,Regular
10103,Emma,Lewis,Kolkata,Karnataka,2024-12-04,New
10104,Aarav,Verma,Hyderabad,Andhra Pradesh,2023-10-29,New
10105,Riya,Mehta,Mumbai,Rajasthan,2022-01-02,Regular
10106,Riya,Smith,Kolkata,Delhi,2024-08-05,Regular
10107,Riya,Thomas,Visakhapatnam,Delhi,2024-02-24,Regular
10108,Meera,Kumar,Pune,Delhi,2021-05-03,Premium
10109,Priya,Brown,Visakhapatnam,Telangana,2022-03-30,Regular
10110,Aisha,Clark,Visakhapatnam,Andhra Pradesh,2024-09-13,Regular
10111,Aditya,Brown,Pune,West Bengal,2022-07-16,Regular
10112,Riya,Gupta,Bengaluru,Andhra Pradesh,2021-03-02,New
10113,Sneha,Reddy,Kolkata,Telangana,2023-08-25,Regular
10114,Priya,Brown,Hyderabad,Andhra Pradesh,2024-12-09,Regular
10115,Neha,Martin,Visakhapatnam,Tamil Nadu,2023-06-10,New
10116,Sneha,Brown,Mumbai,Andhra Pradesh,2025-04-10,New
10117,Aarav,White,Vijayawada,Rajasthan,2021-07-02,Regular
10118,Rahul,Wilson,Vijayawada,Rajasthan,2023-12-04,Regular
10119,Sanjay,Brown,Pune,Rajasthan,2023-11-06,New
10120,Rahul,Reddy,Jaipur,Telangana,2025-04-24,New
10121,Ananya,Smith,Vijayawada,Tamil Nadu,2023-04-14,New
10122,Meera,Patel,Visakhapatnam,Tamil Nadu,2024-08-08,Regular
10123,Meera,Martin,Hyderabad,Delhi,2021-08-21,Premium
10124,Priya,Patel,Pune,Rajasthan,2021-03-12,Premium
10125,Olivia,Walker,Jaipur,West Bengal,2024-02-21,Regular
10126,Sneha,Rao,Visakhapatnam,Delhi,2021-01-07,New
10127,Arjun,Verma,Pune,Andhra Pradesh,2024-10-31,New
10128,Riya,Kumar,Hyderabad,Karnataka,2021-02-03,Regular
10129,Sneha,Singh,Chennai,West Bengal,2024-01-07,Regular
10130,Kavya,Walker,Delhi,Delhi,2022-12-25,Regular
10131,Sneha,Gupta,Kolkata,Karnataka,2023-10-30,New
10132,Sneha,Brown,Jaipur,West Bengal,2023-09-25,Premium
10133,Arjun,White,Hyderabad,Andhra Pradesh,2022-12-12,New
10134,Sneha,Wilson,Mumbai,Andhra Pradesh,2023-02-10,Regular
10135,Riya,Sharma,Chennai,Andhra Pradesh,2023-03-17,Premium
10136,Rohan,Nair,Jaipur,Andhra Pradesh,2023-12-20,Regular
10137,Kavya,Nair,Bengaluru,Maharashtra,2024-02-11,Regular
10138,Aarav,Gupta,Chennai,Telangana,2022-12-21,Regular
10139,Rohan,Singh,Chennai,Rajasthan,2022-07-19,Regular
10140,Ananya,Brown,Bengaluru,Maharashtra,2021-03-10,Regular
10141,Sophia,Nair,Kolkata,West Bengal,2024-05-31,Regular
10142,Sanjay,Gupta,Delhi,Telangana,2021-12-28,Regular
10143,Aditya,Verma,Delhi,Rajasthan,2022-11-26,Regular
10144,Ananya,Rao,Jaipur,Rajasthan,2025-05-08,Regular
10145,Sophia,Singh,Pune,Rajasthan,2024-06-09,Regular
10146,Olivia,Mehta,Mumbai,Karnataka,2022-07-08,Regular
10147,Aarav,Walker,Mumbai,Andhra Pradesh,2023-01-30,New
10148,Sanjay,Brown,Visakhapatnam,Delhi,2022-06-04,Regular
10149,Emma,Smith,Delhi,Karnataka,2023-09-29,Premium
10150,Arjun,White,Bengaluru,Delhi,2021-09-02,New
10151,Olivia,Wilson,Kolkata,Maharashtra,2025-03-05,New
10152,Aditya,Singh,Vijayawada,West Bengal,2025-04-29,New
10153,Daniel,Nair,Chennai,Telangana,2022-04-23,Regular
10154,Aditya,Mehta,Delhi,Delhi,2022-01-04,New
10155,Ananya,Mehta,Delhi,West Bengal,2023-05-13,Regular
10156,Meera,Kumar,Bengaluru,West Bengal,2023-11-01,New
10157,Rahul,Kumar,Hyderabad,Andhra Pradesh,2023-10-27,New
10158,Sneha,Rao,Vijayawada,West Bengal,2021-03-09,New
10159,Neha,Walker,Kolkata,West Bengal,2024-02-12,New
10160,Riya,Martin,Vijayawada,Telangana,2021-04-17,Regular
10161,Sophia,Clark,Mumbai,Andhra Pradesh,2022-07-02,Premium
10162,Meera,Patel,Delhi,Tamil Nadu,2024-02-21,Regular
10163,Ananya,Verma,Jaipur,Delhi,2024-11-20,Premium
10164,Ananya,Smith,Chennai,Delhi,2023-10-14,New
10165,Ananya,Verma,Kolkata,Rajasthan,2021-09-13,Premium
10166,Emma,Verma,Bengaluru,Tamil Nadu,2023-12-25,Regular
10167,Rohan,Nair,Hyderabad,Maharashtra,2021-03-01,Regular
10168,Vikram,Reddy,Jaipur,Andhra Pradesh,2022-01-05,Regular
10169,Rohan,Lewis,Bengaluru,West Bengal,2021-07-17,New
10170,Aarav,Walker,Kolkata,Tamil Nadu,2025-04-25,New
10171,Rahul,Reddy,Delhi,Tamil Nadu,2022-08-13,New
10172,Arjun,Verma,Visakhapatnam,Andhra Pradesh,2023-06-13,Regular
10173,Riya,Brown,Delhi,Andhra Pradesh,2024-06-18,Regular
10174,Aisha,Thomas,Kolkata,Karnataka,2025-04-01,Premium
10175,Meera,White,Visakhapatnam,Maharashtra,2025-05-12,New
10176,Priya,Verma,Visakhapatnam,Andhra Pradesh,2021-09-20,Regular
10177,Aisha,Martin,Vijayawada,Telangana,2022-09-23,Regular
10178,Vikram,Walker,Bengaluru,Karnataka,2022-10-11,New
10179,Daniel,Clark,Bengaluru,Karnataka,2024-06-27,New
10180,Neha,Gupta,Pune,Delhi,2022-06-22,Regular
10181,Daniel,Clark,Kolkata,Maharashtra,2022-01-06,Regular
10182,Vikram,Verma,Kolkata,Tamil Nadu,2024-04-23,New
10183,Priya,Sharma,Vijayawada,Karnataka,2023-03-04,New
10184,Meera,Thomas,Bengaluru,West Bengal,2024-04-11,New
10185,Priya,Clark,Bengaluru,Andhra Pradesh,2022-08-31,Regular
10186,Ananya,Rao,Bengaluru,Karnataka,2023-02-18,Regular
10187,Vikram,Mehta,Delhi,West Bengal,2021-01-15,New
10188,Kiran,Nair,Kolkata,Andhra Pradesh,2021-01-26,Regular
10189,Sanjay,Kumar,Bengaluru,Delhi,2021-01-01,Premium
10190,Rohan,White,Visakhapatnam,Delhi,2021-10-08,New
10191,Meera,Sharma,Mumbai,Karnataka,2022-07-11,New
10192,Kavya,Smith,Kolkata,Rajasthan,2021-03-22,New
10193,Kavya,Sharma,Vijayawada,Rajasthan,2021-09-15,New
10194,Kiran,Taylor,Hyderabad,West Bengal,2024-09-17,Regular
10195,Sophia,Walker,Visakhapatnam,Rajasthan,2024-09-29,Regular
10196,Arjun,Wilson,Jaipur,Delhi,2022-04-09,Regular
10197,Rohan,Wilson,Jaipur,West Bengal,2025-02-23,New
10198,Rahul,Clark,Bengaluru,Andhra Pradesh,2021-07-08,Regular
10199,Rohan,White,Mumbai,Telangana,2021-02-20,New
10200,Sophia,Lewis,Chennai,Karnataka,2022-07-21,New
10201,Kiran,Singh,Pune,Karnataka,2022-02-28,New
10202,Daniel,Smith,Jaipur,West Bengal,2021-05-04,Premium
10203,Priya,Clark,Vijayawada,Karnataka,2024-09-17,Regular
10204,Meera,Gupta,Vijayawada,Maharashtra,2025-04-16,Regular
10205,Priya,Taylor,Pune,Maharashtra,2022-03-09,Regular
10206,Aditya,Sharma,Jaipur,West Bengal,2022-05-20,New
10207,Riya,Lewis,Jaipur,Delhi,2024-02-24,Regular
10208,Sophia,Wilson,Visakhapatnam,Telangana,2025-02-01,Regular
10209,Aditya,Martin,Visakhapatnam,West Bengal,2022-04-04,Premium
10210,Riya,Clark,Kolkata,Maharashtra,2023-12-29,Regular
10211,Aditya,Singh,Hyderabad,Telangana,2021-02-07,New
10212,Aisha,Mehta,Chennai,West Bengal,2023-06-25,Premium
10213,Riya,Lewis,Vijayawada,Tamil Nadu,2025-04-29,Regular
10214,Ananya,Patel,Mumbai,Maharashtra,2023-01-31,New
10215,Aisha,Clark,Bengaluru,Rajasthan,2023-10-24,New
10216,Aditya,Gupta,Jaipur,Karnataka,2024-01-05,New
10217,Arjun,Smith,Pune,Rajasthan,2023-10-09,Regular
10218,Arjun,Brown,Visakhapatnam,Maharashtra,2024-01-04,Regular
10219,Ananya,Taylor,Chennai,Rajasthan,2024-11-19,New
10220,Daniel,Clark,Mumbai,Andhra Pradesh,2021-01-17,New
10221,Rahul,Rao,Mumbai,Andhra Pradesh,2024-11-16,Regular
10222,Priya,Patel,Mumbai,Karnataka,2024-12-23,Regular
10223,Aisha,Verma,Pune,Andhra Pradesh,2024-12-17,New
10224,Sanjay,Wilson,Chennai,Tamil Nadu,2022-08-12,New
10225,Aisha,Thomas,Visakhapatnam,Rajasthan,2023-07-22,Premium
10226,Rohan,Thomas,Mumbai,Rajasthan,2022-07-20,Premium
10227,Emma,Rao,Pune,Delhi,2024-09-06,Regular
10228,Sneha,Walker,Visakhapatnam,Rajasthan,2022-10-13,Regular
10229,Neha,Reddy,Pune,Delhi,2022-05-16,Premium
10230,Vikram,Kumar,Hyderabad,Telangana,2024-01-02,New
10231,Priya,Sharma,Hyderabad,Andhra Pradesh,2021-03-20,Premium
10232,Olivia,Walker,Pune,Delhi,2022-08-25,Regular
10233,Aarav,Patel,Kolkata,Telangana,2021-11-27,Regular
10234,Riya,Wilson,Jaipur,Telangana,2022-08-22,Regular
10235,Priya,Clark,Bengaluru,West Bengal,2022-12-19,New
10236,Aisha,Thomas,Delhi,Rajasthan,2021-04-12,Regular
10237,Meera,Walker,Chennai,West Bengal,2024-10-15,Regular
10238,Ananya,Reddy,Pune,Maharashtra,2022-10-29,New
10239,Rohan,Verma,Pune,Tamil Nadu,2022-07-29,Regular
10240,Kavya,Brown,Mumbai,Maharashtra,2021-08-28,Premium
10241,Rahul,Taylor,Hyderabad,Tamil Nadu,2025-05-13,Premium
10242,Sneha,Wilson,Hyderabad,Tamil Nadu,2024-09-30,Regular
10243,Arjun,Smith,Delhi,Karnataka,2023-02-11,New
10244,Kavya,Rao,Chennai,Delhi,2022-06-20,New
10245,Kavya,Kumar,Mumbai,Karnataka,2023-01-18,New
10246,Arjun,Verma,Hyderabad,Karnataka,2025-03-18,Regular
10247,Riya,Gupta,Hyderabad,Tamil Nadu,2021-12-21,Regular
10248,Ananya,Smith,Bengaluru,Andhra Pradesh,2024-01-01,Premium
10249,Riya,Thomas,Mumbai,Delhi,2024-12-16,New
10250,Aarav,Smith,Bengaluru,Maharashtra,2024-04-24,Premium
10251,Vikram,Smith,Chennai,Delhi,2024-10-24,Premium
10252,Priya,Sharma,Mumbai,Delhi,2025-02-25,Regular
10253,Vikram,Wilson,Chennai,Maharashtra,2021-04-06,Premium
10254,Rohan,Verma,Hyderabad,Andhra Pradesh,2022-01-18,Regular
10255,Meera,Kumar,Bengaluru,West Bengal,2021-08-20,New
10256,Rahul,Singh,Jaipur,Karnataka,2023-06-27,New
10257,Meera,Thomas,Kolkata,Andhra Pradesh,2022-10-14,New
10258,Rahul,Walker,Bengaluru,Karnataka,2021-03-07,New
10259,Vikram,Brown,Chennai,Telangana,2023-06-12,Regular
10260,Sneha,White,Mumbai,Maharashtra,2021-06-11,New
10261,Riya,Patel,Jaipur,Maharashtra,2022-10-14,New
10262,Vikram,Gupta,Visakhapatnam,Andhra Pradesh,2022-08-10,New
10263,Aditya,Walker,Vijayawada,West Bengal,2024-11-30,Regular
10264,Daniel,Patel,Bengaluru,Telangana,2023-12-29,Premium
10265,Sophia,Taylor,Pune,Maharashtra,2023-09-26,Regular
10266,Sneha,Singh,Pune,Andhra Pradesh,2024-08-23,Regular
10267,Ananya,Rao,Kolkata,West Bengal,2021-10-16,Premium
10268,Rohan,Mehta,Visakhapatnam,Delhi,2022-02-15,Regular
10269,Kavya,Nair,Mumbai,Delhi,2024-04-18,Regular
10270,Sneha,Lewis,Delhi,Delhi,2024-04-13,Regular
10271,Aditya,White,Chennai,Karnataka,2021-02-04,Premium
10272,Aarav,Brown,Chennai,Delhi,2021-12-25,New
10273,Vikram,Brown,Mumbai,West Bengal,2021-12-30,Regular
10274,Sophia,Reddy,Vijayawada,Telangana,2021-01-10,Regular
10275,Ananya,Singh,Pune,West Bengal,2023-11-25,New
10276,Priya,Sharma,Kolkata,Karnataka,2021-03-29,Regular
10277,Priya,Lewis,Kolkata,Telangana,2024-09-08,Regular
10278,Riya,Singh,Mumbai,Andhra Pradesh,2023-07-26,Premium
10279,Arjun,Rao,Jaipur,Maharashtra,2024-05-03,Premium
10280,Arjun,Clark,Hyderabad,Maharashtra,2023-03-07,Regular
10281,Aditya,Martin,Visakhapatnam,Delhi,2025-04-02,Regular
10282,Priya,Wilson,Hyderabad,Delhi,2022-03-09,Premium
10283,Meera,Sharma,Mumbai,Delhi,2023-06-12,New
10284,Priya,Smith,Visakhapatnam,Rajasthan,2021-01-11,New
10285,Ananya,Smith,Kolkata,West Bengal,2024-08-25,Regular
10286,Daniel,Rao,Mumbai,Telangana,2023-06-28,Regular
10287,Vikram,Martin,Visakhapatnam,Karnataka,2021-10-09,Regular
10288,Sneha,Walker,Bengaluru,Maharashtra,2024-08-01,Regular
10289,Neha,Gupta,Kolkata,Maharashtra,2025-05-02,New
10290,Priya,Rao,Delhi,Tamil Nadu,2021-04-20,Regular
10291,Emma,Rao,Chennai,Karnataka,2024-09-15,Regular
10292,Aditya,Clark,Jaipur,Telangana,2024-03-24,Premium
10293,Sophia,Reddy,Vijayawada,Karnataka,2022-07-22,New
10294,Rohan,Lewis,Hyderabad,Rajasthan,2023-10-13,Regular
10295,Neha,Thomas,Hyderabad,Maharashtra,2024-06-10,Regular
10296,Neha,Mehta,Hyderabad,Rajasthan,2023-02-06,Regular
10297,Emma,Smith,Pune,Tamil Nadu,2023-12-03,New
10298,Ananya,Lewis,Pune,Tamil Nadu,2021-03-19,New
10299,Aditya,Thomas,Vijayawada,Maharashtra,2025-01-20,New
10300,Aarav,Gupta,Kolkata,Rajasthan,2025-01-17,Regular
10301,Kiran,Reddy,Hyderabad,Delhi,2021-12-03,Regular
10302,Emma,Taylor,Pune,Telangana,2023-02-03,Regular
10303,Aarav,Kumar,Vijayawada,Tamil Nadu,2022-01-17,Regular
10304,Olivia,Reddy,Visakhapatnam,Rajasthan,2022-10-02,New
10305,Neha,White,,Karnataka,2022-03-17,New
10306,Rahul,Mehta,Hyderabad,Andhra Pradesh,2024-10-10,Regular
10307,Rohan,Taylor,Bengaluru,Rajasthan,2024-01-17,Regular
10308,Sneha,Singh,Mumbai,Karnataka,2024-09-14,Regular
10309,Rohan,Kumar,Pune,Delhi,2024-06-22,Regular
10310,Rahul,Reddy,Mumbai,Delhi,2024-03-09,Premium
10311,Meera,Nair,Hyderabad,Andhra Pradesh,2021-09-24,Premium
10312,Meera,Sharma,Mumbai,Andhra Pradesh,2024-08-19,Regular
10313,Rahul,Verma,Chennai,Telangana,2024-06-06,New
10314,Aditya,Rao,Pune,Tamil Nadu,2021-07-18,New
10315,Sanjay,Brown,Hyderabad,Rajasthan,2021-05-21,Regular
10316,Meera,Smith,Vijayawada,Tamil Nadu,2024-05-02,Regular
10317,Aisha,Rao,Pune,Karnataka,2022-09-17,New
10318,Aisha,Mehta,Mumbai,West Bengal,2022-06-09,New
10319,Daniel,Reddy,Jaipur,Karnataka,2022-09-27,Premium
10320,Riya,Rao,Vijayawada,Karnataka,2024-10-19,New
10321,Rohan,White,Bengaluru,Andhra Pradesh,2022-08-05,Regular
10322,Rahul,White,Bengaluru,Telangana,2022-08-16,Premium
10323,Kavya,Mehta,Hyderabad,Rajasthan,2022-10-01,Regular
10324,Daniel,Walker,Delhi,Karnataka,2021-03-28,New
10325,Sophia,Brown,Mumbai,Telangana,2021-03-01,Regular
10326,Sanjay,Kumar,Mumbai,West Bengal,2022-10-26,Regular
10327,Sanjay,Lewis,Delhi,Karnataka,2021-01-27,New
10328,Aarav,Verma,Delhi,Tamil Nadu,2024-04-25,Regular
10329,Rahul,Wilson,Hyderabad,Tamil Nadu,2022-11-11,New
10330,Sneha,Wilson,Bengaluru,Delhi,2023-03-13,Regular
10331,Neha,Rao,Vijayawada,Maharashtra,2022-06-22,Premium
10332,Kiran,Martin,Jaipur,Karnataka,2024-05-06,Regular
10333,Rohan,Brown,Visakhapatnam,Karnataka,2022-11-16,Premium
10334,Emma,Nair,Jaipur,Karnataka,2021-02-26,Regular
10335,Priya,Gupta,Pune,Telangana,2023-02-21,Premium
10336,Emma,Martin,Visakhapatnam,West Bengal,2021-10-11,Regular
10337,Sophia,Singh,Visakhapatnam,Maharashtra,2023-08-11,New
10338,Rohan,Kumar,Visakhapatnam,Telangana,2023-06-21,Premium
10339,Sanjay,Lewis,Bengaluru,Tamil Nadu,2023-01-30,Premium
10340,Sophia,Rao,Bengaluru,West Bengal,2022-09-09,Regular
10341,Kavya,Wilson,Pune,Tamil Nadu,2023-08-12,Regular
10342,Aditya,Martin,Delhi,Maharashtra,2023-12-25,New
10343,Kavya,Clark,Jaipur,West Bengal,2024-11-06,New
10344,Neha,Wilson,Mumbai,West Bengal,2025-03-21,New
10345,Daniel,Martin,Visakhapatnam,West Bengal,2021-05-14,Regular
10346,Aditya,Clark,Visakhapatnam,Maharashtra,2023-11-22,New
10347,Sophia,Walker,Jaipur,Maharashtra,2021-05-16,New
10348,Daniel,Sharma,Bengaluru,Andhra Pradesh,2022-10-30,Premium
10349,Vikram,Martin,Chennai,Andhra Pradesh,2024-04-01,Regular
10350,Vikram,Patel,Chennai,Telangana,2023-05-18,Regular
10351,Neha,Lewis,Vijayawada,Andhra Pradesh,2024-07-16,New
10352,Aarav,Sharma,Kolkata,Rajasthan,2024-12-31,New
10353,Aditya,Singh,Pune,Rajasthan,2025-04-08,Regular
10354,Ananya,Patel,Hyderabad,Tamil Nadu,2023-12-13,New
10355,Sophia,Wilson,Delhi,Delhi,2023-12-14,Regular
10356,Sophia,Sharma,Vijayawada,Telangana,2024-07-09,Premium
10357,Vikram,Sharma,Pune,Telangana,2022-01-08,New
10358,Olivia,Brown,Chennai,Delhi,2022-04-28,Regular
10359,Arjun,White,Delhi,Karnataka,2022-07-01,Regular
10360,Aisha,Brown,Kolkata,Karnataka,2024-04-05,New
10361,Emma,Verma,Delhi,Tamil Nadu,2022-07-16,Regular
10362,Olivia,Taylor,Visakhapatnam,Maharashtra,2021-08-12,Regular
10363,Sanjay,Smith,Mumbai,Karnataka,2024-07-01,New
10364,Olivia,Nair,Kolkata,Andhra Pradesh,2024-04-14,Regular
10365,Rahul,Smith,Visakhapatnam,West Bengal,2023-08-09,Regular
10366,Neha,Sharma,Chennai,Andhra Pradesh,2024-11-11,Regular
10367,Priya,Singh,Chennai,Rajasthan,2024-06-20,Premium
10368,Rohan,Taylor,Hyderabad,Delhi,2024-12-11,Regular
10369,Aarav,Rao,Mumbai,Tamil Nadu,2022-02-20,Regular
10370,Riya,Reddy,Hyderabad,Rajasthan,2021-07-06,Premium
10371,Rohan,Kumar,Vijayawada,Delhi,2022-07-01,Regular
10372,Meera,Lewis,Hyderabad,Maharashtra,2024-08-20,New
10373,Ananya,Rao,Kolkata,Maharashtra,2025-01-19,New
10374,Kiran,Sharma,Delhi,Telangana,2021-06-25,New
10375,Olivia,Martin,Jaipur,Rajasthan,2024-09-30,New
10376,Arjun,Brown,Mumbai,Andhra Pradesh,2023-02-05,Regular
10377,Aisha,Mehta,Mumbai,West Bengal,2024-08-01,New
10378,Aisha,Lewis,Chennai,Karnataka,2023-12-29,Premium
10379,Kiran,Rao,Delhi,Rajasthan,2021-04-07,Regular
10380,Aditya,Smith,Chennai,Karnataka,2023-02-14,New
10381,Aarav,Martin,Bengaluru,Karnataka,2021-05-23,Premium
10382,Daniel,Wilson,Jaipur,Telangana,2022-06-28,Regular
10383,Daniel,Singh,Kolkata,Tamil Nadu,2024-04-27,New
10384,Sanjay,Taylor,Bengaluru,Tamil Nadu,2023-12-31,New
10385,Aarav,Martin,Kolkata,Andhra Pradesh,2024-02-02,Regular
10386,Rahul,Kumar,Mumbai,Tamil Nadu,2023-11-24,Regular
10387,Arjun,Patel,Bengaluru,Rajasthan,2021-01-24,Regular
10388,Emma,Taylor,Pune,Tamil Nadu,2023-07-22,Regular
10389,Olivia,Kumar,Vijayawada,Delhi,2023-02-16,Regular
10390,Vikram,Lewis,Hyderabad,Delhi,2023-04-26,Premium
10391,Aisha,Kumar,Mumbai,Andhra Pradesh,2021-12-07,Regular
10392,Vikram,White,Jaipur,Andhra Pradesh,2024-02-04,Regular
10393,Kiran,Taylor,Mumbai,Andhra Pradesh,2023-08-31,New
10394,Sneha,Verma,Hyderabad,Rajasthan,2022-10-07,Regular
10395,Aisha,Gupta,Pune,Telangana,2021-04-01,Regular
10396,Olivia,Rao,Kolkata,Telangana,2021-04-21,Regular
10397,Aarav,Martin,Jaipur,Maharashtra,2022-07-29,Regular
10398,Vikram,Thomas,Kolkata,Karnataka,2023-05-10,Regular
10399,Aditya,Singh,Hyderabad,Maharashtra,2025-05-15,Regular
10400,Rohan,Brown,Visakhapatnam,Delhi,2024-03-03,Regular
10401,Sophia,White,Vijayawada,Tamil Nadu,2023-02-16,Regular
10402,Riya,Gupta,Kolkata,Telangana,2022-04-24,Premium
10403,Rohan,Taylor,Visakhapatnam,Rajasthan,2021-09-27,Regular
10404,Sophia,Patel,Vijayawada,Tamil Nadu,2021-08-14,Regular
10405,Priya,Clark,Chennai,Andhra Pradesh,2021-04-26,Regular
10406,Neha,Patel,Pune,Delhi,2024-12-29,Regular
10407,Ananya,Gupta,Delhi,West Bengal,2021-01-26,Regular
10408,Rahul,Mehta,Pune,Andhra Pradesh,2024-10-13,Premium
10409,Daniel,Nair,Kolkata,Tamil Nadu,2023-07-23,Regular
10410,Aarav,Patel,Vijayawada,Karnataka,2023-09-17,Premium
10411,Vikram,Wilson,Bengaluru,Rajasthan,2025-03-14,Regular
10412,Sanjay,Sharma,Delhi,West Bengal,2024-06-12,Premium
10413,Aditya,White,Hyderabad,Tamil Nadu,2021-08-24,Premium
10414,Rahul,Reddy,Delhi,West Bengal,2025-03-31,Regular
10415,Aarav,Rao,Pune,Maharashtra,2021-10-09,Regular
10416,Meera,Walker,Chennai,Andhra Pradesh,2023-06-30,Regular
10417,Sophia,Patel,Jaipur,Delhi,2023-10-23,Regular
10418,Rahul,Reddy,Chennai,Tamil Nadu,2022-01-26,Regular
10419,Aditya,Martin,Hyderabad,West Bengal,2023-10-06,Regular
10420,Neha,Reddy,Mumbai,Andhra Pradesh,2023-10-20,Regular
10421,Daniel,Lewis,Vijayawada,Tamil Nadu,2025-04-17,New
10422,Meera,Mehta,Hyderabad,Andhra Pradesh,2025-01-03,Regular
10423,Riya,Lewis,Pune,Karnataka,2022-10-02,Regular
10424,Sneha,Singh,Pune,Karnataka,2024-01-10,Regular
10425,Ananya,Kumar,Visakhapatnam,Andhra Pradesh,2024-08-06,New
10426,Vikram,White,Hyderabad,Delhi,2021-02-11,New
10427,Olivia,Thomas,Hyderabad,Telangana,2024-01-01,Regular
10428,Emma,Walker,Delhi,West Bengal,2025-01-07,Regular
10429,Aarav,Rao,Bengaluru,Tamil Nadu,2021-07-12,New
10430,Aisha,Verma,Vijayawada,Tamil Nadu,2024-04-20,New
10431,Arjun,Smith,Chennai,Maharashtra,2021-04-07,Regular
10432,Aisha,Verma,Delhi,Maharashtra,2022-10-05,New
10433,Emma,Singh,Hyderabad,Rajasthan,2024-08-04,New
10434,Rahul,Nair,Kolkata,Maharashtra,2025-04-29,Regular
10435,Ananya,Wilson,Delhi,Tamil Nadu,2024-03-10,Regular
10436,Rahul,Sharma,Hyderabad,Andhra Pradesh,2024-02-29,Premium
10437,Sneha,Rao,Chennai,Delhi,2022-02-19,New
10438,Daniel,Gupta,Hyderabad,Telangana,2024-08-13,New
10439,Arjun,Reddy,Hyderabad,West Bengal,2023-11-21,New
10440,Kiran,Kumar,Kolkata,Delhi,2025-02-18,Regular
10441,Sophia,Mehta,Pune,Delhi,2023-08-23,New
10442,Rohan,Kumar,Visakhapatnam,Karnataka,2021-03-05,New
10443,Rahul,Rao,Chennai,Maharashtra,2023-03-29,Regular
10444,Priya,Smith,Vijayawada,West Bengal,2024-05-24,Regular
10445,Neha,Lewis,Kolkata,West Bengal,2024-06-14,Regular
10446,Meera,Reddy,Kolkata,West Bengal,2022-09-11,Regular
10447,Rohan,Verma,Visakhapatnam,Rajasthan,2021-10-01,Regular
10448,Sophia,Kumar,Vijayawada,Delhi,2024-10-22,Regular
10449,Neha,Verma,Vijayawada,Maharashtra,2024-08-10,New
10450,Aditya,Mehta,Vijayawada,Delhi,2024-11-07,Regular
10451,Sophia,Thomas,Pune,Tamil Nadu,2023-12-09,New
10452,Daniel,Verma,Vijayawada,Tamil Nadu,2024-08-18,New
10453,Priya,Walker,Visakhapatnam,West Bengal,2022-10-07,Regular
10454,Aarav,Kumar,Vijayawada,Tamil Nadu,2024-05-31,New
10455,Sneha,Reddy,Kolkata,West Bengal,2023-02-21,New
10456,Sneha,Sharma,Hyderabad,West Bengal,2024-06-24,Regular
10457,Rahul,Nair,Pune,Rajasthan,2021-08-23,Regular
10458,Kavya,Patel,Hyderabad,Karnataka,2022-04-20,New
10459,Emma,Reddy,Bengaluru,Tamil Nadu,2021-12-10,Regular
10460,Rahul,Singh,Mumbai,Andhra Pradesh,2022-10-13,Premium
10461,Aisha,White,Pune,Maharashtra,2024-07-27,New
10462,Rahul,Clark,Delhi,West Bengal,2021-07-04,Regular
10463,Aisha,Sharma,Jaipur,West Bengal,2024-03-14,New
10464,Ananya,Walker,Vijayawada,Rajasthan,2024-08-21,Premium
10465,Aarav,Singh,Pune,Karnataka,2023-12-10,New
10466,Sophia,Verma,Mumbai,Tamil Nadu,2023-10-31,New
10467,Vikram,Rao,Vijayawada,Maharashtra,2021-08-10,Premium
10468,Sneha,Verma,Chennai,Delhi,2023-09-08,Regular
10469,Vikram,Thomas,Visakhapatnam,Rajasthan,2021-12-29,New
10470,Daniel,Martin,Vijayawada,Telangana,2022-01-29,Regular
10471,Aisha,Smith,Kolkata,Karnataka,2024-10-10,Premium
10472,Emma,Wilson,Chennai,Rajasthan,2023-09-12,Regular
10473,Ananya,Martin,Kolkata,Delhi,2025-05-09,New
10474,Priya,Patel,Visakhapatnam,West Bengal,2022-12-29,New
10475,Kavya,Nair,Hyderabad,Karnataka,2022-07-27,Premium
10476,Riya,Kumar,Bengaluru,Delhi,2025-05-12,New
10477,Emma,Martin,Delhi,Tamil Nadu,2023-09-24,New
10478,Aarav,Verma,Mumbai,West Bengal,2024-10-12,New
10479,Meera,Wilson,Vijayawada,Telangana,2021-03-13,New
10480,Rahul,Smith,Pune,Tamil Nadu,2023-04-22,Regular
10481,Aditya,Gupta,Jaipur,West Bengal,2024-07-31,Regular
10482,Emma,Kumar,Chennai,Delhi,2024-07-17,New
10483,Aditya,White,Mumbai,Andhra Pradesh,2024-02-19,New
10484,Riya,Gupta,Hyderabad,Andhra Pradesh,2021-09-21,New
10485,Priya,Kumar,Chennai,Telangana,2023-05-25,New
10486,Sanjay,Rao,Chennai,Telangana,2021-06-12,New
10487,Rohan,Walker,Vijayawada,Tamil Nadu,2024-07-07,Regular
10488,Neha,Gupta,Mumbai,Rajasthan,2023-10-07,New
10489,Riya,White,Chennai,Maharashtra,2021-11-07,New
10490,Kavya,Mehta,Mumbai,Rajasthan,2024-03-08,Regular
10491,Daniel,Lewis,Delhi,Telangana,2024-02-25,Regular
10492,Olivia,Taylor,Vijayawada,Rajasthan,2021-03-26,Regular
10493,Riya,Sharma,Jaipur,Telangana,2021-05-23,Premium
10494,Kavya,Brown,Hyderabad,Andhra Pradesh,2021-11-18,New
10495,Aditya,Verma,Visakhapatnam,Rajasthan,2021-04-23,New
10496,Ananya,Singh,Mumbai,Tamil Nadu,2023-05-10,New
10497,Rahul,Brown,Visakhapatnam,Tamil Nadu,2024-11-08,New
10498,Kiran,Kumar,Hyderabad,Delhi,2021-04-11,Premium
10499,Daniel,Taylor,Kolkata,West Bengal,2023-09-11,Regular
10500,Ananya,Clark,Jaipur,Telangana,2022-11-10,Regular
10501,Rahul,Reddy,Hyderabad,Karnataka,2024-08-31,Premium
10502,Meera,Mehta,Vijayawada,Andhra Pradesh,2023-02-11,Regular
10503,Sophia,Taylor,Bengaluru,Andhra Pradesh,2023-12-06,Regular
10504,Olivia,Reddy,Jaipur,Karnataka,2025-01-14,Premium
10505,Aditya,Nair,Vijayawada,Rajasthan,2021-08-06,Regular
10506,Priya,Gupta,Jaipur,Andhra Pradesh,2022-05-21,New
10507,Neha,Sharma,Visakhapatnam,Andhra Pradesh,2022-03-08,Regular
10508,Sanjay,Clark,Mumbai,Karnataka,2021-09-27,Premium
10509,Aditya,Verma,Pune,West Bengal,2023-11-03,Regular
10510,Sanjay,Thomas,Kolkata,Karnataka,2021-01-13,Regular
10511,Sophia,Smith,Bengaluru,Karnataka,2022-09-10,Premium
10512,Aisha,Lewis,Mumbai,Telangana,2021-07-14,Regular
10513,Emma,White,Hyderabad,Maharashtra,2023-09-12,Regular
10514,Emma,Wilson,Visakhapatnam,West Bengal,2024-04-16,New
10515,Sophia,Nair,Chennai,Karnataka,2023-01-17,New
10516,Rahul,Verma,Pune,Karnataka,2022-12-13,New
10517,Olivia,Clark,Pune,Tamil Nadu,2022-12-21,Premium
10518,Arjun,Verma,Mumbai,Karnataka,2021-11-14,Premium
10519,Priya,Brown,Vijayawada,Andhra Pradesh,2022-08-24,New
10520,Sneha,Patel,Jaipur,Karnataka,2025-02-01,New
10521,Kiran,White,Delhi,Tamil Nadu,2021-03-07,New
10522,Rahul,Taylor,Visakhapatnam,Tamil Nadu,2024-06-14,Regular
10523,Vikram,Rao,Bengaluru,Karnataka,2021-09-21,Regular
10524,Emma,Smith,Jaipur,Rajasthan,2021-07-02,Regular
10525,Rohan,Verma,Bengaluru,Karnataka,2022-04-02,New
10526,Rohan,Patel,Hyderabad,Maharashtra,2022-03-07,New
10527,Daniel,Lewis,Hyderabad,Delhi,2022-05-21,Premium
10528,Rahul,Lewis,Chennai,Tamil Nadu,2024-09-21,Regular
10529,Daniel,Clark,Visakhapatnam,Maharashtra,2024-12-18,New
10530,Daniel,Nair,Mumbai,Karnataka,2024-01-13,New
10531,Sneha,Gupta,Vijayawada,Maharashtra,2021-08-22,New
10532,Vikram,Sharma,Pune,Telangana,2025-02-21,New
10533,Vikram,Martin,Bengaluru,Maharashtra,2024-09-17,New
10534,Aditya,Rao,Pune,Tamil Nadu,2021-05-02,Regular
10535,Sneha,Lewis,Chennai,Tamil Nadu,2022-09-12,New
10536,Vikram,Lewis,Chennai,Telangana,2024-05-25,Regular
10537,Priya,Kumar,Delhi,Rajasthan,2021-05-23,Regular
10538,Rahul,Walker,Vijayawada,Telangana,2021-05-03,New
10539,Neha,Kumar,Delhi,Karnataka,2023-08-28,Regular
10540,Aarav,Mehta,Chennai,Telangana,2022-06-23,Premium
10541,Aisha,Mehta,Vijayawada,Rajasthan,2022-12-08,New
10542,Arjun,White,Kolkata,Tamil Nadu,2024-04-16,Regular
10543,Vikram,Taylor,Chennai,Maharashtra,2023-05-22,New
10544,Vikram,Lewis,Visakhapatnam,Andhra Pradesh,2024-02-12,New
10545,Emma,Smith,Visakhapatnam,Telangana,2021-07-21,New
10546,Arjun,Clark,Kolkata,Telangana,2021-01-04,Regular
10547,Ananya,Lewis,Chennai,Karnataka,2022-02-07,Regular
10548,Sneha,Lewis,Mumbai,West Bengal,2021-11-20,Regular
10549,Neha,Verma,Pune,Rajasthan,2022-06-03,New
10550,Meera,Nair,Bengaluru,Delhi,2024-05-30,Regular
10551,Emma,White,Mumbai,Andhra Pradesh,2021-09-01,New
10552,Kiran,Thomas,Bengaluru,Rajasthan,2021-07-21,New
10553,Emma,Walker,Bengaluru,Tamil Nadu,2021-11-18,Regular
10554,Rohan,Smith,Vijayawada,Karnataka,2022-06-07,New
10555,Sophia,Walker,Bengaluru,Karnataka,2021-11-12,Regular
10556,Neha,Martin,Pune,Andhra Pradesh,2021-10-22,Regular
10557,Aisha,Martin,Pune,West Bengal,2023-07-17,Regular
10558,Olivia,Patel,Hyderabad,Andhra Pradesh,2021-06-28,Regular
10559,Riya,Smith,Visakhapatnam,Delhi,2021-09-04,New
10560,Olivia,Martin,Jaipur,Rajasthan,2024-08-31,New
10561,Neha,Thomas,Kolkata,Rajasthan,2021-01-30,Regular
10562,Aarav,White,Kolkata,Andhra Pradesh,2021-04-09,New
10563,Priya,Rao,Chennai,Andhra Pradesh,2021-04-22,New
10564,Vikram,Rao,Visakhapatnam,Telangana,2023-05-08,New
10565,Olivia,White,Vijayawada,West Bengal,2024-01-17,Regular
10566,Sanjay,White,Pune,Rajasthan,2024-01-14,Regular
10567,Sanjay,Patel,Vijayawada,Tamil Nadu,2024-01-10,New
10568,Sanjay,Nair,Jaipur,Andhra Pradesh,2021-04-03,New
10569,Kavya,Walker,Kolkata,Tamil Nadu,2022-07-06,New
10570,Sneha,Patel,Bengaluru,Karnataka,2023-10-11,New
10571,Daniel,Thomas,Mumbai,West Bengal,2023-12-28,Regular
10572,Ananya,Kumar,Bengaluru,Karnataka,2022-06-19,New
10573,Aditya,Patel,Mumbai,Maharashtra,2024-09-16,New
10574,Aarav,Thomas,Visakhapatnam,Rajasthan,2024-08-26,Premium
10575,Aarav,Wilson,Bengaluru,Karnataka,2024-05-09,Regular
10576,Kiran,Smith,Visakhapatnam,Karnataka,2024-06-30,New
10577,Daniel,Lewis,Chennai,Rajasthan,2025-04-10,Regular
10578,Neha,Rao,Pune,Andhra Pradesh,2024-06-24,Regular
10579,Olivia,Brown,Delhi,Maharashtra,2023-07-26,Premium
10580,Rahul,Wilson,Bengaluru,Maharashtra,2022-09-30,Premium
10581,Arjun,Martin,Bengaluru,Rajasthan,2022-08-03,Regular
10582,Emma,Rao,Mumbai,West Bengal,2024-08-09,New
10583,Rahul,Wilson,Hyderabad,Rajasthan,2022-04-19,Regular
10584,Arjun,Verma,Vijayawada,Telangana,2023-10-05,New
10585,Ananya,Brown,Delhi,Delhi,2023-03-16,Regular
10586,Daniel,Lewis,Visakhapatnam,West Bengal,2022-08-29,Premium
10587,Meera,Nair,Visakhapatnam,Telangana,2022-12-23,New
10588,Arjun,Taylor,,Delhi,2021-05-10,Premium
10589,Emma,Walker,Visakhapatnam,Telangana,2024-02-10,Regular
10590,Emma,Thomas,Hyderabad,Rajasthan,2021-04-17,New
10591,Emma,White,Pune,West Bengal,2021-04-29,Premium
10592,Daniel,Smith,Kolkata,Karnataka,2022-02-07,Regular
10593,Sanjay,Gupta,Pune,Delhi,2023-05-01,Regular
10594,Sophia,White,Vijayawada,Telangana,2022-04-25,Regular
10595,Rohan,Wilson,Visakhapatnam,Andhra Pradesh,2024-11-09,New
10596,Emma,Singh,Pune,Karnataka,2025-01-24,New
10597,Sneha,Rao,Chennai,Delhi,2022-09-22,Regular
10598,Riya,Gupta,Delhi,Telangana,2025-05-19,Premium
10599,Kavya,Clark,Visakhapatnam,Karnataka,2021-05-23,Regular
10600,Kavya,Reddy,Jaipur,Rajasthan,2021-08-18,Regular
10601,Kavya,Martin,Visakhapatnam,Maharashtra,2022-07-10,Regular
10602,Riya,Smith,Chennai,Telangana,2025-02-17,New
10603,Aisha,Reddy,Chennai,West Bengal,2023-03-17,Regular
10604,Rahul,Wilson,Delhi,Karnataka,2024-02-05,Regular
10605,Emma,Thomas,Pune,Delhi,2023-11-11,New
10606,Neha,Martin,Kolkata,Andhra Pradesh,2023-03-09,Regular
10607,Rohan,Brown,Jaipur,West Bengal,2025-01-30,Regular
10608,Neha,Rao,Delhi,Karnataka,2025-03-08,Premium
10609,Sophia,Patel,Mumbai,Karnataka,2022-12-19,Premium
10610,Olivia,Sharma,Visakhapatnam,Karnataka,2024-02-16,Regular
10611,Emma,Nair,Pune,West Bengal,2023-09-26,Regular
10612,Priya,Wilson,Kolkata,West Bengal,2023-08-08,Regular
10613,Riya,Sharma,Bengaluru,Delhi,2021-06-12,Premium
10614,Kiran,White,Delhi,Maharashtra,2021-12-02,Regular
10615,Meera,Smith,Pune,Telangana,2025-05-04,Premium
10616,Kavya,Gupta,Bengaluru,Andhra Pradesh,2022-01-27,Premium
10617,Sanjay,White,Chennai,West Bengal,2023-11-09,New
10618,Aditya,Patel,Vijayawada,West Bengal,2024-12-29,Premium
10619,Arjun,White,Bengaluru,Telangana,2023-08-22,Regular
10620,Rahul,Gupta,Bengaluru,Tamil Nadu,2021-12-11,New
10621,Ananya,Nair,Hyderabad,Tamil Nadu,2024-10-07,New
10622,Priya,Verma,Hyderabad,Delhi,2021-02-21,Regular
10623,Vikram,White,Pune,Andhra Pradesh,2024-03-02,New
10624,Ananya,Gupta,Pune,Andhra Pradesh,2022-03-02,New
10625,Kavya,White,Kolkata,Delhi,2023-10-22,Regular
10626,Sanjay,Rao,Delhi,Tamil Nadu,2023-02-08,New
10627,Rohan,Gupta,Delhi,Maharashtra,2023-06-30,Regular
10628,Kiran,Wilson,Jaipur,West Bengal,2022-09-04,Regular
10629,Neha,Taylor,Chennai,Tamil Nadu,2023-04-27,New
10630,Kiran,Rao,Vijayawada,Maharashtra,2025-02-06,Regular
10631,Aisha,Kumar,Hyderabad,Andhra Pradesh,2024-08-15,New
10632,Rohan,Nair,Visakhapatnam,Delhi,2022-11-01,Premium
10633,Ananya,Brown,Mumbai,Maharashtra,2025-02-15,Regular
10634,Kiran,Sharma,Mumbai,West Bengal,2024-11-23,Regular
10635,Vikram,Reddy,Bengaluru,Tamil Nadu,2023-10-01,Regular
10636,Meera,Walker,Delhi,Telangana,2023-08-10,Premium
10637,Sanjay,Sharma,Mumbai,Andhra Pradesh,2021-02-26,Regular
10638,Aditya,Verma,Jaipur,Maharashtra,2023-04-19,Regular
10639,Riya,Thomas,Bengaluru,Tamil Nadu,2021-12-07,New
10640,Daniel,Rao,Pune,Telangana,2021-09-14,Regular
10641,Meera,Mehta,Jaipur,Rajasthan,2024-10-05,Regular
10642,Daniel,Reddy,Visakhapatnam,West Bengal,2022-03-10,Regular
10643,Olivia,Thomas,Vijayawada,Tamil Nadu,2023-09-12,New
10644,Priya,Wilson,Delhi,Delhi,2024-10-19,Regular
10645,Riya,Lewis,Visakhapatnam,Maharashtra,2023-08-15,Regular
10646,Rohan,Lewis,Chennai,Tamil Nadu,2024-06-01,Regular
10647,Priya,Nair,Visakhapatnam,Tamil Nadu,2024-05-25,Regular
10648,Neha,Sharma,Delhi,Telangana,2022-12-17,Regular
10649,Sophia,Rao,Mumbai,Rajasthan,2025-01-14,Regular
10650,Emma,Kumar,Chennai,Rajasthan,2024-12-25,Regular
10651,Priya,Brown,Delhi,Andhra Pradesh,2022-06-25,Regular
10652,Meera,Kumar,Hyderabad,Tamil Nadu,2024-08-03,Regular
10653,Sanjay,Walker,Vijayawada,Rajasthan,2021-10-20,New
10654,Emma,Wilson,Chennai,Tamil Nadu,2021-06-29,New
10655,Sneha,Gupta,Mumbai,Andhra Pradesh,2023-04-29,Regular
10656,Neha,Walker,Bengaluru,Telangana,2023-08-28,Regular
10657,Riya,Thomas,Pune,Tamil Nadu,2023-07-23,New
10658,Kavya,Verma,Mumbai,Delhi,2024-07-02,Regular
10659,Arjun,Kumar,Bengaluru,Rajasthan,2022-09-18,New
10660,Aditya,Rao,Visakhapatnam,Tamil Nadu,2024-07-17,Regular
10661,Vikram,Smith,Vijayawada,Maharashtra,2024-12-14,New
10662,Aisha,Thomas,Mumbai,Andhra Pradesh,2021-05-27,Regular
10663,Aarav,Gupta,Hyderabad,Maharashtra,2022-12-20,Regular
10664,Sanjay,Martin,Visakhapatnam,West Bengal,2021-12-26,Regular
10665,Sneha,Gupta,Kolkata,Maharashtra,2023-11-17,Premium
10666,Meera,Singh,Delhi,Telangana,2022-10-23,Regular
10667,Neha,Verma,Kolkata,Tamil Nadu,2022-03-27,Regular
10668,Olivia,Patel,Hyderabad,Delhi,2022-02-07,Regular
10669,Daniel,Verma,Pune,Telangana,2022-07-22,Regular
10670,Rahul,Nair,Bengaluru,Karnataka,2021-06-24,Regular
10671,Sophia,Gupta,Kolkata,Rajasthan,2021-06-17,New
10672,Kavya,Thomas,Jaipur,Telangana,2023-10-04,Premium
10673,Kavya,Rao,Delhi,Karnataka,2025-02-17,New
10674,Arjun,Taylor,Kolkata,Delhi,2023-03-23,Premium
10675,Kavya,Martin,Kolkata,Delhi,2025-01-23,New
10676,Aisha,Taylor,Jaipur,Karnataka,2021-09-05,Regular
10677,Sneha,Gupta,Hyderabad,Telangana,2025-04-07,Premium
10678,Arjun,Clark,Mumbai,Rajasthan,2023-07-28,Regular
10679,Neha,Singh,Chennai,Delhi,2024-04-04,Regular
10680,Daniel,Gupta,Vijayawada,Delhi,2021-04-10,New
10681,Aisha,Lewis,Pune,Telangana,2023-08-25,New
10682,Rahul,Rao,Vijayawada,Karnataka,2022-09-05,New
10683,Sophia,Taylor,Pune,Telangana,2024-12-08,Regular
10684,Sophia,Sharma,Jaipur,Rajasthan,2024-06-22,Regular
10685,Vikram,Wilson,Vijayawada,Andhra Pradesh,2024-10-14,New
10686,Emma,Lewis,Hyderabad,Delhi,2024-11-25,Regular
10687,Ananya,Martin,Jaipur,West Bengal,2024-02-28,Premium
10688,Sneha,Smith,Jaipur,Karnataka,2022-01-28,Regular
10689,Ananya,Clark,Hyderabad,Rajasthan,2022-03-29,Regular
10690,Riya,Gupta,Mumbai,Delhi,2024-10-07,Premium
10691,Sophia,Nair,Jaipur,Delhi,2023-08-21,Regular
10692,Riya,Reddy,Visakhapatnam,Rajasthan,2024-11-27,New
10693,Daniel,Taylor,Pune,Telangana,2024-06-26,Regular
10694,Daniel,Martin,Delhi,Maharashtra,2023-08-30,Premium
10695,Arjun,Thomas,Hyderabad,Telangana,2021-09-01,New
10696,Aditya,Martin,Delhi,Maharashtra,2025-04-21,New
10697,Aisha,Kumar,Kolkata,Tamil Nadu,2022-01-24,Premium
10698,Sneha,Taylor,Mumbai,Maharashtra,2022-01-29,Regular
10699,Arjun,Thomas,Mumbai,West Bengal,2021-08-22,Regular
10700,Arjun,Singh,Visakhapatnam,Tamil Nadu,2021-04-21,Regular
10701,Neha,Mehta,Pune,Telangana,2022-08-24,Regular
10702,Kavya,Walker,Chennai,Karnataka,2024-09-11,New
10703,Vikram,Verma,Mumbai,West Bengal,2024-10-17,Regular
10704,Vikram,Thomas,Pune,Delhi,2023-02-25,New
10705,Rahul,Brown,Chennai,Rajasthan,2022-05-19,New
10706,Sneha,Taylor,Delhi,Rajasthan,2022-07-09,Premium
10707,Aarav,Wilson,Visakhapatnam,Karnataka,2025-01-10,New
10708,Sneha,Taylor,Vijayawada,West Bengal,2021-03-30,New
10709,Priya,Thomas,Chennai,Telangana,2021-04-02,New
10710,Priya,Walker,Pune,Telangana,2021-04-14,Regular
10711,Meera,Gupta,Delhi,Andhra Pradesh,2024-11-21,Premium
10712,Neha,Walker,Kolkata,Maharashtra,2021-05-26,New
10713,Aisha,Wilson,Vijayawada,Rajasthan,2025-02-15,Regular
10714,Riya,Smith,Pune,Telangana,2021-10-21,Regular
10715,Daniel,Rao,Mumbai,Delhi,2023-05-28,Regular
10716,Riya,Verma,Kolkata,Tamil Nadu,2025-04-02,New
10717,Neha,Taylor,Bengaluru,Rajasthan,2021-07-05,New
10718,Priya,Nair,Kolkata,West Bengal,2022-03-27,Regular
10719,Sanjay,Gupta,Visakhapatnam,Andhra Pradesh,2024-03-10,New
10720,Sneha,Clark,Vijayawada,Tamil Nadu,2024-07-31,Regular
10721,Rahul,Verma,Pune,Rajasthan,2024-12-22,New
10722,Daniel,Wilson,Visakhapatnam,Andhra Pradesh,2021-02-01,Regular
10723,Emma,Sharma,Delhi,Andhra Pradesh,2024-05-28,Regular
10724,Rahul,Reddy,Delhi,Maharashtra,2022-05-30,Regular
10725,Riya,Clark,Visakhapatnam,Rajasthan,2023-06-12,Regular
10726,Rahul,Kumar,Bengaluru,West Bengal,2024-12-20,New
10727,Aisha,Thomas,Vijayawada,Telangana,2024-12-14,New
10728,Arjun,Walker,Kolkata,Rajasthan,2021-10-24,Regular
10729,Priya,Mehta,Delhi,Telangana,2023-01-24,Regular
10730,Meera,Lewis,Hyderabad,West Bengal,2022-03-31,Regular
10731,Aisha,Verma,Vijayawada,Karnataka,2023-09-11,Regular
10732,Ananya,White,Chennai,Rajasthan,2024-08-15,Regular
10733,Daniel,Singh,Visakhapatnam,West Bengal,2022-05-24,New
10734,Riya,Verma,Vijayawada,Andhra Pradesh,2021-07-14,New
10735,Sanjay,Nair,Mumbai,West Bengal,2021-04-13,New
10736,Meera,Thomas,Pune,Delhi,2021-03-27,Premium
10737,Aisha,Sharma,Hyderabad,Andhra Pradesh,2022-08-10,Regular
10738,Rohan,Clark,Pune,Tamil Nadu,2025-03-26,Regular
10739,Aisha,Sharma,Hyderabad,Delhi,2022-02-07,Regular
10740,Olivia,Rao,Jaipur,Tamil Nadu,2022-10-10,New
10741,Emma,Smith,Kolkata,Telangana,2023-12-16,New
10742,Riya,Kumar,Chennai,Rajasthan,2023-11-19,New
10743,Kavya,Mehta,Visakhapatnam,Maharashtra,2022-03-09,New
10744,Aditya,White,Hyderabad,Telangana,2021-07-23,Regular
10745,Riya,Clark,Delhi,Andhra Pradesh,2021-09-08,New
10746,Kiran,Sharma,Bengaluru,Rajasthan,2021-12-19,Regular
10747,Neha,Smith,Hyderabad,West Bengal,2021-05-18,Regular
10748,Rohan,Smith,Chennai,Tamil Nadu,2023-01-06,Premium
10749,Rohan,Reddy,Chennai,Andhra Pradesh,2023-10-31,New
10750,Vikram,Taylor,Vijayawada,West Bengal,2023-12-17,Regular
10751,Sophia,Brown,Visakhapatnam,Tamil Nadu,2024-12-25,New
10752,Rahul,Taylor,Vijayawada,Tamil Nadu,2022-04-15,New
10753,Arjun,Gupta,Vijayawada,Rajasthan,2023-11-14,Regular
10754,Daniel,Gupta,Delhi,Rajasthan,2024-11-16,Regular
10755,Sneha,Martin,Mumbai,West Bengal,2021-02-15,Regular
10756,Ananya,Martin,Chennai,Telangana,2024-06-03,Regular
10757,Aisha,Patel,Jaipur,Karnataka,2021-05-22,New
10758,Kiran,Singh,Delhi,Tamil Nadu,2023-06-02,Premium
10759,Rahul,Smith,Delhi,Delhi,2024-08-22,New
10760,Aisha,Clark,Hyderabad,Andhra Pradesh,2023-01-05,Premium
10761,Vikram,Singh,Pune,Andhra Pradesh,2023-06-15,Regular
10762,Sneha,Singh,Kolkata,Tamil Nadu,2023-09-19,New
10763,Daniel,Clark,Pune,Telangana,2023-07-14,Regular
10764,Daniel,Taylor,Kolkata,Tamil Nadu,2024-03-16,New
10765,Kiran,Walker,Visakhapatnam,Karnataka,2024-10-06,Regular
10766,Riya,Thomas,Hyderabad,Rajasthan,2021-08-04,New
10767,Kavya,White,Jaipur,Telangana,2022-10-28,Regular
10768,Priya,Patel,Visakhapatnam,Andhra Pradesh,2024-09-26,New
10769,Rahul,Gupta,Pune,West Bengal,2022-09-03,Premium
10770,Kiran,Singh,Vijayawada,Telangana,2023-02-23,New
10771,Meera,Reddy,Hyderabad,West Bengal,2024-04-02,Regular
10772,Sophia,Thomas,Mumbai,Delhi,2025-02-05,Regular
10773,Aarav,Taylor,Bengaluru,Telangana,2022-02-07,New
10774,Aisha,Reddy,Kolkata,Karnataka,2025-03-09,New
10775,Emma,Patel,Visakhapatnam,Tamil Nadu,2024-02-10,Regular
10776,Sophia,Patel,Kolkata,Karnataka,2021-02-19,Regular
10777,Ananya,Verma,Vijayawada,Delhi,2024-10-10,Regular
10778,Rahul,Mehta,Bengaluru,Delhi,2022-09-08,New
10779,Aditya,Gupta,Jaipur,Karnataka,2022-03-28,Premium
10780,Olivia,Walker,Bengaluru,Telangana,2023-04-22,Premium
10781,Olivia,Singh,Delhi,West Bengal,2023-07-11,Regular
10782,Kavya,Smith,Kolkata,Maharashtra,2023-05-14,New
10783,Rahul,Verma,Visakhapatnam,Tamil Nadu,2021-03-30,New
10784,Rahul,Nair,Jaipur,Tamil Nadu,2024-08-08,Premium
10785,Priya,Clark,Delhi,Telangana,2022-07-01,Regular
10786,Sneha,White,Delhi,Andhra Pradesh,2021-08-14,Regular
10787,Aarav,Sharma,Pune,Andhra Pradesh,2023-06-25,Premium
10788,Meera,Mehta,Delhi,Delhi,2023-09-23,New
10789,Neha,Kumar,Kolkata,Tamil Nadu,2021-06-15,Regular
10790,Aarav,Verma,Kolkata,Karnataka,2025-02-17,Regular
10791,Arjun,Wilson,Delhi,Tamil Nadu,2023-08-19,Regular
10792,Priya,Verma,Pune,Rajasthan,2025-05-14,Regular
10793,Aisha,Rao,Bengaluru,Telangana,2023-12-09,Regular
10794,Emma,Rao,Hyderabad,Andhra Pradesh,2021-01-17,New
10795,Ananya,Gupta,Pune,Tamil Nadu,2021-11-30,Premium
10796,Aditya,Rao,Mumbai,Tamil Nadu,2025-04-06,Regular
10797,Sophia,Nair,Kolkata,Andhra Pradesh,2023-06-15,Regular
10798,Priya,Taylor,Jaipur,Rajasthan,2021-07-15,Premium
10799,Rohan,Reddy,Vijayawada,Rajasthan,2021-04-29,New
10800,Ananya,Sharma,Visakhapatnam,Tamil Nadu,2023-05-10,Regular
10801,Aarav,Brown,Delhi,Delhi,2023-08-09,Premium
10802,Rohan,Taylor,Jaipur,Tamil Nadu,2022-01-30,Regular
10803,Neha,Gupta,Jaipur,Karnataka,2021-11-08,Premium
10804,Daniel,Singh,Bengaluru,Maharashtra,2023-08-29,Premium
10805,Aisha,Wilson,Kolkata,Telangana,2022-11-28,Regular
10806,Riya,Nair,Delhi,Karnataka,2021-03-01,New
10807,Neha,Martin,Jaipur,Delhi,2021-04-03,Regular
10808,Rahul,Kumar,Delhi,West Bengal,2022-01-17,Regular
10809,Kiran,Kumar,Hyderabad,Tamil Nadu,2023-06-22,Regular
10810,Sophia,Smith,Chennai,Delhi,2022-04-26,Regular
10811,Aarav,Nair,Bengaluru,Andhra Pradesh,2021-01-24,New
10812,Olivia,Martin,Chennai,Rajasthan,2025-01-04,New
10813,Meera,Brown,Hyderabad,Delhi,2024-01-15,Regular
10814,Aditya,Nair,Vijayawada,Karnataka,2023-07-23,Regular
10815,Riya,Patel,Pune,West Bengal,2022-01-26,Regular
10816,Emma,Patel,Kolkata,Karnataka,2024-02-08,New
10817,Aarav,Thomas,Jaipur,Karnataka,2025-02-23,Regular
10818,Rahul,Singh,Kolkata,Tamil Nadu,2023-12-18,Regular
10819,Meera,Brown,Pune,Tamil Nadu,2022-04-19,New
10820,Sophia,Clark,Chennai,Karnataka,2022-09-20,Regular
10821,Aarav,Lewis,Vijayawada,Telangana,2025-01-26,Regular
10822,Meera,Gupta,Delhi,Rajasthan,2021-01-23,Regular
10823,Rahul,Kumar,Vijayawada,West Bengal,2021-12-21,Regular
10824,Meera,Thomas,Hyderabad,West Bengal,2021-06-21,Premium
10825,Kavya,Taylor,Bengaluru,Telangana,2023-10-23,New
10826,Arjun,Rao,Bengaluru,Andhra Pradesh,2023-01-05,New
10827,Meera,Smith,Kolkata,Tamil Nadu,2021-08-02,New
10828,Olivia,Patel,Delhi,West Bengal,2025-02-15,Regular
10829,Olivia,Martin,Mumbai,Maharashtra,2023-06-02,Premium
10830,Aarav,Martin,Mumbai,Karnataka,2022-02-03,Regular
10831,Sanjay,Gupta,Kolkata,Tamil Nadu,2025-02-22,Premium
10832,Sanjay,Mehta,Jaipur,Karnataka,2024-01-23,Regular
10833,Priya,Rao,Jaipur,Andhra Pradesh,2021-07-27,New
10834,Rahul,Sharma,Pune,Maharashtra,2024-08-15,New
10835,Olivia,Kumar,Kolkata,Andhra Pradesh,2021-04-05,Regular
10836,Riya,White,Hyderabad,Andhra Pradesh,2024-12-21,Regular
10837,Emma,Mehta,Jaipur,Karnataka,2022-09-22,Regular
10838,Vikram,Kumar,Hyderabad,Tamil Nadu,2022-04-15,Regular
10839,Aarav,Sharma,Mumbai,Telangana,2021-03-27,Regular
10840,Daniel,Nair,Vijayawada,Telangana,2025-01-30,New
10841,Aditya,White,Jaipur,Rajasthan,2023-06-15,Regular
10842,Meera,Nair,Bengaluru,West Bengal,2023-08-31,Regular
10843,Daniel,White,Kolkata,Maharashtra,2024-09-22,Regular
10844,Aarav,Mehta,Bengaluru,Karnataka,2023-03-25,New
10845,Aarav,Thomas,Hyderabad,Delhi,2022-04-09,Premium
10846,Aarav,Thomas,Pune,Delhi,2024-05-30,New
10847,Vikram,Sharma,Delhi,Karnataka,2023-04-29,New
10848,Arjun,Sharma,Chennai,Telangana,2022-01-17,Regular
10849,Emma,Walker,Jaipur,Maharashtra,2024-09-13,Premium
10850,Kavya,Walker,Kolkata,Delhi,2024-07-24,Premium
10851,Sophia,Kumar,Pune,Andhra Pradesh,2022-01-31,New
10852,Emma,Wilson,Pune,Maharashtra,2023-11-06,New
10853,Sophia,Walker,Pune,Telangana,2025-01-13,Regular
10854,Sanjay,White,Bengaluru,Rajasthan,2024-07-02,Regular
10855,Aditya,Gupta,Kolkata,Maharashtra,2021-11-15,Regular
10856,Emma,Clark,Vijayawada,West Bengal,2024-10-01,New
10857,Sanjay,Wilson,Pune,Telangana,2021-04-01,Regular
10858,Arjun,Walker,Pune,Telangana,2023-09-15,New
10859,Meera,Kumar,Jaipur,Telangana,2023-03-30,New
10860,Emma,Wilson,Kolkata,Andhra Pradesh,2021-02-28,Regular
10861,Sophia,Sharma,Chennai,Karnataka,2024-03-07,New
10862,Daniel,Nair,Hyderabad,Andhra Pradesh,2022-04-22,Regular
10863,Rahul,Sharma,Visakhapatnam,Rajasthan,2024-09-25,Regular
10864,Riya,Verma,Kolkata,West Bengal,2024-11-05,Regular
10865,Emma,Clark,,Rajasthan,2023-08-03,Regular
10866,Meera,Taylor,Chennai,Rajasthan,2023-10-01,Premium
10867,Emma,Rao,Bengaluru,West Bengal,2021-03-25,Regular
10868,Emma,Verma,Pune,Andhra Pradesh,2024-11-25,Premium
10869,Ananya,Nair,Vijayawada,Delhi,2023-12-27,Regular
10870,Aarav,Martin,Chennai,Karnataka,2022-09-08,Regular
10871,Priya,Gupta,Delhi,Telangana,2021-05-18,Premium
10872,Sanjay,Reddy,Jaipur,Maharashtra,2023-03-19,New
10873,Rahul,Brown,Chennai,Maharashtra,2024-12-12,New
10874,Rahul,Clark,Chennai,Tamil Nadu,2024-10-12,Premium
10875,Meera,Mehta,Chennai,Telangana,2021-06-07,Regular
10876,Neha,Singh,Jaipur,Delhi,2024-05-04,New
10877,Neha,Sharma,Delhi,Maharashtra,2021-05-11,Premium
10878,Aisha,Walker,Jaipur,Rajasthan,2022-08-28,New
10879,Neha,Thomas,Jaipur,Rajasthan,2022-12-17,Regular
10880,Kavya,Patel,Pune,Delhi,2021-02-06,Regular
10881,Arjun,Reddy,Hyderabad,Andhra Pradesh,2021-08-08,Regular
10882,Olivia,Kumar,Mumbai,Tamil Nadu,2024-11-09,Regular
10883,Ananya,Nair,Delhi,Rajasthan,2023-10-05,New
10884,Vikram,Clark,Mumbai,Rajasthan,2024-06-12,Regular
10885,Emma,Patel,Hyderabad,Karnataka,2023-07-04,Regular
10886,Aisha,Clark,Jaipur,West Bengal,2022-12-20,New
10887,Arjun,Sharma,Mumbai,Maharashtra,2021-01-30,New
10888,Vikram,Martin,Kolkata,Tamil Nadu,2023-05-24,Regular
10889,Aarav,Gupta,Jaipur,Maharashtra,2024-05-17,New
10890,Aditya,White,Delhi,Rajasthan,2021-11-23,Regular
10891,Arjun,Mehta,Kolkata,Rajasthan,2023-02-25,Premium
10892,Aisha,Gupta,Hyderabad,Tamil Nadu,2022-10-22,New
10893,Neha,Singh,Kolkata,Maharashtra,2024-10-25,Premium
10894,Sophia,Clark,Visakhapatnam,Delhi,2021-09-19,Regular
10895,Aisha,Verma,Jaipur,West Bengal,2021-06-18,Regular
10896,Kavya,Nair,Hyderabad,Maharashtra,2021-12-03,Premium
10897,Neha,Martin,Chennai,Maharashtra,2021-09-07,New
10898,Arjun,Brown,Hyderabad,Rajasthan,2024-09-16,Premium
10899,Arjun,Taylor,Jaipur,Tamil Nadu,2022-02-21,New
10900,Kavya,Verma,Chennai,Tamil Nadu,2022-08-03,Regular
10901,Aarav,Reddy,Delhi,Tamil Nadu,2022-02-16,Regular
10902,Aarav,Sharma,Pune,Tamil Nadu,2024-07-27,New
10903,Sanjay,Sharma,Kolkata,Delhi,2023-11-29,Regular
10904,Olivia,Smith,Visakhapatnam,West Bengal,2023-01-29,Regular
10905,Priya,Brown,Mumbai,Karnataka,2024-07-02,Regular
10906,Aisha,Martin,Vijayawada,Rajasthan,2021-04-24,Regular
10907,Ananya,Lewis,Chennai,Tamil Nadu,2023-12-22,New
10908,Vikram,Patel,Bengaluru,Telangana,2022-08-02,New
10909,Kiran,White,Bengaluru,West Bengal,2022-08-30,New
10910,Arjun,Walker,Mumbai,Karnataka,2021-09-11,Premium
10911,Riya,Wilson,Delhi,Andhra Pradesh,2021-06-05,Regular
10912,Vikram,Brown,Vijayawada,Rajasthan,2024-01-15,Regular
10913,Kiran,Patel,Visakhapatnam,West Bengal,2024-09-22,Regular
10914,Sophia,Patel,Delhi,Andhra Pradesh,2024-12-29,Regular
10915,Sneha,Sharma,Pune,Maharashtra,2022-01-25,New
10916,Priya,Wilson,Bengaluru,Tamil Nadu,2024-05-05,New
10917,Neha,Verma,Jaipur,Delhi,2021-06-27,Regular
10918,Riya,Patel,Mumbai,Tamil Nadu,2024-05-30,New
10919,Aditya,Kumar,Vijayawada,Rajasthan,2023-06-25,Premium
10920,Kavya,Reddy,Kolkata,Maharashtra,2024-10-10,New
10921,Olivia,Wilson,Jaipur,Maharashtra,2021-04-19,Regular
10922,Sneha,Taylor,Jaipur,West Bengal,2024-05-27,Regular
10923,Ananya,Wilson,Vijayawada,Karnataka,2023-01-18,Regular
10924,Rahul,Kumar,Kolkata,Delhi,2023-06-29,Premium
10925,Sanjay,Sharma,Bengaluru,Andhra Pradesh,2023-05-13,Regular
10926,Daniel,Kumar,Hyderabad,Andhra Pradesh,2024-02-17,New
10927,Neha,Thomas,Delhi,Karnataka,2023-08-17,Regular
10928,Rohan,Martin,Vijayawada,Telangana,2022-10-28,New
10929,Ananya,Gupta,Vijayawada,Karnataka,2022-11-28,New
10930,Sneha,Reddy,,Andhra Pradesh,2021-04-24,Regular
10931,Neha,Rao,Delhi,Tamil Nadu,2024-03-04,New
10932,Meera,Clark,Visakhapatnam,Telangana,2024-02-03,New
10933,Aditya,Kumar,Hyderabad,Delhi,2023-06-27,Regular
10934,Kavya,Thomas,Mumbai,Rajasthan,2024-02-29,Regular
10935,Ananya,Mehta,Jaipur,Karnataka,2022-03-07,Premium
10936,Daniel,Kumar,Bengaluru,Telangana,2021-12-24,New
10937,Vikram,Walker,Mumbai,Karnataka,2025-01-19,Regular
10938,Rahul,Brown,Pune,Karnataka,2025-03-07,Regular
10939,Priya,Taylor,Kolkata,Karnataka,2024-09-26,Regular
10940,Neha,Reddy,Chennai,Karnataka,2021-03-26,New
10941,Meera,Nair,Vijayawada,West Bengal,2023-05-29,Regular
10942,Ananya,Wilson,Chennai,Karnataka,2024-03-23,Regular
10943,Daniel,Wilson,Mumbai,Delhi,2021-03-01,New
10944,Priya,Reddy,Delhi,Maharashtra,2025-03-30,New
10945,Rahul,Wilson,Hyderabad,West Bengal,2024-06-13,Regular
10946,Rahul,Walker,Vijayawada,West Bengal,2022-05-10,New
10947,Sophia,Thomas,Kolkata,Delhi,2023-03-22,New
10948,Rahul,Singh,Visakhapatnam,Rajasthan,2024-12-30,Regular
10949,Daniel,Walker,Chennai,Karnataka,2024-09-27,New
10950,Aditya,Taylor,Mumbai,Delhi,2024-08-15,New
10951,Arjun,Reddy,Visakhapatnam,Maharashtra,2025-04-24,Regular
10952,Rohan,Kumar,Hyderabad,Delhi,2024-04-05,Premium
10953,Kavya,Walker,Pune,Karnataka,2025-02-05,Regular
10954,Ananya,Singh,Pune,Tamil Nadu,2025-03-07,New
10955,Riya,Reddy,Pune,Rajasthan,2021-02-01,New
10956,Kavya,Mehta,Pune,Andhra Pradesh,2023-11-13,Premium
10957,Ananya,Brown,Vijayawada,Maharashtra,2022-06-19,Regular
10958,Kavya,Smith,Bengaluru,Telangana,2023-03-03,Regular
10959,Sophia,Taylor,Visakhapatnam,West Bengal,2021-09-26,New
10960,Ananya,White,Visakhapatnam,Tamil Nadu,2023-12-18,New
10961,Vikram,Thomas,Bengaluru,Tamil Nadu,2024-08-28,New
10962,Ananya,Sharma,Jaipur,Telangana,2022-10-21,Regular
10963,Emma,Reddy,Chennai,Tamil Nadu,2024-01-23,Premium
10964,Sanjay,Sharma,Hyderabad,Karnataka,2022-06-04,New
10965,Daniel,Nair,Mumbai,Telangana,2024-04-14,Regular
10966,Sneha,Nair,Vijayawada,Delhi,2021-05-12,Premium
10967,Kavya,Walker,Visakhapatnam,Rajasthan,2024-11-09,Premium
10968,Rohan,Nair,Kolkata,Karnataka,2022-08-28,Regular
10969,Daniel,Sharma,Visakhapatnam,Telangana,2023-03-19,New
10970,Aarav,Lewis,Chennai,Telangana,2024-07-09,Premium
10971,Aditya,Gupta,Visakhapatnam,Delhi,2021-02-17,New
10972,Ananya,Walker,Kolkata,Andhra Pradesh,2025-02-21,New
10973,Priya,Thomas,Bengaluru,Tamil Nadu,2023-09-11,New
10974,Priya,Lewis,Bengaluru,Telangana,2025-04-10,Regular
10975,Rahul,Clark,Chennai,Telangana,2023-06-01,New
10976,Sanjay,Kumar,Hyderabad,Delhi,2021-11-27,Regular
10977,Arjun,Wilson,Chennai,Tamil Nadu,2023-07-21,Premium
10978,Sneha,Verma,Jaipur,Tamil Nadu,2023-07-04,Regular
10979,Kiran,Wilson,Chennai,Karnataka,2025-01-13,Premium
10980,Sneha,Martin,Kolkata,Rajasthan,2023-07-11,Premium
10981,Sneha,Brown,Jaipur,Tamil Nadu,2022-10-13,Regular
10982,Aisha,Rao,Chennai,West Bengal,2021-10-09,Regular
10983,Neha,Walker,Kolkata,West Bengal,2022-06-06,Premium
10984,Kavya,Taylor,Pune,Telangana,2023-07-20,Regular
10985,Sneha,Lewis,Chennai,Karnataka,2022-08-14,New
10986,Meera,Singh,Jaipur,Rajasthan,2022-08-04,Premium
10987,Kavya,Clark,Kolkata,Rajasthan,2021-01-24,Regular
10988,Rohan,Rao,Pune,Maharashtra,2025-02-16,Premium
10989,Sanjay,Mehta,Visakhapatnam,Karnataka,2024-08-31,Regular
10990,Riya,Lewis,Jaipur,Tamil Nadu,2022-02-13,New
10991,Rohan,Nair,Vijayawada,Rajasthan,2021-08-08,Regular
10992,Neha,Gupta,Visakhapatnam,West Bengal,2024-08-28,Regular
10993,Vikram,Walker,Mumbai,Telangana,2024-08-31,Regular
10994,Ananya,White,Mumbai,West Bengal,2024-12-05,Premium
10995,Neha,Rao,Chennai,Karnataka,2023-05-26,Regular
10996,Kavya,Rao,Kolkata,Tamil Nadu,2024-03-23,New
10997,Neha,Singh,Visakhapatnam,Maharashtra,2024-03-13,Regular
10998,Kiran,Sharma,Kolkata,Tamil Nadu,2021-12-10,New
10999,Sophia,Smith,Delhi,West Bengal,2023-04-19,Regular
11000,Neha,Gupta,Vijayawada,Karnataka,2022-02-21,New
11001,Emma,Clark,Bengaluru,Rajasthan,2024-04-21,New
11002,Aisha,Patel,Mumbai,Delhi,2025-04-03,Premium
11003,Sneha,Wilson,Vijayawada,Tamil Nadu,2021-05-03,New
11004,Olivia,Brown,Hyderabad,Rajasthan,2021-05-02,Regular
11005,Rahul,Wilson,Jaipur,Maharashtra,2022-02-27,Regular
11006,Daniel,Kumar,Bengaluru,Maharashtra,2021-07-07,New
11007,Olivia,Mehta,Vijayawada,Telangana,2021-01-15,Premium
11008,Neha,Wilson,Kolkata,Rajasthan,2025-04-15,New
11009,Aisha,Rao,Visakhapatnam,Andhra Pradesh,2023-07-21,Regular
11010,Neha,Lewis,Vijayawada,Karnataka,2024-05-28,Regular
11011,Aditya,Brown,Delhi,Rajasthan,2023-06-25,Regular
11012,Riya,Nair,Vijayawada,Andhra Pradesh,2024-04-09,New
11013,Sanjay,Sharma,Mumbai,Maharashtra,2024-01-03,Regular
11014,Rohan,Patel,Delhi,Rajasthan,2021-09-14,Premium
11015,Neha,Mehta,Jaipur,Delhi,2021-08-29,Regular
11016,Emma,Verma,Hyderabad,West Bengal,2023-02-22,Regular
11017,Kiran,Lewis,Mumbai,Karnataka,2022-08-17,Regular
11018,Priya,Thomas,Hyderabad,Telangana,2024-09-07,Regular
11019,Aarav,Patel,Delhi,Delhi,2022-05-05,Regular
11020,Rahul,Smith,Vijayawada,Tamil Nadu,2022-06-11,New
11021,Arjun,Mehta,Hyderabad,Rajasthan,2023-04-27,Regular
11022,Arjun,Kumar,Delhi,Telangana,2021-11-05,New
11023,Olivia,Taylor,Pune,Andhra Pradesh,2024-10-05,New
11024,Emma,Brown,Vijayawada,Delhi,2021-01-18,Regular
11025,Emma,Reddy,Chennai,Rajasthan,2024-09-18,New
11026,Arjun,Mehta,Bengaluru,Rajasthan,2023-09-24,Regular
11027,Arjun,Martin,Hyderabad,Andhra Pradesh,2024-11-21,Regular
11028,Aditya,Rao,Pune,Tamil Nadu,2022-04-16,New
11029,Sneha,Nair,Pune,West Bengal,2024-12-11,New
11030,Rohan,Kumar,Jaipur,Karnataka,2024-10-13,New
11031,Priya,Singh,Pune,Maharashtra,2023-01-01,Regular
11032,Vikram,White,Bengaluru,Tamil Nadu,2022-03-30,New
11033,Aisha,Wilson,Kolkata,Tamil Nadu,2021-11-12,Regular
11034,Rohan,Patel,Hyderabad,Delhi,2021-08-31,Regular
11035,Arjun,Mehta,Mumbai,Karnataka,2023-07-22,Regular
11036,Aisha,Patel,Kolkata,Delhi,2025-03-17,New
11037,Daniel,Verma,Chennai,Maharashtra,2023-06-25,New
11038,Aarav,Kumar,Delhi,Karnataka,2025-03-24,New
11039,Ananya,Wilson,Pune,Delhi,2024-04-24,New
11040,Emma,Smith,Jaipur,Andhra Pradesh,2024-01-02,Premium
11041,Aisha,Wilson,Chennai,Delhi,2024-03-05,New
11042,Olivia,Verma,Jaipur,Telangana,2025-01-25,New
11043,Ananya,Gupta,Kolkata,Delhi,2024-10-04,Regular
11044,Kiran,Singh,Vijayawada,Delhi,2021-09-16,Premium
11045,Aisha,Singh,Bengaluru,West Bengal,2023-07-25,Regular
11046,Vikram,Verma,Hyderabad,Maharashtra,2023-01-07,Regular
11047,Sanjay,Mehta,Vijayawada,Telangana,2024-11-07,New
11048,Kavya,Taylor,Pune,Karnataka,2021-11-23,Regular
11049,Meera,Reddy,Mumbai,Tamil Nadu,2024-08-04,Regular
11050,Rahul,Gupta,Visakhapatnam,West Bengal,2023-02-06,Regular
11051,Neha,Lewis,Mumbai,West Bengal,2025-01-31,New
11052,Kiran,Walker,Pune,West Bengal,2024-06-19,Regular
11053,Neha,Walker,Vijayawada,Tamil Nadu,2022-07-06,Regular
11054,Sophia,Rao,Jaipur,Maharashtra,2024-09-13,New
11055,Arjun,Kumar,Visakhapatnam,Telangana,2021-10-27,Regular
11056,Sophia,Patel,Kolkata,Andhra Pradesh,2021-01-07,New
11057,Ananya,Kumar,Bengaluru,Tamil Nadu,2023-03-22,Regular
11058,Riya,White,Bengaluru,Delhi,2022-09-16,New
11059,Ananya,Lewis,Kolkata,Maharashtra,2021-07-21,Premium
11060,Rohan,Clark,Delhi,Tamil Nadu,2025-05-10,Regular
11061,Riya,Martin,Bengaluru,Karnataka,2021-03-04,Regular
11062,Meera,Rao,Kolkata,Rajasthan,2023-08-01,Regular
11063,Rahul,Mehta,Jaipur,Telangana,2022-02-22,Regular
11064,Aisha,Clark,Hyderabad,Rajasthan,2022-04-19,New
11065,Riya,Clark,Visakhapatnam,Telangana,2021-12-04,Regular
11066,Kiran,Brown,Mumbai,Telangana,2022-09-15,New
11067,Daniel,Clark,Mumbai,Rajasthan,2023-12-04,New
11068,Kavya,Rao,Vijayawada,Rajasthan,2022-06-01,Regular
11069,Rohan,Verma,Chennai,Rajasthan,2024-02-29,New
11070,Aarav,Clark,Bengaluru,Andhra Pradesh,2022-12-18,Regular
11071,Meera,Nair,Jaipur,Maharashtra,2024-06-10,Premium
11072,Sanjay,Thomas,Mumbai,Telangana,2022-12-13,Regular
11073,Riya,Mehta,Bengaluru,Delhi,2022-08-08,New
11074,Neha,Gupta,Kolkata,Delhi,2023-03-22,Regular
11075,Priya,Singh,Chennai,West Bengal,2024-01-04,Regular
11076,Vikram,Wilson,Vijayawada,Telangana,2023-01-14,Regular
11077,Aisha,Mehta,Hyderabad,Telangana,2024-12-20,New
11078,Vikram,Nair,Delhi,Delhi,2023-04-06,New
11079,Ananya,Martin,Pune,Andhra Pradesh,2022-04-19,Regular
11080,Emma,Sharma,Jaipur,Rajasthan,2021-02-14,New
11081,Daniel,Reddy,Delhi,Delhi,2022-09-21,New
11082,Sophia,White,Jaipur,Tamil Nadu,2021-03-29,Regular
11083,Sophia,Taylor,Chennai,Maharashtra,2021-02-27,Regular
11084,Sneha,Brown,Pune,Delhi,2022-08-17,New
11085,Sanjay,Sharma,Visakhapatnam,Delhi,2022-04-10,Premium
11086,Emma,Smith,Bengaluru,Karnataka,2024-11-16,New
11087,Emma,Verma,Jaipur,Maharashtra,2024-03-14,New
11088,Sophia,Smith,Vijayawada,Delhi,2024-06-19,New
11089,Meera,Sharma,Kolkata,Andhra Pradesh,2023-05-23,New
11090,Rahul,Smith,Chennai,Andhra Pradesh,2021-06-26,Regular
11091,Neha,Smith,Visakhapatnam,Andhra Pradesh,2024-09-23,New
11092,Ananya,Gupta,Visakhapatnam,Karnataka,2023-03-03,Premium
11093,Emma,Reddy,Chennai,Maharashtra,2022-11-18,Premium
11094,Kiran,White,Delhi,Delhi,2023-08-26,New
11095,Rohan,Martin,Hyderabad,Rajasthan,2021-09-19,Regular
11096,Arjun,Wilson,Mumbai,Tamil Nadu,2023-02-09,Regular
11097,Emma,Thomas,Bengaluru,Rajasthan,2023-08-28,Regular
11098,Riya,Taylor,Delhi,West Bengal,2024-01-22,New
11099,Aarav,Kumar,Delhi,West Bengal,2023-03-12,Regular
11100,Ananya,Mehta,Delhi,West Bengal,2025-05-15,New
11101,Priya,Lewis,Kolkata,Andhra Pradesh,2025-05-04,New
11102,Priya,Gupta,Jaipur,West Bengal,2021-06-04,Premium
11103,Daniel,White,Bengaluru,West Bengal,2021-05-13,New
11104,Vikram,Reddy,Chennai,Maharashtra,2023-04-05,Regular
11105,Rohan,Rao,Chennai,Maharashtra,2024-08-17,New
11106,Vikram,Nair,Jaipur,Delhi,2023-03-31,Premium
11107,Sanjay,Wilson,Hyderabad,Andhra Pradesh,2021-12-14,Regular
11108,Daniel,Patel,Hyderabad,West Bengal,2023-06-19,New
11109,Daniel,Singh,Bengaluru,Rajasthan,2025-02-17,Regular
11110,Aarav,Taylor,Vijayawada,West Bengal,2021-09-25,New
11111,Kavya,Gupta,Delhi,Maharashtra,2022-12-14,New
11112,Sanjay,Lewis,Jaipur,Delhi,2023-10-19,Regular
11113,Vikram,Lewis,Chennai,Delhi,2022-09-22,Premium
11114,Aditya,Rao,Mumbai,Andhra Pradesh,2021-03-12,Regular
11115,Vikram,Smith,Delhi,Tamil Nadu,2023-12-08,New
11116,Priya,Rao,Hyderabad,Karnataka,2024-03-31,New
11117,Sophia,Rao,Jaipur,Karnataka,2023-11-15,Regular
11118,Sneha,Taylor,Visakhapatnam,Telangana,2023-11-28,New
11119,Aisha,Gupta,Bengaluru,West Bengal,2023-11-17,Regular
11120,Priya,Kumar,Visakhapatnam,Rajasthan,2022-06-13,Regular
11121,Aarav,Gupta,Pune,Delhi,2021-01-27,Premium
11122,Arjun,Walker,Mumbai,Telangana,2025-05-02,Regular
11123,Aditya,Gupta,Jaipur,Tamil Nadu,2021-11-24,Premium
11124,Sanjay,Nair,Delhi,Rajasthan,2024-08-19,Regular
11125,Emma,Wilson,Chennai,Telangana,2023-05-16,Regular
11126,Emma,Kumar,Visakhapatnam,Delhi,2023-05-14,New
11127,Olivia,Gupta,Vijayawada,Maharashtra,2021-02-03,Regular
11128,Kavya,Patel,Bengaluru,Rajasthan,2025-05-04,New
11129,Sneha,Walker,Kolkata,Delhi,2023-04-26,New
11130,Kavya,Walker,Kolkata,Delhi,2024-08-21,Regular
11131,Ananya,Thomas,Chennai,West Bengal,2024-05-29,New
11132,Meera,Singh,Pune,Andhra Pradesh,2021-08-09,Premium
11133,Riya,Wilson,Visakhapatnam,Delhi,2025-02-25,Regular
11134,Riya,Taylor,Bengaluru,West Bengal,2023-08-04,Regular
11135,Kavya,Lewis,Vijayawada,Andhra Pradesh,2021-10-24,Regular
11136,Arjun,Patel,Visakhapatnam,Delhi,2023-07-19,New
11137,Aisha,Martin,Jaipur,West Bengal,2023-09-14,New
11138,Kiran,Patel,Mumbai,Tamil Nadu,2023-11-11,New
11139,Aisha,Smith,Chennai,Tamil Nadu,2022-05-30,Regular
11140,Neha,Lewis,Jaipur,Telangana,2025-02-14,Regular
11141,Olivia,Reddy,Pune,West Bengal,2022-01-15,New
11142,Rohan,Kumar,Delhi,Tamil Nadu,2023-02-27,New
11143,Daniel,Clark,Delhi,Andhra Pradesh,2024-09-03,New
11144,Emma,Sharma,Delhi,Rajasthan,2021-05-04,Regular
11145,Rohan,Taylor,Kolkata,Rajasthan,2022-10-08,New
11146,Priya,Brown,Pune,Tamil Nadu,2023-02-06,Regular
11147,Neha,Rao,Mumbai,West Bengal,2024-05-21,New
11148,Riya,Lewis,Pune,Andhra Pradesh,2024-06-14,New
11149,Meera,Clark,Kolkata,Delhi,2024-06-29,Regular
11150,Olivia,Rao,Visakhapatnam,Delhi,2022-07-28,Premium
11151,Kiran,Sharma,Delhi,Maharashtra,2023-02-26,New
11152,Neha,Kumar,Kolkata,Tamil Nadu,2021-02-13,New
11153,Ananya,Kumar,Pune,Delhi,2024-08-09,New
11154,Daniel,White,Vijayawada,Rajasthan,2022-05-01,Regular
11155,Rohan,Smith,Mumbai,Karnataka,2023-01-18,Regular
11156,Sneha,Taylor,Pune,Telangana,2023-12-28,Regular
11157,Rahul,Singh,Hyderabad,Telangana,2024-05-27,Regular
11158,Olivia,Lewis,Chennai,Delhi,2021-05-18,Premium
11159,Kiran,Martin,Vijayawada,Tamil Nadu,2024-05-12,New
11160,Rohan,Thomas,Hyderabad,Maharashtra,2022-08-25,New
11161,Sneha,Mehta,Chennai,Rajasthan,2022-10-31,Regular
11162,Priya,Taylor,Vijayawada,Telangana,2021-08-02,Regular
11163,Emma,Brown,Visakhapatnam,Karnataka,2024-02-21,New
11164,Neha,Nair,Pune,Karnataka,2023-02-01,Premium
11165,Neha,Smith,Pune,Maharashtra,2021-06-16,Regular
11166,Rahul,Rao,Delhi,West Bengal,2021-08-15,Premium
11167,Aarav,White,Vijayawada,Karnataka,2024-02-29,Premium
11168,Kiran,Martin,Pune,Telangana,2021-06-24,Regular
11169,Sophia,Martin,Bengaluru,Telangana,2023-04-14,Premium
11170,Daniel,Martin,Pune,Andhra Pradesh,2024-01-22,Regular
11171,Kavya,Verma,Chennai,Telangana,2024-12-30,Regular
11172,Kavya,White,Kolkata,West Bengal,2021-09-10,Regular
11173,Kiran,Singh,Bengaluru,Delhi,2022-04-19,Premium
11174,Vikram,Smith,Kolkata,Telangana,2021-09-05,Regular
11175,Aarav,Reddy,Bengaluru,Delhi,2024-11-08,Regular
11176,Rohan,Gupta,Jaipur,Tamil Nadu,2023-08-07,New
11177,Rohan,Smith,Kolkata,Delhi,2025-04-23,Regular
11178,Vikram,Mehta,Bengaluru,Karnataka,2021-03-11,Regular
11179,Aditya,Walker,Jaipur,West Bengal,2024-02-04,Regular
11180,Aarav,Wilson,Delhi,Andhra Pradesh,2021-02-22,Regular
11181,Kavya,Verma,Kolkata,Telangana,2021-06-24,Regular
11182,Daniel,Verma,Hyderabad,Delhi,2022-11-22,New
11183,Meera,Wilson,Bengaluru,West Bengal,2022-08-10,Regular
11184,Ananya,Thomas,Visakhapatnam,Telangana,2022-08-08,New
11185,Ananya,Gupta,Pune,West Bengal,2021-04-19,New
11186,Rohan,Smith,Kolkata,Delhi,2023-05-22,New
11187,Rahul,Smith,Jaipur,Tamil Nadu,2022-06-30,Regular
11188,Sneha,Sharma,Pune,Maharashtra,2025-05-09,New
11189,Sneha,Walker,Mumbai,West Bengal,2024-06-17,New
11190,Aarav,Smith,Visakhapatnam,West Bengal,2022-11-27,Premium
11191,Ananya,Singh,Hyderabad,Andhra Pradesh,2024-05-09,Regular
11192,Aditya,Wilson,Pune,Telangana,2023-07-11,Premium
11193,Vikram,Taylor,Visakhapatnam,Andhra Pradesh,2023-03-04,Regular
11194,Aisha,Walker,Chennai,Telangana,2025-01-10,New
11195,Neha,Sharma,Mumbai,West Bengal,2023-07-29,Regular
11196,Kavya,Verma,Pune,Tamil Nadu,2023-02-13,Regular
11197,Aisha,Patel,Hyderabad,Telangana,2023-06-26,Premium
11198,Sophia,Smith,Hyderabad,West Bengal,2024-06-03,New
11199,Emma,Brown,Chennai,Delhi,2024-04-01,Regular
11200,Kavya,Mehta,Visakhapatnam,West Bengal,2023-05-28,Regular
11201,Olivia,White,Chennai,Maharashtra,2021-10-10,Regular
11202,Priya,Brown,Vijayawada,Tamil Nadu,2023-10-17,New
11203,Sophia,Verma,Pune,Delhi,2022-11-21,Regular
11204,Riya,Reddy,Vijayawada,Karnataka,2025-02-01,New
11205,Meera,Gupta,Mumbai,Andhra Pradesh,2024-12-24,Regular
11206,Daniel,Lewis,Visakhapatnam,West Bengal,2021-01-02,New
11207,Neha,Mehta,Mumbai,Rajasthan,2025-05-18,Regular
11208,Aisha,Walker,Vijayawada,Telangana,2024-12-12,Regular
11209,Aditya,Brown,Visakhapatnam,Delhi,2024-12-22,Regular
11210,Sophia,Brown,Pune,Delhi,2023-03-08,Regular
11211,Kavya,Verma,Kolkata,Andhra Pradesh,2022-03-09,Regular
11212,Riya,Smith,Bengaluru,Maharashtra,2023-08-29,New
11213,Priya,Reddy,Pune,Rajasthan,2024-11-13,Regular
11214,Olivia,Reddy,Mumbai,Karnataka,2022-12-22,Regular
11215,Arjun,Mehta,Jaipur,Andhra Pradesh,2025-04-26,Regular
11216,Rahul,Smith,Jaipur,Delhi,2022-02-22,New
11217,Neha,Smith,Vijayawada,Rajasthan,2024-09-26,Regular
11218,Aisha,Verma,Jaipur,Karnataka,2021-04-16,Regular
11219,Emma,Gupta,Jaipur,Tamil Nadu,2024-09-05,Premium
11220,Ananya,Martin,Vijayawada,Delhi,2025-02-21,Premium
11221,Kavya,Wilson,Delhi,Delhi,2024-01-30,Regular
11222,Sneha,Sharma,Chennai,Karnataka,2023-09-26,New
11223,Sophia,Mehta,Visakhapatnam,West Bengal,2022-10-21,Regular
11224,Meera,Martin,Bengaluru,Maharashtra,2024-10-29,New
11225,Ananya,Thomas,Bengaluru,Karnataka,2021-07-22,Regular
11226,Sophia,Gupta,Visakhapatnam,Delhi,2022-04-11,New
11227,Rahul,Walker,Bengaluru,West Bengal,2021-07-29,Premium
11228,Sophia,Taylor,Bengaluru,Telangana,2022-03-21,New
11229,Vikram,Verma,Delhi,Rajasthan,2023-04-18,New
11230,Aditya,Wilson,Delhi,Delhi,2022-06-22,Regular
11231,Emma,Lewis,Hyderabad,Tamil Nadu,2022-11-04,New
11232,Aisha,Singh,Mumbai,Andhra Pradesh,2022-01-05,New
11233,Sophia,Patel,Chennai,Andhra Pradesh,2022-07-19,Regular
11234,Aisha,Verma,Mumbai,Rajasthan,2023-03-08,Premium
11235,Kavya,Reddy,Bengaluru,Andhra Pradesh,2021-12-09,New
11236,Rohan,Clark,Kolkata,Karnataka,2025-02-06,Regular
11237,Aarav,White,Pune,Karnataka,2024-12-06,New
11238,Rahul,Wilson,Jaipur,Karnataka,2024-11-02,Regular
11239,Aditya,White,Hyderabad,Rajasthan,2021-01-03,New
11240,Aarav,Reddy,Vijayawada,Tamil Nadu,2023-03-04,Regular
11241,Neha,Wilson,Jaipur,Tamil Nadu,2024-06-26,Regular
11242,Riya,Verma,Pune,Rajasthan,2022-07-13,Premium
11243,Sophia,Gupta,Kolkata,Karnataka,2022-01-06,Regular
11244,Priya,Rao,Pune,Maharashtra,2023-09-06,Regular
11245,Olivia,Brown,Delhi,Tamil Nadu,2021-01-04,Regular
11246,Sophia,Wilson,Jaipur,Tamil Nadu,2023-09-07,New
11247,Olivia,Patel,Delhi,Delhi,2022-12-24,New
11248,Priya,Wilson,Delhi,West Bengal,2023-12-31,Regular
11249,Rohan,Walker,Jaipur,Tamil Nadu,2023-12-29,New
11250,Sophia,Sharma,Pune,Telangana,2023-05-07,New
11251,Sanjay,Lewis,Bengaluru,West Bengal,2023-07-24,Regular
11252,Ananya,Wilson,Kolkata,Delhi,2021-02-12,New
11253,Arjun,Rao,Kolkata,West Bengal,2025-04-20,New
11254,Riya,Martin,Chennai,Maharashtra,2021-05-02,Regular
11255,Kavya,Wilson,Vijayawada,Andhra Pradesh,2025-04-12,Regular
11256,Arjun,Thomas,Hyderabad,Delhi,2025-04-08,New
11257,Sanjay,Reddy,Mumbai,Andhra Pradesh,2024-02-23,Regular
11258,Sneha,Reddy,Visakhapatnam,West Bengal,2024-04-08,New
11259,Neha,Wilson,Kolkata,Maharashtra,2021-02-17,Premium
11260,Emma,Rao,Kolkata,Tamil Nadu,2025-02-26,Regular
11261,Aditya,Singh,Kolkata,Delhi,2023-04-26,Regular
11262,Daniel,Verma,Bengaluru,West Bengal,2022-06-28,Regular
11263,Ananya,Martin,Jaipur,Delhi,2023-12-08,Regular
11264,Emma,Patel,Chennai,Delhi,2023-05-06,Regular
11265,Sanjay,White,Vijayawada,Tamil Nadu,2022-08-02,Regular
11266,Aarav,Verma,Jaipur,Karnataka,2022-05-31,Premium
11267,Arjun,Patel,Chennai,Maharashtra,2021-07-09,Premium
11268,Kiran,Reddy,Kolkata,Rajasthan,2024-12-25,Regular
11269,Sophia,Lewis,Hyderabad,West Bengal,2023-12-02,Regular
11270,Aarav,Kumar,Kolkata,Andhra Pradesh,2022-04-06,New
11271,Kiran,Verma,Pune,West Bengal,2024-03-03,Regular
11272,Rahul,Taylor,Hyderabad,Rajasthan,2024-01-16,Regular
11273,Daniel,Brown,Kolkata,Karnataka,2021-08-12,New
11274,Meera,Gupta,Jaipur,West Bengal,2021-10-08,Premium
11275,Riya,Kumar,Hyderabad,Telangana,2022-01-05,Regular
11276,Aisha,Martin,Visakhapatnam,Karnataka,2021-06-18,Premium
11277,Meera,Mehta,Visakhapatnam,Telangana,2024-08-09,Regular
11278,Riya,Sharma,Delhi,Maharashtra,2021-09-07,Regular
11279,Aarav,Patel,Jaipur,Karnataka,2024-07-22,Regular
11280,Olivia,Smith,Mumbai,Maharashtra,2023-04-28,New
11281,Aisha,Patel,Vijayawada,Karnataka,2021-07-06,Premium
11282,Aisha,Nair,Kolkata,Telangana,2024-09-13,New
11283,Kiran,Kumar,Delhi,Maharashtra,2021-10-05,Regular
11284,Emma,Thomas,Visakhapatnam,Maharashtra,2025-05-18,Regular
11285,Kiran,Wilson,Visakhapatnam,Maharashtra,2021-01-23,New
11286,Aarav,Thomas,Vijayawada,Tamil Nadu,2023-09-24,New
11287,Daniel,Reddy,Delhi,Maharashtra,2022-05-17,Regular
11288,Sanjay,Nair,Jaipur,Telangana,2023-05-04,New
11289,Rahul,Gupta,Delhi,Maharashtra,2024-09-05,Premium
11290,Kavya,Wilson,Kolkata,Andhra Pradesh,2024-06-13,New
11291,Sanjay,Clark,Bengaluru,Karnataka,2022-03-27,Regular
11292,Olivia,Singh,Mumbai,Karnataka,2021-04-12,New
11293,Ananya,Thomas,Jaipur,Andhra Pradesh,2022-03-30,New
11294,Aarav,Smith,Pune,Delhi,2024-07-19,New
11295,Sophia,Clark,Delhi,Tamil Nadu,2023-04-05,Premium
11296,Neha,Reddy,Visakhapatnam,Andhra Pradesh,2024-04-28,Regular
11297,Aditya,White,Mumbai,Tamil Nadu,2023-03-03,Premium
11298,Meera,Verma,Chennai,Delhi,2023-04-28,Regular
11299,Neha,Gupta,Hyderabad,Delhi,2021-04-14,New
11300,Aarav,Patel,Chennai,Karnataka,2021-02-06,New
11301,Riya,White,Delhi,Andhra Pradesh,2024-01-31,Regular
11302,Ananya,Lewis,Vijayawada,Delhi,2021-11-20,New
11303,Meera,Kumar,Mumbai,Karnataka,2022-08-01,New
11304,Olivia,Verma,Pune,Andhra Pradesh,2022-08-15,Regular
11305,Kavya,Martin,Chennai,Delhi,2023-10-11,New
11306,Meera,Smith,Visakhapatnam,Andhra Pradesh,2025-02-14,Regular
11307,Aditya,Patel,Delhi,Andhra Pradesh,2024-04-27,Regular
11308,Sanjay,Nair,Bengaluru,Tamil Nadu,2023-10-19,Regular
11309,Ananya,Nair,Kolkata,Rajasthan,2024-08-28,Regular
11310,Olivia,Gupta,Mumbai,Telangana,2023-03-28,Regular
11311,Neha,White,Visakhapatnam,Tamil Nadu,2021-08-21,Regular
11312,Rohan,Singh,,Delhi,2023-02-21,New
11313,Riya,Martin,Visakhapatnam,Delhi,2025-04-14,New
11314,Olivia,Walker,Kolkata,Karnataka,2024-06-01,New
11315,Daniel,Thomas,Bengaluru,Karnataka,2022-07-14,Regular
11316,Aditya,Thomas,Vijayawada,Andhra Pradesh,2022-06-02,Regular
11317,Aisha,Patel,Vijayawada,Rajasthan,2025-01-08,Regular
11318,Sneha,Kumar,Pune,West Bengal,2021-06-01,New
11319,Ananya,Thomas,Bengaluru,Delhi,2025-02-01,New
11320,Kiran,Martin,Pune,Andhra Pradesh,2023-12-20,New
11321,Rahul,Martin,Kolkata,Karnataka,2024-07-16,Premium
11322,Aditya,Verma,Bengaluru,Rajasthan,2022-06-11,New
11323,Neha,Brown,Mumbai,Telangana,2023-11-04,Regular
11324,Olivia,Sharma,Vijayawada,Delhi,2022-06-05,New
11325,Olivia,Gupta,Delhi,Tamil Nadu,2021-01-28,Regular
11326,Vikram,Brown,Jaipur,Rajasthan,2022-12-29,Regular
11327,Meera,Kumar,Chennai,Karnataka,2025-04-17,New
11328,Arjun,Kumar,Vijayawada,West Bengal,2022-01-24,Regular
11329,Meera,Sharma,Pune,Karnataka,2021-09-17,Regular
11330,Rohan,Singh,Chennai,Karnataka,2025-01-14,Regular
11331,Ananya,White,Jaipur,Maharashtra,2024-12-27,Premium
11332,Aisha,Taylor,Kolkata,Andhra Pradesh,2024-09-17,Premium
11333,Ananya,Walker,Delhi,Tamil Nadu,2025-04-12,Regular
11334,Emma,Gupta,Chennai,West Bengal,2025-05-05,Premium
11335,Neha,Smith,Visakhapatnam,Delhi,2025-01-09,Regular
11336,Sophia,Lewis,Hyderabad,Rajasthan,2025-03-24,Regular
11337,Kavya,Nair,Bengaluru,Tamil Nadu,2024-04-06,Regular
11338,Aditya,Taylor,Bengaluru,Karnataka,2022-05-19,Regular
11339,Riya,Taylor,Kolkata,Rajasthan,2023-01-04,Regular
11340,Ananya,Clark,Bengaluru,Tamil Nadu,2022-09-01,Regular
11341,Neha,White,Vijayawada,Karnataka,2023-03-27,Regular
11342,Rahul,Wilson,Bengaluru,Andhra Pradesh,2024-01-23,Premium
11343,Rahul,Smith,Kolkata,Andhra Pradesh,2022-01-22,New
11344,Sneha,Lewis,Vijayawada,Telangana,2021-01-26,Regular
11345,Vikram,Taylor,Visakhapatnam,Andhra Pradesh,2023-08-23,Regular
11346,Sophia,Nair,Chennai,West Bengal,2025-05-10,Premium
11347,Olivia,Wilson,Hyderabad,Tamil Nadu,2024-10-10,Regular
11348,Aisha,Brown,Vijayawada,Delhi,2021-01-18,New
11349,Aisha,Singh,Pune,Karnataka,2023-08-16,New
11350,Sneha,Brown,Jaipur,Karnataka,2023-05-01,New
11351,Arjun,Wilson,Bengaluru,Karnataka,2022-11-11,New
11352,Kiran,Walker,Delhi,Karnataka,2023-12-06,New
11353,Priya,Smith,Bengaluru,Delhi,2022-11-14,New
11354,Daniel,Patel,Pune,Andhra Pradesh,2025-01-02,Premium
11355,Sanjay,White,Hyderabad,Maharashtra,2024-12-23,Regular
11356,Priya,Smith,Vijayawada,Telangana,2023-10-28,Regular
11357,Rohan,Gupta,Kolkata,Maharashtra,2023-01-04,Regular
11358,Rahul,Thomas,Hyderabad,West Bengal,2023-08-14,New
11359,Rahul,Nair,Pune,Andhra Pradesh,2024-12-11,Regular
11360,Kiran,Nair,Pune,West Bengal,2022-04-26,Regular
11361,Arjun,Clark,Kolkata,Tamil Nadu,2024-10-21,Regular
11362,Arjun,Lewis,Pune,West Bengal,2023-08-04,Regular
11363,Kiran,Brown,Pune,Telangana,2021-04-12,New
11364,Sanjay,Nair,Visakhapatnam,Maharashtra,2024-04-14,Regular
11365,Sneha,Lewis,Delhi,Delhi,2021-11-20,Regular
11366,Aarav,Patel,Visakhapatnam,Telangana,2023-04-05,New
11367,Rohan,Martin,Visakhapatnam,Telangana,2025-03-01,Regular
11368,Priya,Smith,Visakhapatnam,Andhra Pradesh,2024-06-01,Regular
11369,Sophia,Lewis,Jaipur,Karnataka,2024-01-25,New
11370,Kavya,Verma,Kolkata,Karnataka,2021-04-22,New
11371,Olivia,Clark,Delhi,Delhi,2024-10-06,Regular
11372,Rohan,Sharma,Delhi,Tamil Nadu,2022-06-21,New
11373,Ananya,Thomas,Chennai,Rajasthan,2021-03-22,Regular
11374,Ananya,Reddy,Visakhapatnam,Rajasthan,2025-03-16,Premium
11375,Olivia,Wilson,Kolkata,Andhra Pradesh,2021-11-02,Regular
11376,Sophia,Patel,Visakhapatnam,Tamil Nadu,2022-06-02,New
11377,Sophia,White,Vijayawada,Rajasthan,2021-08-16,Regular
11378,Riya,Thomas,Pune,Tamil Nadu,2023-09-22,Regular
11379,Neha,Kumar,Chennai,Karnataka,2024-10-20,Regular
11380,Neha,Lewis,Jaipur,Rajasthan,2023-04-12,Premium
11381,Sophia,Gupta,Vijayawada,West Bengal,2024-10-22,Regular
11382,Aditya,Brown,Visakhapatnam,Telangana,2025-02-07,New
11383,Rohan,Reddy,Delhi,Rajasthan,2024-10-28,Regular
11384,Olivia,Kumar,Delhi,Karnataka,2021-09-18,Premium
11385,Kiran,Singh,Hyderabad,West Bengal,2021-11-26,Regular
11386,Sanjay,Brown,Hyderabad,Maharashtra,2022-04-25,Premium
11387,Sneha,Brown,Vijayawada,Telangana,2023-10-19,Regular
11388,Rohan,Lewis,Chennai,Andhra Pradesh,2024-10-11,Premium
11389,Olivia,Patel,Hyderabad,West Bengal,2022-05-16,Regular
11390,Daniel,Martin,Vijayawada,Rajasthan,2023-12-02,Premium
11391,Rohan,Sharma,Kolkata,Delhi,2021-10-27,Premium
11392,Neha,Gupta,Bengaluru,Andhra Pradesh,2023-05-19,Regular
11393,Sophia,Patel,Pune,Rajasthan,2024-06-01,Premium
11394,Aisha,Kumar,Pune,Rajasthan,2022-09-24,Regular
11395,Sanjay,Smith,Hyderabad,Delhi,2021-09-19,Regular
11396,Sneha,Walker,Kolkata,Telangana,2022-10-21,Regular
11397,Kavya,Taylor,Mumbai,Tamil Nadu,2024-05-04,Regular
11398,Meera,Lewis,Visakhapatnam,Delhi,2025-02-04,Regular
11399,Aarav,Smith,Bengaluru,Telangana,2023-09-13,Regular
11400,Aditya,Reddy,Visakhapatnam,Telangana,2023-12-10,Regular
11401,Olivia,Rao,Hyderabad,Maharashtra,2022-11-03,Regular
11402,Sanjay,Clark,Vijayawada,Rajasthan,2025-01-26,Premium
11403,Aditya,Sharma,Vijayawada,Tamil Nadu,2024-10-23,Regular
11404,Rohan,Reddy,Pune,Rajasthan,2025-04-05,Regular
11405,Vikram,Clark,Chennai,Andhra Pradesh,2024-10-13,Premium
11406,Vikram,Reddy,Bengaluru,Tamil Nadu,2023-05-26,Regular
11407,Rohan,White,Mumbai,Karnataka,2025-03-17,Regular
11408,Olivia,Thomas,Kolkata,Andhra Pradesh,2023-09-03,Regular
11409,Aarav,Taylor,Vijayawada,Andhra Pradesh,2023-08-21,Regular
11410,Aditya,Brown,Bengaluru,West Bengal,2023-11-17,Regular
11411,Arjun,Reddy,Hyderabad,Rajasthan,2021-10-25,New
11412,Sneha,Verma,Delhi,Telangana,2024-09-04,New
11413,Aditya,Clark,Delhi,Maharashtra,2022-08-04,Premium
11414,Riya,Walker,Jaipur,Delhi,2023-11-21,Premium
11415,Sneha,Verma,Vijayawada,Telangana,2024-09-12,Regular
11416,Riya,Clark,Delhi,Rajasthan,2021-07-03,Premium
11417,Kavya,Thomas,Delhi,Delhi,2022-04-27,Regular
11418,Ananya,Reddy,Kolkata,Tamil Nadu,2025-02-16,New
11419,Olivia,Wilson,Pune,Karnataka,2022-08-01,Regular
11420,Priya,Wilson,Kolkata,Telangana,2023-11-24,New
11421,Daniel,Brown,Bengaluru,Delhi,2023-06-18,New
11422,Sophia,Thomas,Visakhapatnam,Rajasthan,2024-10-23,Premium
11423,Sneha,Lewis,Visakhapatnam,Telangana,2023-03-28,Regular
11424,Meera,Smith,Pune,Maharashtra,2022-11-11,New
11425,Aditya,Rao,Pune,West Bengal,2021-01-27,Regular
11426,Emma,White,Pune,Maharashtra,2023-01-30,Regular
11427,Meera,White,Visakhapatnam,West Bengal,2023-07-26,Regular
11428,Daniel,Taylor,Bengaluru,West Bengal,2024-01-08,New
11429,Aditya,Wilson,Mumbai,Rajasthan,2024-06-02,Regular
11430,Riya,Kumar,Kolkata,Delhi,2024-05-27,Regular
11431,Priya,Verma,Kolkata,West Bengal,2023-01-05,Regular
11432,Vikram,Patel,Chennai,Tamil Nadu,2021-05-06,Premium
11433,Vikram,Brown,Bengaluru,Karnataka,2022-02-11,Regular
11434,Sneha,Clark,Delhi,Telangana,2022-10-14,Premium
11435,Rohan,Singh,Kolkata,Telangana,2025-04-16,Premium
11436,Rahul,White,Vijayawada,Andhra Pradesh,2024-05-16,New
11437,Ananya,Kumar,Hyderabad,Telangana,2024-12-02,New
11438,Meera,Reddy,Hyderabad,Maharashtra,2025-05-07,Regular
11439,Rohan,White,Mumbai,Delhi,2021-08-02,Premium
11440,Sophia,Kumar,Delhi,West Bengal,2021-01-19,New
11441,Riya,Martin,Hyderabad,Telangana,2023-07-08,New
11442,Neha,Thomas,Bengaluru,Andhra Pradesh,2022-02-28,Regular
11443,Daniel,Rao,Pune,Maharashtra,2024-10-22,Regular
11444,Ananya,Reddy,Chennai,Telangana,2023-01-14,New
11445,Rahul,Rao,Vijayawada,Karnataka,2021-01-15,Regular
11446,Aarav,Reddy,Hyderabad,Andhra Pradesh,2021-12-23,New
11447,Daniel,Taylor,Visakhapatnam,Rajasthan,2022-07-01,Premium
11448,Sophia,Lewis,Bengaluru,Andhra Pradesh,2021-02-13,Regular
11449,Aisha,White,Pune,Tamil Nadu,2022-05-23,Regular
11450,Rahul,Clark,Jaipur,Rajasthan,2023-05-14,Premium
11451,Aditya,Thomas,Kolkata,Tamil Nadu,2024-11-30,Regular
11452,Aarav,Lewis,Jaipur,Karnataka,2023-11-06,Premium
11453,Arjun,Thomas,Hyderabad,Andhra Pradesh,2021-05-30,New
11454,Sanjay,Taylor,Vijayawada,Tamil Nadu,2022-10-28,New
11455,Sneha,White,Hyderabad,Delhi,2024-05-14,Regular
11456,Arjun,Rao,Kolkata,West Bengal,2022-08-15,New
11457,Sophia,Verma,Mumbai,Karnataka,2023-06-21,Regular
11458,Priya,Walker,Vijayawada,Rajasthan,2025-04-26,Regular
11459,Aditya,Rao,Bengaluru,Karnataka,2021-08-09,New
11460,Neha,Gupta,Visakhapatnam,Rajasthan,2023-02-04,Regular
11461,Riya,Patel,Pune,Tamil Nadu,2023-09-03,Regular
11462,Rohan,Gupta,Delhi,Maharashtra,2024-06-30,Regular
11463,Aarav,Smith,Delhi,Tamil Nadu,2024-08-31,New
11464,Arjun,Lewis,Hyderabad,Delhi,2022-04-05,Premium
11465,Olivia,Kumar,Mumbai,Telangana,2023-01-18,Regular
11466,Rahul,Taylor,Vijayawada,Karnataka,2024-08-21,Premium
11467,Kavya,Thomas,Jaipur,Delhi,2024-09-04,Regular
11468,Kiran,Lewis,Jaipur,West Bengal,2024-08-10,Regular
11469,Riya,Thomas,Delhi,Rajasthan,2023-12-05,New
11470,Arjun,Patel,Chennai,Andhra Pradesh,2022-03-05,Regular
11471,Olivia,Mehta,Pune,Rajasthan,2022-08-13,New
11472,Meera,White,Pune,Andhra Pradesh,2023-11-16,Premium
11473,Ananya,Walker,Mumbai,Andhra Pradesh,2022-02-11,New
11474,Sanjay,Wilson,Mumbai,Tamil Nadu,2023-12-28,Regular
11475,Sophia,White,Visakhapatnam,Rajasthan,2023-04-05,Regular
11476,Rohan,Taylor,Mumbai,Rajasthan,2022-12-10,Regular
11477,Priya,Reddy,Hyderabad,Delhi,2022-07-23,Regular
11478,Kiran,Walker,Vijayawada,Telangana,2024-05-23,Regular
11479,Sanjay,Patel,Kolkata,Telangana,2023-01-15,Regular
11480,Ananya,Nair,Mumbai,Maharashtra,2022-05-07,Premium
11481,Vikram,Singh,Kolkata,West Bengal,2022-09-07,Regular
11482,Aarav,Martin,Jaipur,Delhi,2023-02-14,Regular
11483,Aditya,Sharma,Jaipur,Rajasthan,2023-09-16,Premium
11484,Rahul,Wilson,Vijayawada,Delhi,2025-05-04,New
11485,Ananya,Lewis,Delhi,West Bengal,2022-06-29,New
11486,Olivia,Thomas,Hyderabad,Andhra Pradesh,2021-10-13,New
11487,Vikram,Rao,Delhi,Rajasthan,2025-04-14,Regular
11488,Aarav,Lewis,Visakhapatnam,Delhi,2021-08-25,Regular
11489,Rahul,Nair,Visakhapatnam,Delhi,2024-12-17,New
11490,Neha,Taylor,Vijayawada,Telangana,2021-08-16,New
11491,Aditya,Brown,Jaipur,West Bengal,2022-08-06,New
11492,Priya,Reddy,Delhi,Karnataka,2025-05-16,Regular
11493,Aarav,Sharma,Bengaluru,Tamil Nadu,2021-09-23,New
11494,Rohan,Patel,Pune,Delhi,2021-09-13,Regular
11495,Ananya,Walker,Mumbai,Telangana,2023-09-02,Premium
11496,Ananya,White,Visakhapatnam,West Bengal,2021-11-01,Regular
11497,Sneha,Verma,Vijayawada,Tamil Nadu,2021-02-09,Premium
11498,Riya,White,Pune,Delhi,2024-01-17,Premium
11499,Priya,Sharma,Mumbai,Tamil Nadu,2025-03-16,Regular
11500,Emma,White,Bengaluru,Tamil Nadu,2024-04-30,Regular
11501,Neha,Singh,Hyderabad,Maharashtra,2025-03-23,Regular
11502,Aditya,Sharma,Mumbai,Telangana,2023-04-24,Regular
11503,Sanjay,Thomas,Chennai,Karnataka,2023-09-10,Regular
11504,Rohan,Nair,,Andhra Pradesh,2025-04-22,New
11505,Sneha,Gupta,Jaipur,Telangana,2023-03-17,Regular
11506,Sanjay,Thomas,Kolkata,Maharashtra,2021-03-04,Premium
11507,Daniel,Rao,Delhi,Karnataka,2022-01-18,Regular
11508,Priya,Thomas,Bengaluru,Delhi,2023-09-21,Regular
11509,Olivia,Patel,Visakhapatnam,West Bengal,2024-10-03,Regular
11510,Meera,Reddy,Kolkata,Maharashtra,2023-08-29,Regular
11511,Rohan,Rao,Delhi,Andhra Pradesh,2022-10-11,Regular
11512,Sanjay,Wilson,Pune,Tamil Nadu,2022-05-29,Regular
11513,Aisha,Singh,Delhi,Delhi,2023-12-30,Regular
11514,Rohan,Kumar,Visakhapatnam,Tamil Nadu,2024-12-10,Regular
11515,Sanjay,Martin,Vijayawada,Delhi,2022-03-21,Premium
11516,Daniel,Mehta,Pune,Telangana,2023-06-04,New
11517,Priya,Verma,Kolkata,Tamil Nadu,2022-11-15,Premium
11518,Aarav,Singh,Jaipur,West Bengal,2022-01-30,New
11519,Priya,Sharma,Mumbai,Andhra Pradesh,2022-10-11,Premium
11520,Priya,Reddy,Jaipur,Tamil Nadu,2021-05-22,Regular
11521,Olivia,Taylor,Kolkata,Tamil Nadu,2023-04-29,Regular
11522,Aisha,Reddy,Bengaluru,Tamil Nadu,2021-06-21,Regular
11523,Vikram,Singh,Jaipur,Tamil Nadu,2023-01-29,Regular
11524,Vikram,Walker,Kolkata,Rajasthan,2024-12-06,Regular
11525,Kavya,Rao,Mumbai,West Bengal,2021-08-22,New
11526,Aarav,Martin,Chennai,Maharashtra,2022-02-05,New
11527,Rohan,Rao,Jaipur,Maharashtra,2024-02-28,New
11528,Rahul,Walker,Visakhapatnam,Delhi,2024-12-22,Regular
11529,Aarav,Clark,Hyderabad,Delhi,2025-03-09,Regular
11530,Daniel,Mehta,Kolkata,Maharashtra,2021-07-12,New
11531,Arjun,Taylor,Bengaluru,Rajasthan,2022-01-18,Regular
11532,Aarav,Verma,Chennai,Tamil Nadu,2025-04-24,New
11533,Daniel,Walker,Delhi,Maharashtra,2023-03-20,New
11534,Vikram,Nair,Chennai,Telangana,2024-08-26,Regular
11535,Emma,Clark,Delhi,Maharashtra,2021-01-24,Regular
11536,Aarav,Wilson,Pune,Andhra Pradesh,2021-07-05,New
11537,Vikram,Wilson,Delhi,Rajasthan,2021-11-23,Premium
11538,Rahul,Nair,Visakhapatnam,Maharashtra,2021-05-18,Regular
11539,Aisha,Clark,Bengaluru,Karnataka,2024-11-26,Regular
11540,Kavya,Martin,Vijayawada,West Bengal,2024-07-09,New
11541,Priya,Clark,Chennai,West Bengal,2022-09-17,Regular
11542,Sanjay,Clark,Hyderabad,Rajasthan,2021-05-05,Premium
11543,Arjun,Patel,Pune,Delhi,2021-06-19,Regular
11544,Sneha,Lewis,Mumbai,Telangana,2022-02-24,New
11545,Sanjay,Clark,Bengaluru,Rajasthan,2024-03-09,Regular
11546,Sneha,Singh,Pune,West Bengal,2024-07-05,Regular
11547,Meera,White,Visakhapatnam,Andhra Pradesh,2023-05-13,New
11548,Emma,Brown,Delhi,Telangana,2024-12-23,Regular
11549,Priya,Rao,Vijayawada,Maharashtra,2025-01-25,New
11550,Aarav,Singh,Bengaluru,Maharashtra,2024-05-13,Regular
11551,Aditya,Nair,Hyderabad,Tamil Nadu,2021-05-07,Regular
11552,Olivia,Sharma,Mumbai,Andhra Pradesh,2024-11-24,Regular
11553,Neha,Taylor,Vijayawada,Karnataka,2024-12-24,Premium
11554,Kavya,Martin,Visakhapatnam,Telangana,2023-06-15,Regular
11555,Priya,Taylor,Bengaluru,Karnataka,2023-08-17,New
11556,Vikram,Brown,Pune,Rajasthan,2024-06-01,Regular
11557,Olivia,Nair,Mumbai,Telangana,2023-08-06,Regular
11558,Riya,Martin,Vijayawada,Delhi,2022-07-05,Regular
11559,Sophia,Lewis,Chennai,Karnataka,2024-01-21,Premium
11560,Olivia,Reddy,Pune,Maharashtra,2024-06-10,Regular
11561,Aditya,Nair,Visakhapatnam,Delhi,2021-08-15,Premium
11562,Aditya,White,Pune,Telangana,2023-12-24,New
11563,Sanjay,Lewis,Vijayawada,Karnataka,2021-10-05,New
11564,Daniel,White,Kolkata,Delhi,2023-07-09,New
11565,Sneha,Patel,Delhi,Telangana,2021-06-22,Regular
11566,Priya,Mehta,Chennai,Maharashtra,2025-05-07,New
11567,Sophia,Kumar,Jaipur,Delhi,2023-12-05,New
11568,Kavya,Lewis,Chennai,Karnataka,2023-01-22,Premium
11569,Daniel,Brown,Jaipur,Karnataka,2023-03-18,New
11570,Sophia,Singh,Jaipur,Maharashtra,2023-09-18,New
11571,Arjun,Reddy,Delhi,West Bengal,2021-07-19,Regular
11572,Kiran,Martin,Visakhapatnam,Telangana,2023-03-27,New
11573,Aisha,Clark,Vijayawada,Tamil Nadu,2024-02-20,New
11574,Emma,Lewis,Vijayawada,Rajasthan,2022-02-21,New
11575,Rahul,White,Hyderabad,Tamil Nadu,2023-02-07,New
11576,Rohan,Clark,Bengaluru,Tamil Nadu,2022-06-13,Regular
11577,Neha,Thomas,Hyderabad,West Bengal,2021-09-15,Regular
11578,Riya,Clark,Hyderabad,Maharashtra,2025-04-16,Regular
11579,Rahul,White,Visakhapatnam,Maharashtra,2023-08-07,Regular
11580,Kavya,Mehta,Bengaluru,Andhra Pradesh,2022-09-20,Regular
11581,Aditya,Thomas,Hyderabad,Telangana,2022-06-26,Premium
11582,Sanjay,Clark,Jaipur,West Bengal,2023-12-24,Regular
11583,Neha,Kumar,Chennai,Maharashtra,2021-06-23,New
11584,Ananya,Taylor,Visakhapatnam,Rajasthan,2023-06-27,New
11585,Kavya,Rao,Jaipur,West Bengal,2022-01-04,New
11586,Rohan,Kumar,Delhi,Rajasthan,2024-11-24,Regular
11587,Emma,Patel,Jaipur,Karnataka,2024-06-08,Regular
11588,Arjun,Kumar,Jaipur,Karnataka,2024-04-27,New
11589,Olivia,Lewis,Bengaluru,Rajasthan,2021-08-22,New
11590,Aarav,Thomas,Bengaluru,Maharashtra,2021-05-10,Premium
11591,Aisha,Kumar,Mumbai,Andhra Pradesh,2023-01-04,Regular
11592,Rohan,Wilson,Delhi,West Bengal,2022-07-23,New
11593,Kiran,Taylor,Vijayawada,Maharashtra,2024-03-04,Premium
11594,Aarav,Brown,Bengaluru,Telangana,2024-02-14,Regular
11595,Aisha,Wilson,Bengaluru,Telangana,2022-09-28,Regular
11596,Vikram,Walker,Mumbai,West Bengal,2021-09-16,Regular
11597,Meera,Brown,Chennai,Telangana,2022-06-03,Regular
11598,Aisha,Taylor,Jaipur,Telangana,2023-03-17,New
11599,Emma,Smith,Mumbai,Karnataka,2022-02-10,Premium
11600,Aisha,Nair,Visakhapatnam,Rajasthan,2022-05-24,Regular
11601,Rohan,Lewis,Hyderabad,West Bengal,2022-01-21,Regular
11602,Aisha,Verma,Bengaluru,West Bengal,2021-04-14,Regular
11603,Emma,Thomas,Visakhapatnam,West Bengal,2023-08-20,Premium
11604,Rohan,Wilson,Chennai,Delhi,2025-05-15,New
11605,Rahul,Taylor,Hyderabad,Tamil Nadu,2025-03-04,New
11606,Olivia,Thomas,Delhi,Maharashtra,2025-01-26,Regular
11607,Rahul,Martin,Bengaluru,Delhi,2023-11-21,New
11608,Sneha,Smith,Hyderabad,Rajasthan,2024-04-11,Regular
11609,Sanjay,Wilson,Pune,Rajasthan,2021-04-13,Regular
11610,Rahul,Brown,Delhi,West Bengal,2021-11-18,New
11611,Riya,Rao,Delhi,Andhra Pradesh,2024-02-04,New
11612,Rahul,Martin,Delhi,Andhra Pradesh,2025-05-01,Regular
11613,Meera,Lewis,Hyderabad,West Bengal,2024-12-24,New
11614,Meera,Martin,Chennai,Andhra Pradesh,2023-10-07,New
11615,Arjun,Thomas,Mumbai,Telangana,2021-06-24,Regular
11616,Vikram,Clark,Chennai,Telangana,2025-03-26,New
11617,Riya,Nair,Delhi,Maharashtra,2022-05-24,Regular
11618,Neha,Reddy,Chennai,Telangana,2021-03-10,Premium
11619,Rahul,Rao,Kolkata,Tamil Nadu,2024-05-14,Regular
11620,Sophia,Thomas,Jaipur,Karnataka,2021-10-05,Regular
11621,Aditya,Clark,Kolkata,Rajasthan,2022-04-28,Regular
11622,Aarav,Brown,Mumbai,West Bengal,2023-12-20,Premium
11623,Daniel,Thomas,Pune,Telangana,2025-03-25,Premium
11624,Aarav,Reddy,Delhi,Delhi,2024-12-22,Regular
11625,Sneha,Wilson,Vijayawada,West Bengal,2021-09-19,New
11626,Sophia,Taylor,Mumbai,Tamil Nadu,2021-10-09,New
11627,Sneha,Brown,Hyderabad,Rajasthan,2024-07-18,New
11628,Sneha,Martin,Vijayawada,Rajasthan,2022-05-23,New
11629,Kiran,Mehta,Kolkata,Rajasthan,2021-05-05,New
11630,Rahul,Brown,Bengaluru,Telangana,2023-07-31,Premium
11631,Sneha,Wilson,Kolkata,Maharashtra,2023-11-18,New
11632,Olivia,Thomas,Hyderabad,Andhra Pradesh,2025-05-19,New
11633,Arjun,Singh,Kolkata,Maharashtra,2023-02-18,Premium
11634,Olivia,Rao,Vijayawada,Maharashtra,2024-07-03,Premium
11635,Ananya,Verma,Hyderabad,Tamil Nadu,2023-05-06,New
11636,Neha,Singh,Vijayawada,Maharashtra,2025-01-17,New
11637,Vikram,Rao,Bengaluru,West Bengal,2023-02-19,Regular
11638,Kavya,Nair,Chennai,Telangana,2023-12-17,Premium
11639,Vikram,Rao,Vijayawada,Andhra Pradesh,2025-03-22,Regular
11640,Aditya,Verma,Mumbai,West Bengal,2024-11-04,Regular
11641,Aisha,Brown,Jaipur,Karnataka,2022-10-04,Regular
11642,Arjun,Taylor,Jaipur,Andhra Pradesh,2023-03-23,Regular
11643,Ananya,Rao,Jaipur,Delhi,2023-08-07,New
11644,Sneha,Clark,Bengaluru,Tamil Nadu,2021-07-18,Regular
11645,Rahul,Mehta,Bengaluru,Maharashtra,2022-01-09,Premium
11646,Aditya,Martin,Bengaluru,Delhi,2024-02-10,Regular
11647,Rohan,Kumar,Delhi,Karnataka,2021-04-25,New
11648,Meera,Patel,Pune,Delhi,2023-08-21,Regular
11649,Sophia,Mehta,Vijayawada,West Bengal,2023-02-15,Regular
11650,Emma,Nair,Chennai,Tamil Nadu,2023-02-16,New
11651,Vikram,Mehta,Bengaluru,Maharashtra,2024-09-15,New
11652,Aarav,Patel,Kolkata,Delhi,2022-03-16,New
11653,Arjun,Mehta,Kolkata,Delhi,2024-06-19,Premium
11654,Sneha,Taylor,Kolkata,Maharashtra,2024-06-08,New
11655,Vikram,Martin,Mumbai,Rajasthan,2025-05-08,Regular
11656,Sanjay,Singh,Delhi,Rajasthan,2024-08-05,Regular
11657,Emma,Rao,Jaipur,Maharashtra,2023-03-23,Premium
11658,Olivia,Brown,Kolkata,West Bengal,2022-08-06,Premium
11659,Emma,Brown,Jaipur,Andhra Pradesh,2024-06-03,Premium
11660,Aditya,Thomas,Pune,Telangana,2025-01-24,Premium
11661,Kavya,Nair,Hyderabad,Delhi,2022-03-26,Regular
11662,Kavya,Taylor,Vijayawada,Andhra Pradesh,2022-08-15,New
11663,Vikram,Lewis,Pune,Telangana,2023-03-07,New
11664,Sneha,Gupta,Hyderabad,Tamil Nadu,2021-06-22,Regular
11665,Neha,Clark,Bengaluru,Andhra Pradesh,2022-05-18,New
11666,Kiran,Rao,Mumbai,Rajasthan,2021-09-24,Regular
11667,Riya,Rao,Bengaluru,Rajasthan,2024-05-20,New
11668,Meera,Taylor,Kolkata,Delhi,2023-03-03,Regular
11669,Neha,Wilson,Kolkata,Telangana,2023-08-25,New
11670,Aisha,Brown,Mumbai,Telangana,2021-05-08,New
11671,Riya,Singh,Hyderabad,Andhra Pradesh,2023-07-07,Regular
11672,Sneha,Reddy,Hyderabad,West Bengal,2024-02-24,Regular
11673,Aditya,Walker,Jaipur,Karnataka,2024-01-09,Premium
11674,Riya,Lewis,Mumbai,Karnataka,2024-06-26,Regular
11675,Aisha,Lewis,Bengaluru,Karnataka,2021-07-02,Regular
11676,Sophia,Brown,Vijayawada,Rajasthan,2023-05-30,New
11677,Rahul,Lewis,Visakhapatnam,Andhra Pradesh,2023-02-11,New
11678,Ananya,Mehta,Bengaluru,Rajasthan,2024-11-30,Regular
11679,Daniel,Reddy,Jaipur,Telangana,2024-01-10,New
11680,Neha,Patel,Vijayawada,West Bengal,2025-03-07,Regular
11681,Daniel,Gupta,Chennai,Rajasthan,2021-02-10,Premium
11682,Aarav,Nair,Vijayawada,Delhi,2022-12-18,New
11683,Aarav,Walker,Pune,Andhra Pradesh,2024-01-31,Regular
11684,Riya,Rao,Kolkata,Delhi,2021-05-23,Regular
11685,Kiran,Wilson,Bengaluru,Telangana,2023-11-09,New
11686,Neha,Gupta,Chennai,Maharashtra,2022-01-06,Regular
11687,Ananya,Wilson,Vijayawada,Tamil Nadu,2021-04-29,Regular
11688,Ananya,Smith,Visakhapatnam,Telangana,2023-11-19,Premium
11689,Daniel,Patel,Hyderabad,Delhi,2022-11-14,New
11690,Arjun,Mehta,Chennai,Rajasthan,2022-10-12,Regular
11691,Riya,Kumar,Kolkata,Telangana,2022-06-05,New
11692,Olivia,Lewis,Jaipur,Tamil Nadu,2024-01-02,New
11693,Meera,Martin,Kolkata,West Bengal,2023-09-17,Regular
11694,Kiran,Walker,Vijayawada,Tamil Nadu,2023-12-03,Regular
11695,Vikram,Lewis,Mumbai,Telangana,2024-06-14,Regular
11696,Meera,Singh,Hyderabad,Karnataka,2023-08-27,Premium
11697,Priya,Martin,Vijayawada,Telangana,2021-04-30,New
11698,Rahul,Kumar,Vijayawada,Rajasthan,2021-09-10,Regular
11699,Kiran,White,Pune,Maharashtra,2025-05-06,New
11700,Sophia,Thomas,Delhi,Rajasthan,2022-04-03,Regular
11701,Aditya,Taylor,Chennai,West Bengal,2022-11-16,New
11702,Vikram,White,Pune,Tamil Nadu,2022-08-28,New
11703,Meera,Clark,Chennai,Rajasthan,2025-05-04,Regular
11704,Vikram,Lewis,Pune,Tamil Nadu,2024-08-12,Regular
11705,Daniel,Kumar,Bengaluru,Karnataka,2023-02-13,Regular
11706,Olivia,Sharma,Kolkata,Andhra Pradesh,2023-12-28,Premium
11707,Sophia,White,Chennai,Delhi,2023-06-02,Regular
11708,Daniel,Gupta,Vijayawada,Maharashtra,2023-10-29,Regular
11709,Sanjay,Verma,Delhi,Delhi,2025-03-07,Premium
11710,Sanjay,Sharma,Visakhapatnam,Rajasthan,2023-12-12,Regular
11711,Rohan,Wilson,Chennai,Tamil Nadu,2021-06-30,New
11712,Priya,Clark,Chennai,Rajasthan,2023-03-17,Regular
11713,Olivia,Clark,Chennai,Rajasthan,2024-08-04,Regular
11714,Aisha,Smith,Kolkata,Andhra Pradesh,2021-03-05,Regular
11715,Kavya,Taylor,Bengaluru,Karnataka,2022-07-26,Regular
11716,Olivia,Brown,Kolkata,Telangana,2021-11-18,New
11717,Kavya,Verma,Visakhapatnam,Telangana,2024-02-28,Regular
11718,Kiran,Smith,Kolkata,West Bengal,2021-08-13,New
11719,Ananya,Walker,Bengaluru,Maharashtra,2023-09-26,Premium
11720,Neha,Gupta,Pune,Rajasthan,2021-04-13,Regular
11721,Arjun,Mehta,Delhi,Telangana,2025-01-18,Premium
11722,Aisha,Wilson,Mumbai,Tamil Nadu,2022-05-27,New
11723,Meera,Smith,Pune,Tamil Nadu,2022-10-15,Regular
11724,Aisha,Sharma,Vijayawada,Rajasthan,2024-06-14,New
11725,Neha,Gupta,Visakhapatnam,Telangana,2022-08-31,Regular
11726,Riya,Wilson,Mumbai,Maharashtra,2021-07-04,Regular
11727,Daniel,Taylor,Mumbai,Andhra Pradesh,2024-12-18,Regular
11728,Sneha,Martin,Chennai,Rajasthan,2021-06-28,Regular
11729,Ananya,White,Pune,Rajasthan,2023-03-07,Premium
11730,Rahul,Taylor,Delhi,West Bengal,2021-07-18,New
11731,Riya,Smith,Vijayawada,Karnataka,2024-01-22,Regular
11732,Daniel,Rao,Chennai,Telangana,2022-03-08,Regular
11733,Meera,Nair,Chennai,Maharashtra,2025-01-31,New
11734,Olivia,Clark,Hyderabad,Maharashtra,2021-11-20,Regular
11735,Olivia,Mehta,Hyderabad,Delhi,2023-12-08,Regular
11736,Riya,Martin,Hyderabad,Telangana,2021-01-23,Regular
11737,Neha,Kumar,Chennai,West Bengal,2021-07-01,Regular
11738,Arjun,Kumar,Kolkata,Maharashtra,2022-03-19,Regular
11739,Aarav,Singh,Vijayawada,Telangana,2024-11-15,Premium
11740,Sanjay,Patel,Jaipur,Rajasthan,2025-05-14,New
11741,Ananya,Wilson,Delhi,Tamil Nadu,2023-09-09,Regular
11742,Aisha,Wilson,Pune,Karnataka,2022-06-23,Regular
11743,Priya,Smith,Visakhapatnam,Maharashtra,2022-05-15,New
11744,Aarav,Gupta,Bengaluru,Rajasthan,2021-12-05,Regular
11745,Sanjay,Smith,Kolkata,Andhra Pradesh,2022-06-29,Regular
11746,Sophia,Kumar,Visakhapatnam,Telangana,2023-03-05,New
11747,Sophia,Mehta,Delhi,West Bengal,2024-01-02,Regular
11748,Kiran,Patel,Chennai,West Bengal,2022-01-02,Regular
11749,Emma,Reddy,Kolkata,Rajasthan,2021-02-27,New
11750,Aisha,Patel,Jaipur,Rajasthan,2023-06-15,New
11751,Daniel,Kumar,Chennai,West Bengal,2022-01-24,Regular
11752,Olivia,Mehta,Delhi,West Bengal,2022-10-04,Regular
11753,Kavya,Brown,Hyderabad,Tamil Nadu,2024-02-13,Regular
11754,Kiran,Wilson,Chennai,Rajasthan,2024-12-05,Regular
11755,Kavya,Verma,Vijayawada,Rajasthan,2023-05-05,New
11756,Rohan,Patel,Pune,Rajasthan,2025-01-24,Regular
11757,Rohan,Sharma,Bengaluru,Rajasthan,2022-03-07,New
11758,Kavya,Martin,Mumbai,West Bengal,2024-02-15,Premium
11759,Sneha,White,Bengaluru,Rajasthan,2025-04-17,Regular
11760,Sneha,Gupta,Vijayawada,Andhra Pradesh,2021-12-12,New
11761,Kiran,Singh,Jaipur,Karnataka,2024-03-27,Regular
11762,Ananya,Rao,Bengaluru,Telangana,2023-01-29,Premium
11763,Aarav,Singh,Chennai,Rajasthan,2024-11-10,Premium
11764,Kavya,Singh,Visakhapatnam,Maharashtra,2022-05-04,Regular
11765,Sneha,Mehta,Visakhapatnam,Andhra Pradesh,2025-03-17,New
11766,Daniel,Thomas,Vijayawada,Tamil Nadu,2024-07-01,Regular
11767,Neha,Martin,Vijayawada,Tamil Nadu,2024-02-03,Regular
11768,Priya,White,Visakhapatnam,Andhra Pradesh,2021-02-16,Regular
11769,Arjun,Nair,,Delhi,2021-05-13,New
11770,Vikram,Mehta,Visakhapatnam,West Bengal,2023-11-26,Premium
11771,Rohan,Nair,Visakhapatnam,Tamil Nadu,2023-02-06,Regular
11772,Kiran,Sharma,Chennai,Delhi,2022-06-02,New
11773,Kiran,Nair,Hyderabad,Maharashtra,2024-09-09,New
11774,Kiran,Gupta,Delhi,Rajasthan,2023-02-09,New
11775,Riya,Mehta,Vijayawada,Maharashtra,2023-01-05,Regular
11776,Rahul,Patel,Visakhapatnam,Telangana,2022-06-01,New
11777,Rohan,Martin,Bengaluru,West Bengal,2025-04-20,Regular
11778,Vikram,Clark,Mumbai,Rajasthan,2022-08-07,New
11779,Rohan,White,Vijayawada,Rajasthan,2022-02-20,New
11780,Meera,Reddy,Hyderabad,Telangana,2023-12-15,New
11781,Aarav,Kumar,Vijayawada,Rajasthan,2021-02-24,Regular
11782,Rohan,White,Chennai,Tamil Nadu,2023-08-11,Regular
11783,Aarav,Clark,Hyderabad,Andhra Pradesh,2023-06-23,Regular
11784,Sophia,Smith,Chennai,West Bengal,2022-01-26,Regular
11785,Aisha,Rao,Vijayawada,Rajasthan,2024-05-15,Regular
11786,Sanjay,Brown,Visakhapatnam,Tamil Nadu,2021-03-11,Regular
11787,Vikram,Brown,Hyderabad,Delhi,2025-04-20,New
11788,Arjun,Clark,Pune,West Bengal,2024-10-01,Regular
11789,Priya,Brown,Chennai,Karnataka,2021-10-08,New
11790,Riya,Sharma,Kolkata,Andhra Pradesh,2023-02-27,Regular
11791,Sneha,Taylor,Vijayawada,Karnataka,2021-11-12,Regular
11792,Olivia,Thomas,Jaipur,Andhra Pradesh,2023-09-17,Regular
11793,Rohan,Gupta,Mumbai,Karnataka,2022-07-18,Regular
11794,Aditya,Kumar,Chennai,Karnataka,2023-02-21,Regular
11795,Priya,Kumar,Mumbai,Maharashtra,2025-03-12,New
11796,Sanjay,Clark,Vijayawada,Karnataka,2023-09-18,Premium
11797,Sophia,Verma,Pune,Telangana,2024-10-19,New
11798,Vikram,Brown,Hyderabad,Telangana,2023-10-01,New
11799,Priya,White,Jaipur,Tamil Nadu,2023-01-30,New
11800,Neha,Reddy,Bengaluru,Maharashtra,2021-01-25,Premium
11801,Arjun,Singh,Jaipur,Telangana,2021-05-23,Premium
11802,Priya,Clark,Bengaluru,Karnataka,2023-05-04,New
11803,Priya,Brown,Delhi,Delhi,2023-03-18,New
11804,Aditya,Sharma,Mumbai,Tamil Nadu,2023-03-15,Regular
11805,Rahul,Martin,Kolkata,Andhra Pradesh,2024-09-14,New
11806,Aarav,Kumar,Pune,Andhra Pradesh,2021-06-03,New
11807,Aarav,Thomas,Mumbai,Telangana,2023-11-21,Regular
11808,Priya,Thomas,Pune,Rajasthan,2024-04-08,Regular
11809,Arjun,Clark,Jaipur,West Bengal,2023-10-31,Regular
11810,Sophia,Mehta,Chennai,Andhra Pradesh,2022-01-13,Regular
11811,Sanjay,Gupta,Chennai,Maharashtra,2022-10-13,Regular
11812,Meera,Lewis,Hyderabad,Telangana,2021-03-29,Regular
11813,Meera,Smith,Vijayawada,Rajasthan,2021-10-11,New
11814,Priya,Wilson,Kolkata,Delhi,2024-07-09,New
11815,Olivia,Kumar,Kolkata,Telangana,2023-09-15,Premium
11816,Rahul,Wilson,Hyderabad,Karnataka,2024-10-16,New
11817,Sanjay,Smith,Vijayawada,Karnataka,2024-01-12,Regular
11818,Aditya,Gupta,Visakhapatnam,Maharashtra,2022-01-21,New
11819,Rahul,Thomas,Jaipur,Maharashtra,2024-07-25,New
11820,Aditya,Kumar,Jaipur,Maharashtra,2024-01-06,Regular
11821,Rohan,Martin,Chennai,Andhra Pradesh,2021-11-03,New
11822,Riya,White,Vijayawada,Rajasthan,2021-01-08,Regular
11823,Rohan,Smith,Pune,West Bengal,2024-05-07,Regular
11824,Olivia,Kumar,Delhi,West Bengal,2024-02-28,Regular
11825,Riya,Smith,Mumbai,Andhra Pradesh,2021-05-24,Regular
11826,Daniel,Brown,Kolkata,Tamil Nadu,2023-01-14,New
11827,Rahul,Smith,Jaipur,Delhi,2025-01-02,Regular
11828,Sophia,Gupta,Kolkata,West Bengal,2024-06-21,Premium
11829,Kavya,Wilson,Jaipur,Tamil Nadu,2024-07-31,New
11830,Sophia,Gupta,Jaipur,Rajasthan,2022-09-21,Regular
11831,Kiran,Smith,Bengaluru,Karnataka,2021-07-13,Regular
11832,Sophia,Smith,Jaipur,Telangana,2022-07-16,Regular
11833,Sneha,Wilson,Visakhapatnam,Tamil Nadu,2024-01-05,New
11834,Arjun,Thomas,Pune,Andhra Pradesh,2024-09-07,New
11835,Ananya,Lewis,Kolkata,Tamil Nadu,2023-10-28,New
11836,Rahul,Thomas,Kolkata,Karnataka,2021-03-03,New
11837,Daniel,Thomas,Vijayawada,Andhra Pradesh,2023-08-03,Regular
11838,Rohan,Lewis,Visakhapatnam,Karnataka,2021-10-27,Premium
11839,Sanjay,Singh,Bengaluru,Karnataka,2023-09-03,Regular
11840,Sneha,Gupta,Hyderabad,Rajasthan,2022-10-22,Regular
11841,Ananya,Brown,Chennai,Tamil Nadu,2023-05-03,New
11842,Arjun,Mehta,Delhi,Telangana,2023-08-13,Regular
11843,Emma,Martin,Visakhapatnam,Maharashtra,2023-10-18,Regular
11844,Emma,Sharma,Kolkata,West Bengal,2021-01-09,Regular
11845,Aisha,Kumar,Bengaluru,Andhra Pradesh,2025-03-26,Regular
11846,Kavya,Martin,Vijayawada,Telangana,2023-07-10,Regular
11847,Ananya,Clark,Pune,Tamil Nadu,2023-03-23,New
11848,Neha,Rao,Mumbai,Delhi,2022-08-29,Premium
11849,Neha,Rao,Vijayawada,West Bengal,2021-06-17,New
11850,Vikram,Smith,Chennai,Delhi,2023-10-06,New
11851,Arjun,Mehta,Kolkata,Tamil Nadu,2022-08-05,Regular
11852,Aditya,Patel,Bengaluru,Andhra Pradesh,2024-12-22,New
11853,Priya,Brown,Mumbai,Telangana,2023-11-19,New
11854,Vikram,Clark,Delhi,Andhra Pradesh,2022-12-07,Premium
11855,Rahul,Martin,Kolkata,Rajasthan,2021-02-20,New
11856,Olivia,Clark,Jaipur,West Bengal,2023-06-07,New
11857,Kiran,Wilson,Chennai,Maharashtra,2024-09-14,New
11858,Sneha,Lewis,Visakhapatnam,Maharashtra,2023-01-11,New
11859,Neha,Singh,Visakhapatnam,Maharashtra,2023-11-07,Premium
11860,Aisha,Sharma,Mumbai,Karnataka,2021-07-09,Regular
11861,Aisha,Kumar,Bengaluru,Karnataka,2022-10-13,Premium
11862,Aditya,White,Chennai,West Bengal,2024-06-22,Premium
11863,Emma,Wilson,Kolkata,Delhi,2022-11-09,Regular
11864,Kiran,Singh,Vijayawada,Maharashtra,2024-11-17,Regular
11865,Emma,Lewis,Kolkata,Maharashtra,2022-10-18,Regular
11866,Ananya,Rao,Vijayawada,Telangana,2024-07-22,Regular
11867,Rahul,Smith,Bengaluru,Andhra Pradesh,2023-10-28,Regular
11868,Riya,Singh,Delhi,Rajasthan,2025-02-25,Regular
11869,Aarav,Reddy,Visakhapatnam,Karnataka,2023-05-03,Regular
11870,Riya,Gupta,Mumbai,Tamil Nadu,2023-01-19,Regular
11871,Aarav,Singh,Visakhapatnam,West Bengal,2022-07-20,New
11872,Sanjay,Smith,Bengaluru,Telangana,2023-11-10,Regular
11873,Kavya,Sharma,Jaipur,Telangana,2025-04-18,Regular
11874,Daniel,Singh,Vijayawada,Rajasthan,2021-09-27,Regular
11875,Ananya,Smith,Kolkata,Karnataka,2025-02-07,Regular
11876,Rahul,Nair,Kolkata,Delhi,2025-04-12,Regular
11877,Sanjay,Wilson,Jaipur,Rajasthan,2024-05-15,Regular
11878,Olivia,Taylor,Mumbai,West Bengal,2023-07-18,New
11879,Aisha,White,Bengaluru,Tamil Nadu,2024-10-12,Regular
11880,Rahul,Clark,Jaipur,Karnataka,2022-02-23,New
11881,Kiran,Singh,Bengaluru,West Bengal,2023-10-12,New
11882,Aditya,Taylor,Kolkata,Maharashtra,2024-07-12,New
11883,Vikram,Wilson,Chennai,Rajasthan,2024-07-12,Regular
11884,Emma,Smith,Jaipur,West Bengal,2023-07-28,Regular
11885,Kavya,Thomas,Jaipur,Telangana,2022-09-09,New
11886,Vikram,Kumar,Pune,Tamil Nadu,2025-02-28,Premium
11887,Meera,Nair,Delhi,West Bengal,2023-12-14,Regular
11888,Ananya,Clark,Pune,West Bengal,2024-05-16,Regular
11889,Arjun,Lewis,Pune,West Bengal,2023-09-25,Regular
11890,Ananya,Sharma,Jaipur,Karnataka,2024-11-04,Regular
11891,Vikram,Mehta,Chennai,Karnataka,2023-02-04,Regular
11892,Sanjay,Gupta,Jaipur,Karnataka,2023-05-25,New
11893,Olivia,Patel,Kolkata,West Bengal,2024-07-10,New
11894,Aisha,Reddy,Jaipur,Telangana,2023-04-08,Regular
11895,Rahul,Brown,Kolkata,Andhra Pradesh,2022-01-27,Premium
11896,Olivia,Taylor,Visakhapatnam,Tamil Nadu,2024-04-26,Regular
11897,Sneha,Brown,,Maharashtra,2022-08-24,Regular
11898,Olivia,Nair,Pune,Karnataka,2021-06-18,New
11899,Aisha,Thomas,Chennai,Maharashtra,2022-08-20,Regular
11900,Rohan,Taylor,Chennai,Andhra Pradesh,2021-03-28,Regular
11901,Neha,Walker,Hyderabad,Karnataka,2024-11-06,Regular
11902,Neha,Rao,Mumbai,Delhi,2025-04-23,Regular
11903,Aisha,Singh,Jaipur,Telangana,2022-03-03,New
11904,Sanjay,Mehta,Jaipur,Karnataka,2025-01-06,New
11905,Rohan,Brown,Kolkata,West Bengal,2024-02-13,New
11906,Sanjay,Mehta,Mumbai,Delhi,2025-03-10,Regular
11907,Aditya,Clark,Delhi,Delhi,2021-09-18,Regular
11908,Vikram,Sharma,Vijayawada,Karnataka,2021-04-10,New
11909,Aarav,Brown,Hyderabad,Karnataka,2025-01-12,Premium
11910,Daniel,Verma,Jaipur,Maharashtra,2022-03-07,Regular
11911,Arjun,Singh,Visakhapatnam,Karnataka,2023-08-13,Regular
11912,Olivia,Wilson,Jaipur,Rajasthan,2024-12-13,Premium
11913,Aarav,Clark,Hyderabad,Tamil Nadu,2022-07-03,Premium
11914,Riya,Brown,Jaipur,West Bengal,2021-05-24,New
11915,Rohan,Reddy,Kolkata,Karnataka,2024-06-20,Premium
11916,Neha,Reddy,Delhi,West Bengal,2022-12-24,Regular
11917,Aditya,Verma,Bengaluru,Karnataka,2021-02-06,New
11918,Priya,Taylor,Pune,Tamil Nadu,2022-07-01,New
11919,Priya,Rao,Mumbai,Maharashtra,2023-04-29,Regular
11920,Neha,Rao,Jaipur,Telangana,2024-11-08,Premium
11921,Kiran,Lewis,Mumbai,Telangana,2021-12-28,Regular
11922,Neha,Sharma,Chennai,Andhra Pradesh,2023-04-09,Regular
11923,Emma,Reddy,Jaipur,Tamil Nadu,2021-10-18,New
11924,Ananya,Patel,Bengaluru,Delhi,2022-04-10,Regular
11925,Kiran,White,Jaipur,West Bengal,2022-02-27,New
11926,Rahul,Mehta,Jaipur,Delhi,2023-04-19,Regular
11927,Kiran,Patel,Mumbai,West Bengal,2023-11-28,Regular
11928,Rahul,Rao,Kolkata,Rajasthan,2021-06-29,New
11929,Vikram,White,Vijayawada,West Bengal,2021-05-02,Premium
11930,Sophia,Taylor,Delhi,Tamil Nadu,2024-03-15,Premium
11931,Arjun,Singh,Kolkata,Tamil Nadu,2022-04-16,Regular
11932,Priya,Singh,Bengaluru,Andhra Pradesh,2023-09-17,Regular
11933,Emma,Reddy,Delhi,Maharashtra,2021-05-03,Regular
11934,Sophia,Thomas,Delhi,Delhi,2023-08-20,New
11935,Rahul,Kumar,Delhi,Andhra Pradesh,2024-12-26,New
11936,Vikram,Gupta,Jaipur,Karnataka,2022-12-02,Regular
11937,Kiran,Rao,Visakhapatnam,Karnataka,2023-07-14,Regular
11938,Sneha,Wilson,Kolkata,Telangana,2022-04-16,Regular
11939,Sophia,Wilson,Pune,Telangana,2022-04-03,Regular
11940,Sanjay,Thomas,Pune,Delhi,2021-04-15,Regular
11941,Vikram,Gupta,Hyderabad,Delhi,2023-02-06,New
11942,Aditya,Nair,Delhi,Tamil Nadu,2025-02-24,New
11943,Olivia,Nair,Chennai,Karnataka,2021-07-05,New
11944,Aarav,Sharma,Visakhapatnam,West Bengal,2022-10-29,Regular
11945,Kiran,Martin,Vijayawada,Telangana,2024-09-01,Regular
11946,Rahul,Brown,Jaipur,West Bengal,2023-03-05,Regular
11947,Vikram,Mehta,Jaipur,Rajasthan,2024-05-01,Regular
11948,Daniel,White,Pune,Maharashtra,2022-08-25,Regular
11949,Aarav,Patel,Pune,Maharashtra,2023-08-23,New
11950,Rohan,White,Kolkata,Delhi,2025-04-30,Regular
11951,Daniel,Taylor,Pune,Telangana,2023-08-15,Premium
11952,Kavya,Singh,Chennai,West Bengal,2024-06-27,New
11953,Arjun,Taylor,Vijayawada,Tamil Nadu,2024-01-15,Regular
11954,Priya,Thomas,Pune,Maharashtra,2021-06-03,New
11955,Sophia,Nair,Jaipur,Telangana,2021-09-14,New
11956,Ananya,Rao,Chennai,Rajasthan,2023-09-01,Regular
11957,Neha,Clark,Pune,Tamil Nadu,2022-07-11,Regular
11958,Neha,Patel,Delhi,Telangana,2023-02-15,Regular
11959,Meera,Sharma,Jaipur,Andhra Pradesh,2023-02-13,Premium
11960,Vikram,Taylor,Delhi,Rajasthan,2024-06-23,Regular
11961,Emma,Walker,Hyderabad,Delhi,2025-05-05,Regular
11962,Sophia,Brown,Mumbai,Telangana,2025-05-15,New
11963,Rahul,Kumar,Visakhapatnam,Rajasthan,2021-05-08,Regular
11964,Emma,Brown,Chennai,Karnataka,2024-04-05,Regular
11965,Emma,Gupta,Mumbai,Karnataka,2024-03-06,Regular
11966,Aisha,Clark,Bengaluru,West Bengal,2024-10-15,Regular
11967,Kiran,Wilson,Vijayawada,Tamil Nadu,2022-11-14,Regular
11968,Priya,Rao,Bengaluru,Telangana,2023-03-16,New
11969,Emma,Wilson,Mumbai,West Bengal,2022-12-24,New
11970,Vikram,Taylor,Vijayawada,Tamil Nadu,2022-08-21,Regular
11971,Emma,Taylor,Visakhapatnam,Andhra Pradesh,2022-01-30,Regular
11972,Daniel,Nair,Chennai,Karnataka,2023-10-27,Regular
11973,Meera,Smith,Mumbai,Rajasthan,2021-01-27,Premium
11974,Rohan,Sharma,Bengaluru,West Bengal,2024-04-14,Regular
11975,Sneha,Verma,Pune,Karnataka,2024-09-08,New
11976,Arjun,Nair,Jaipur,Delhi,2021-12-31,Regular
11977,Daniel,Brown,Mumbai,Rajasthan,2021-12-08,Regular
11978,Rohan,White,Chennai,Telangana,2023-03-17,Regular
11979,Arjun,White,Mumbai,Andhra Pradesh,2024-09-16,Regular
11980,Riya,Mehta,Visakhapatnam,Maharashtra,2021-07-02,Regular
11981,Meera,Wilson,Delhi,Rajasthan,2022-11-23,New
11982,Kavya,Kumar,Kolkata,Karnataka,2021-12-13,New
11983,Arjun,Mehta,Vijayawada,West Bengal,2024-09-25,New
11984,Riya,Taylor,Vijayawada,Rajasthan,2024-11-11,Regular
11985,Kavya,Taylor,Delhi,Tamil Nadu,2021-05-15,Premium
11986,Riya,White,Delhi,Telangana,2021-08-20,New
11987,Emma,Mehta,Delhi,Maharashtra,2021-09-09,New
11988,Sanjay,Walker,Bengaluru,Delhi,2024-07-22,Regular
11989,Sanjay,White,Pune,West Bengal,2024-12-11,Premium
11990,Daniel,Smith,Visakhapatnam,Maharashtra,2022-08-20,Regular
11991,Neha,Reddy,Hyderabad,Rajasthan,2021-09-10,Regular
11992,Ananya,Nair,Visakhapatnam,Delhi,2023-11-28,Regular
11993,Aditya,Thomas,Delhi,West Bengal,2024-11-25,Regular
11994,Kavya,Smith,Mumbai,Rajasthan,2024-12-27,Regular
11995,Riya,Walker,Bengaluru,Rajasthan,2022-12-14,New
11996,Aarav,Clark,Vijayawada,Tamil Nadu,2024-06-03,Premium
11997,Sneha,Reddy,Hyderabad,Tamil Nadu,2025-03-10,Regular
11998,Sophia,Lewis,Delhi,West Bengal,2024-08-14,Regular
11999,Aditya,Nair,Bengaluru,Delhi,2023-01-30,New
12000,Aditya,Clark,Jaipur,Maharashtra,2022-02-22,Premium
12001,Olivia,Brown,Bengaluru,West Bengal,2022-08-19,Regular
12002,Arjun,Mehta,Visakhapatnam,West Bengal,2022-08-02,Regular
12003,Kiran,Reddy,Delhi,Rajasthan,2025-04-30,Regular
12004,Priya,Kumar,Hyderabad,Tamil Nadu,2024-03-18,New
12005,Riya,Smith,Vijayawada,Andhra Pradesh,2024-10-05,New
12006,Rahul,Smith,Visakhapatnam,Karnataka,2024-05-28,New
12007,Ananya,Smith,Chennai,Rajasthan,2023-02-02,New
12008,Vikram,Patel,Jaipur,Telangana,2024-06-18,Regular
12009,Riya,Brown,Vijayawada,Andhra Pradesh,2023-10-21,Regular
12010,Kavya,Reddy,Vijayawada,Telangana,2024-03-30,Regular
12011,Priya,Kumar,Mumbai,Rajasthan,2022-04-27,Regular
12012,Kiran,Mehta,Bengaluru,Rajasthan,2022-01-06,New
12013,Vikram,Wilson,Pune,Andhra Pradesh,2021-10-16,Regular
12014,Daniel,Taylor,Visakhapatnam,Andhra Pradesh,2022-04-08,Regular
12015,Kavya,White,Delhi,Maharashtra,2025-04-15,Regular
12016,Rohan,Lewis,,Karnataka,2025-02-16,New
12017,Ananya,Nair,Vijayawada,Rajasthan,2021-08-23,Premium
12018,Aisha,Thomas,Mumbai,Delhi,2023-06-06,Regular
12019,Aisha,Reddy,Hyderabad,Andhra Pradesh,2025-02-13,Premium
12020,Priya,Lewis,Visakhapatnam,West Bengal,2024-04-22,Regular
12021,Rohan,Nair,Kolkata,West Bengal,2023-09-07,Regular
12022,Meera,Thomas,Delhi,Tamil Nadu,2023-08-17,Premium
12023,Meera,White,Delhi,Maharashtra,2022-06-06,Premium
12024,Sneha,Martin,Visakhapatnam,Maharashtra,2025-01-19,Regular
12025,Arjun,Walker,Vijayawada,Delhi,2021-05-13,Premium
12026,Priya,Sharma,Kolkata,West Bengal,2024-10-22,Premium
12027,Kavya,Patel,Vijayawada,Karnataka,2024-10-25,Regular
12028,Sophia,Wilson,Chennai,Karnataka,2022-02-23,New
12029,Neha,Brown,Vijayawada,Telangana,2023-03-31,Regular
12030,Rohan,Kumar,Jaipur,Delhi,2024-11-16,Regular
12031,Sneha,Martin,Chennai,West Bengal,2023-01-29,Regular
12032,Vikram,Reddy,Delhi,Karnataka,2022-04-26,Regular
12033,Arjun,White,Kolkata,West Bengal,2021-04-23,Regular
12034,Meera,Patel,Delhi,Telangana,2022-12-07,Premium
12035,Sophia,Verma,Jaipur,Andhra Pradesh,2022-03-21,Regular
12036,Emma,Clark,Pune,West Bengal,2024-09-23,New
12037,Sneha,Brown,Chennai,West Bengal,2024-10-09,Regular
12038,Aarav,Martin,Bengaluru,West Bengal,2022-06-03,Regular
12039,Sophia,Martin,Visakhapatnam,Tamil Nadu,2021-12-03,New
12040,Ananya,Walker,Kolkata,Rajasthan,2022-04-11,Regular
12041,Aditya,Mehta,Delhi,West Bengal,2022-10-05,Premium
12042,Olivia,White,Pune,Karnataka,2023-12-06,New
12043,Aisha,Brown,Pune,Rajasthan,2021-09-01,Regular
12044,Aisha,Lewis,Jaipur,West Bengal,2025-05-19,Regular
12045,Aditya,Martin,Kolkata,Tamil Nadu,2024-01-26,Regular
12046,Sophia,Kumar,Jaipur,Rajasthan,2021-07-29,Regular
12047,Priya,Wilson,Visakhapatnam,Karnataka,2022-05-19,Regular
12048,Neha,Lewis,Vijayawada,West Bengal,2024-01-27,Regular
12049,Riya,Kumar,Delhi,West Bengal,2023-03-18,Premium
12050,Meera,Clark,Chennai,Rajasthan,2023-04-24,New
12051,Vikram,Kumar,Kolkata,Delhi,2021-03-08,Regular
12052,Rohan,Lewis,Vijayawada,Rajasthan,2022-10-19,Regular
12053,Kiran,Thomas,Delhi,Tamil Nadu,2023-09-11,New
12054,Daniel,Patel,Hyderabad,Andhra Pradesh,2024-04-14,Regular
12055,Aisha,Martin,Jaipur,Karnataka,2022-12-17,Regular
12056,Kiran,Kumar,Visakhapatnam,Rajasthan,2023-06-07,New
12057,Aisha,Smith,Mumbai,Andhra Pradesh,2021-12-22,New
12058,Aisha,Walker,Pune,West Bengal,2024-06-30,New
12059,Kiran,Singh,Bengaluru,Telangana,2024-01-22,Regular
12060,Ananya,Patel,Jaipur,Maharashtra,2024-04-05,Regular
12061,Olivia,Verma,Chennai,Karnataka,2023-12-05,Regular
12062,Sneha,Nair,Mumbai,Rajasthan,2025-04-26,Regular
12063,Rahul,Sharma,Pune,Maharashtra,2024-11-08,Regular
12064,Aisha,Mehta,Chennai,Andhra Pradesh,2024-07-21,Premium
12065,Sneha,Gupta,Kolkata,Rajasthan,2022-06-21,Premium
12066,Neha,Kumar,Jaipur,Telangana,2021-04-17,New
12067,Aisha,Gupta,Visakhapatnam,Andhra Pradesh,2021-01-02,Regular
12068,Daniel,Sharma,Delhi,Tamil Nadu,2024-06-01,Regular
12069,Rohan,Walker,Bengaluru,Telangana,2024-12-09,Regular
12070,Ananya,White,Visakhapatnam,Tamil Nadu,2023-11-06,New
12071,Vikram,Nair,Chennai,Delhi,2024-02-28,New
12072,Kavya,Lewis,Jaipur,Andhra Pradesh,2021-05-24,Premium
12073,Ananya,Mehta,Mumbai,West Bengal,2023-06-24,Regular
12074,Rohan,Walker,Delhi,Karnataka,2023-08-27,Regular
12075,Meera,Patel,Pune,Tamil Nadu,2021-09-08,Premium
12076,Ananya,Gupta,Pune,Tamil Nadu,2024-04-16,New
12077,Priya,Martin,Bengaluru,West Bengal,2022-06-21,Premium
12078,Ananya,Singh,Delhi,Delhi,2021-11-12,Regular
12079,Aditya,Clark,Pune,Telangana,2024-01-19,Regular
12080,Rahul,Verma,Visakhapatnam,Telangana,2022-11-27,New
12081,Emma,Verma,Pune,Telangana,2023-05-08,New
12082,Arjun,Mehta,Jaipur,Rajasthan,2023-05-18,Regular
12083,Rohan,Thomas,Chennai,Delhi,2023-09-24,New
12084,Meera,Sharma,Mumbai,Maharashtra,2022-10-24,New
12085,Rahul,Thomas,Hyderabad,Andhra Pradesh,2024-07-27,New
12086,Meera,Thomas,Vijayawada,Karnataka,2024-11-02,Regular
12087,Aisha,Clark,Hyderabad,Telangana,2023-02-14,Premium
12088,Meera,White,Chennai,Tamil Nadu,2021-09-28,New
12089,Rohan,Thomas,Jaipur,Karnataka,2022-03-23,New
12090,Aarav,Brown,Kolkata,Andhra Pradesh,2024-05-19,Regular
12091,Olivia,Mehta,Delhi,Andhra Pradesh,2022-02-15,Regular
12092,Rohan,Nair,Visakhapatnam,West Bengal,2024-05-29,Regular
12093,Emma,Clark,Vijayawada,Rajasthan,2023-11-26,Premium
12094,Vikram,Nair,Visakhapatnam,Maharashtra,2022-12-18,New
12095,Vikram,Smith,Kolkata,Karnataka,2021-07-22,Regular
12096,Riya,Reddy,Pune,Tamil Nadu,2023-05-14,Premium
12097,Daniel,Rao,Bengaluru,Karnataka,2024-01-14,Regular
12098,Olivia,Gupta,Mumbai,Rajasthan,2021-09-03,Regular
12099,Riya,Verma,Vijayawada,Delhi,2024-08-12,Premium
12100,Sanjay,Brown,Chennai,Andhra Pradesh,2021-11-09,New
12101,Daniel,Martin,Kolkata,Tamil Nadu,2022-10-23,New
12102,Meera,Verma,Bengaluru,West Bengal,2023-05-01,New
12103,Vikram,Patel,Hyderabad,Tamil Nadu,2024-03-28,Regular
12104,Rahul,Brown,Mumbai,Maharashtra,2021-12-26,Premium
12105,Olivia,Reddy,Chennai,West Bengal,2022-06-22,New
12106,Aditya,Clark,Visakhapatnam,Rajasthan,2024-07-14,Regular
12107,Riya,Thomas,Mumbai,Delhi,2022-06-12,Regular
12108,Rahul,Singh,Pune,West Bengal,2023-09-13,New
12109,Aditya,Gupta,Pune,Delhi,2022-09-29,Regular
12110,Aditya,Sharma,Mumbai,Maharashtra,2021-04-01,Regular
12111,Aditya,Nair,Jaipur,Rajasthan,2023-04-04,Premium
12112,Meera,Sharma,Vijayawada,Rajasthan,2022-07-27,Regular
12113,Daniel,Walker,Bengaluru,Tamil Nadu,2022-02-28,New
12114,Daniel,Kumar,Chennai,Rajasthan,2024-10-05,Regular
12115,Aisha,Taylor,Hyderabad,Maharashtra,2024-05-23,Regular
12116,Sanjay,Smith,Chennai,West Bengal,2022-03-20,New
12117,Sophia,Singh,Kolkata,Delhi,2023-04-19,New
12118,Neha,Clark,Jaipur,Andhra Pradesh,2024-02-26,Regular
12119,Neha,Kumar,Pune,Andhra Pradesh,2021-03-27,Regular
12120,Aisha,Lewis,Hyderabad,Maharashtra,2021-05-31,Regular
12121,Riya,Martin,Hyderabad,West Bengal,2023-05-14,New
12122,Sophia,Wilson,Pune,Delhi,2025-01-28,Regular
12123,Sneha,Lewis,Chennai,Andhra Pradesh,2025-01-23,Regular
12124,Kavya,Verma,Delhi,Karnataka,2022-12-20,New
12125,Aisha,Gupta,Bengaluru,West Bengal,2024-02-01,New
12126,Aditya,Patel,Chennai,Delhi,2023-02-26,Regular
12127,Rohan,Walker,Delhi,Maharashtra,2024-12-18,Regular
12128,Kavya,Verma,Chennai,Tamil Nadu,2023-07-01,New
12129,Arjun,Clark,Mumbai,West Bengal,2024-11-27,Premium
12130,Rohan,Rao,Chennai,Tamil Nadu,2022-08-05,New
12131,Aisha,White,Hyderabad,Telangana,2025-01-29,Regular
12132,Sophia,Lewis,Mumbai,Rajasthan,2024-03-06,New
12133,Neha,Rao,Mumbai,Maharashtra,2024-05-13,Regular
12134,Kiran,Mehta,Visakhapatnam,Karnataka,2021-01-24,Regular
12135,Ananya,Thomas,Visakhapatnam,Karnataka,2024-07-14,Regular
12136,Meera,Singh,Pune,Andhra Pradesh,2021-09-17,Premium
12137,Neha,Sharma,Chennai,Tamil Nadu,2025-02-06,New
12138,Aarav,Gupta,Pune,Tamil Nadu,2021-10-30,New
12139,Neha,Smith,Kolkata,Maharashtra,2024-08-14,New
12140,Ananya,Kumar,Mumbai,Telangana,2023-10-14,Regular
12141,Aisha,Rao,Vijayawada,Delhi,2022-09-21,Regular
12142,Olivia,Walker,Jaipur,Telangana,2024-11-25,New
12143,Sophia,Reddy,Pune,Andhra Pradesh,2022-09-14,Regular
12144,Kavya,Reddy,Bengaluru,Maharashtra,2021-04-12,Regular
12145,Kiran,Verma,Bengaluru,Karnataka,2021-05-02,Premium
12146,Ananya,Sharma,Visakhapatnam,Maharashtra,2024-09-25,Regular
12147,Vikram,Sharma,Pune,Karnataka,2022-09-08,Premium
12148,Daniel,Patel,Mumbai,Tamil Nadu,2024-08-04,Regular
12149,Emma,Kumar,Kolkata,Karnataka,2021-02-02,Premium
12150,Olivia,Clark,Jaipur,West Bengal,2021-05-03,Regular
12151,Rohan,Kumar,Pune,Rajasthan,2025-04-30,New
12152,Rohan,Brown,Mumbai,Maharashtra,2021-08-18,Regular
12153,Olivia,Martin,Visakhapatnam,Telangana,2024-01-06,Regular
12154,Neha,Wilson,Hyderabad,Telangana,2022-07-15,New
12155,Aisha,Taylor,Visakhapatnam,Andhra Pradesh,2023-03-12,Regular
12156,Priya,Nair,Delhi,Tamil Nadu,2021-07-03,Premium
12157,Ananya,Lewis,Hyderabad,Tamil Nadu,2022-03-03,Regular
12158,Kavya,Reddy,Chennai,Telangana,2024-04-28,New
12159,Emma,Kumar,Kolkata,West Bengal,2023-05-08,Regular
12160,Rohan,Lewis,Vijayawada,Telangana,2023-03-18,Regular
12161,Emma,Reddy,Bengaluru,Rajasthan,2025-02-20,New
12162,Sanjay,Patel,Kolkata,Karnataka,2022-10-20,New
12163,Ananya,Patel,Jaipur,Telangana,2024-07-09,New
12164,Daniel,Sharma,Kolkata,West Bengal,2024-03-05,Regular
12165,Sophia,Kumar,Vijayawada,Tamil Nadu,2023-01-08,New
12166,Daniel,Smith,Bengaluru,West Bengal,2022-04-14,New
12167,Rohan,Taylor,Kolkata,Telangana,2022-07-21,Regular
12168,Emma,Reddy,Vijayawada,Andhra Pradesh,2024-10-26,Premium
12169,Daniel,Walker,Bengaluru,Tamil Nadu,2022-05-05,Regular
12170,Sophia,Reddy,Mumbai,Andhra Pradesh,2023-11-13,Regular
12171,Aarav,Taylor,Visakhapatnam,Rajasthan,2021-07-19,Regular
12172,Aisha,Clark,Jaipur,Delhi,2022-07-09,New
12173,Sophia,Brown,Bengaluru,Tamil Nadu,2025-02-04,Premium
12174,Riya,Mehta,Vijayawada,Tamil Nadu,2023-05-14,New
12175,Sanjay,Kumar,Delhi,West Bengal,2024-08-08,New
12176,Riya,Singh,Delhi,Telangana,2022-02-20,Regular
12177,Rahul,Lewis,Delhi,Karnataka,2024-05-02,New
12178,Priya,Rao,Visakhapatnam,West Bengal,2025-04-25,New
12179,Kavya,Sharma,Pune,Telangana,2025-01-20,Regular
12180,Priya,Martin,Delhi,Tamil Nadu,2022-11-28,Regular
12181,Meera,Taylor,Kolkata,West Bengal,2023-12-27,New
12182,Sanjay,Reddy,Delhi,Tamil Nadu,2024-12-05,Regular
12183,Kavya,Reddy,Visakhapatnam,Rajasthan,2024-07-25,Regular
12184,Kavya,Kumar,Chennai,Rajasthan,2025-04-14,Premium
12185,Kavya,Reddy,Jaipur,Telangana,2021-02-20,New
12186,Aditya,Wilson,Kolkata,Karnataka,2023-05-08,Premium
12187,Rohan,Kumar,Jaipur,Rajasthan,2024-06-20,Regular
12188,Aditya,Wilson,Mumbai,Telangana,2024-03-13,Regular
12189,Priya,Patel,Pune,Maharashtra,2021-09-03,New
12190,Sneha,White,Hyderabad,Rajasthan,2023-07-05,Regular
12191,Kiran,Martin,Jaipur,Delhi,2021-09-22,New
12192,Ananya,Nair,Visakhapatnam,Tamil Nadu,2021-05-27,Regular
12193,Aditya,Verma,Chennai,Telangana,2021-06-28,Regular
12194,Sanjay,Reddy,Hyderabad,Maharashtra,2025-03-04,New
12195,Meera,Reddy,Kolkata,Delhi,2022-03-12,New
12196,Emma,Brown,Kolkata,Telangana,2023-01-01,Premium
12197,Aditya,Sharma,Delhi,Delhi,2022-02-15,Regular
12198,Olivia,Wilson,Bengaluru,Maharashtra,2024-12-01,Regular
12199,Sneha,Nair,Jaipur,Tamil Nadu,2024-11-23,Premium
12200,Vikram,Kumar,Pune,Rajasthan,2023-11-15,New
12201,Kiran,Brown,Vijayawada,Rajasthan,2024-08-18,Regular
12202,Aarav,Smith,Visakhapatnam,West Bengal,2021-06-18,Regular
12203,Aarav,Martin,Delhi,Delhi,2025-05-19,New
12204,Rohan,Patel,Hyderabad,Maharashtra,2022-10-30,New
12205,Priya,Brown,Visakhapatnam,Telangana,2022-10-03,Premium
12206,Riya,Clark,Kolkata,Tamil Nadu,2021-11-10,New
12207,Rahul,Gupta,Visakhapatnam,Telangana,2024-11-04,New
12208,Emma,Clark,Kolkata,Tamil Nadu,2021-09-29,Regular
12209,Sanjay,Martin,Jaipur,Maharashtra,2024-10-04,Regular
12210,Rahul,Verma,Visakhapatnam,Delhi,2024-02-19,Regular
12211,Meera,Lewis,Chennai,Tamil Nadu,2024-05-20,New
12212,Riya,White,Bengaluru,Tamil Nadu,2021-02-18,Regular
12213,Kavya,Singh,Bengaluru,West Bengal,2024-03-27,Regular
12214,Rahul,White,Vijayawada,Karnataka,2025-03-26,Regular
12215,Rahul,Sharma,Chennai,Karnataka,2022-09-23,Premium
12216,Kiran,Kumar,Pune,West Bengal,2022-12-21,New
12217,Priya,Sharma,Vijayawada,Delhi,2021-06-29,Regular
12218,Sophia,Nair,Pune,Andhra Pradesh,2023-02-23,Regular
12219,Aditya,Walker,Hyderabad,West Bengal,2023-12-14,Regular
12220,Vikram,Wilson,Mumbai,Rajasthan,2022-04-25,Regular
12221,Daniel,Wilson,Hyderabad,West Bengal,2024-04-01,New
12222,Vikram,Reddy,Mumbai,Andhra Pradesh,2021-05-17,Regular
12223,Aarav,Brown,Vijayawada,Karnataka,2023-12-15,Regular
12224,Ananya,Nair,Delhi,Delhi,2023-07-31,Regular
12225,Ananya,Mehta,Kolkata,Rajasthan,2022-01-03,New
12226,Kavya,Gupta,Bengaluru,Andhra Pradesh,2022-07-06,New
12227,Olivia,Singh,Vijayawada,Maharashtra,2022-01-19,New
12228,Daniel,White,Pune,Rajasthan,2023-09-26,New
12229,Aditya,Smith,Chennai,Tamil Nadu,2023-10-16,New
12230,Sophia,Verma,Kolkata,Telangana,2023-06-09,New
12231,Kavya,Reddy,Bengaluru,Andhra Pradesh,2021-11-07,New
12232,Arjun,Thomas,Pune,Maharashtra,2021-12-14,New
12233,Daniel,Mehta,Pune,Telangana,2024-07-21,Premium
12234,Rahul,Nair,Bengaluru,Karnataka,2023-01-09,Regular
12235,Sneha,Taylor,Jaipur,Telangana,2022-11-28,New
12236,Riya,Kumar,Mumbai,Rajasthan,2022-05-08,Regular
12237,Sanjay,Brown,Hyderabad,Andhra Pradesh,2025-01-28,Regular
12238,Aditya,Lewis,Pune,Rajasthan,2022-01-19,New
12239,Priya,Mehta,Jaipur,Karnataka,2024-05-15,Regular
12240,Olivia,Sharma,Kolkata,Andhra Pradesh,2024-05-16,New
12241,Sanjay,Singh,Kolkata,Delhi,2022-01-25,Regular
12242,Meera,Reddy,Jaipur,Tamil Nadu,2021-01-20,New
12243,Priya,Brown,Hyderabad,West Bengal,2022-02-04,Regular
12244,Rahul,Nair,Delhi,Rajasthan,2022-03-07,New
12245,Aisha,Kumar,Mumbai,Maharashtra,2024-04-06,New
12246,Emma,Taylor,Kolkata,Telangana,2023-04-30,Regular
12247,Sneha,Patel,Visakhapatnam,Andhra Pradesh,2022-11-20,New
12248,Vikram,Rao,Hyderabad,Karnataka,2023-02-01,Regular
12249,Vikram,White,Bengaluru,Karnataka,2025-03-05,New
12250,Ananya,Reddy,Jaipur,Delhi,2025-02-13,Regular
12251,Neha,Singh,Pune,Andhra Pradesh,2021-02-10,Regular
12252,Sneha,Rao,Mumbai,Andhra Pradesh,2024-09-11,Regular
12253,Sanjay,Brown,Bengaluru,Andhra Pradesh,2022-08-01,Regular
12254,Neha,Singh,Mumbai,Rajasthan,2024-04-17,Premium
12255,Aditya,White,Hyderabad,Karnataka,2025-04-25,New
12256,Meera,Sharma,Chennai,Tamil Nadu,2023-04-03,Regular
12257,Riya,Walker,Bengaluru,West Bengal,2023-09-26,Regular
12258,Meera,Brown,Hyderabad,Maharashtra,2022-11-18,Regular
12259,Aarav,Sharma,Jaipur,West Bengal,2021-04-30,Regular
12260,Sophia,Kumar,Vijayawada,Maharashtra,2021-02-28,Premium
12261,Aarav,Kumar,Jaipur,Maharashtra,2022-07-31,Regular
12262,Sophia,Gupta,Chennai,Telangana,2024-08-07,New
12263,Aarav,Rao,Chennai,Delhi,2022-07-01,Regular
12264,Neha,Wilson,Chennai,Andhra Pradesh,2022-11-21,New
12265,Rahul,Rao,Delhi,Andhra Pradesh,2023-04-30,Regular
12266,Arjun,Martin,Bengaluru,Tamil Nadu,2022-05-29,Regular
12267,Meera,Gupta,Chennai,West Bengal,2023-02-23,New
12268,Aisha,Gupta,Jaipur,Karnataka,2023-08-29,New
12269,Rahul,Gupta,Mumbai,West Bengal,2024-09-23,Premium
12270,Sophia,Rao,Vijayawada,Maharashtra,2024-04-21,New
12271,Rohan,Clark,Chennai,Rajasthan,2024-08-01,New
12272,Rohan,Singh,Jaipur,West Bengal,2023-04-17,New
12273,Aditya,Gupta,Kolkata,Telangana,2024-01-23,Regular
12274,Priya,White,Visakhapatnam,Andhra Pradesh,2021-08-28,New
12275,Vikram,Taylor,Delhi,West Bengal,2021-08-25,Regular
12276,Ananya,Patel,Jaipur,Karnataka,2025-01-14,New
12277,Sanjay,Lewis,Mumbai,Tamil Nadu,2023-08-25,New
12278,Arjun,Patel,Pune,Karnataka,2021-06-30,New
12279,Kiran,Patel,Hyderabad,Tamil Nadu,2022-10-15,New
12280,Meera,Verma,Bengaluru,Rajasthan,2025-04-01,Regular
12281,Riya,Taylor,Vijayawada,Rajasthan,2021-02-03,New
12282,Kiran,Patel,Mumbai,Delhi,2022-12-09,Regular
12283,Rohan,Thomas,Bengaluru,Tamil Nadu,2024-09-01,Regular
12284,Riya,Patel,Chennai,Tamil Nadu,2025-02-23,New
12285,Meera,Thomas,Mumbai,Rajasthan,2022-08-13,New
12286,Emma,Reddy,Vijayawada,Karnataka,2025-01-03,Regular
12287,Daniel,Mehta,Hyderabad,Andhra Pradesh,2024-02-20,Regular
12288,Emma,Wilson,Hyderabad,Rajasthan,2022-10-13,Regular
12289,Daniel,Gupta,Vijayawada,Andhra Pradesh,2024-06-01,Regular
12290,Ananya,Wilson,Bengaluru,West Bengal,2024-07-04,New
12291,Kiran,Taylor,Pune,Rajasthan,2022-03-17,Regular
12292,Rohan,Taylor,Kolkata,Karnataka,2021-05-24,Regular
12293,Sanjay,Nair,Delhi,Rajasthan,2024-06-03,New
12294,Aisha,Thomas,Bengaluru,Telangana,2021-05-13,Regular
12295,Aisha,Martin,Vijayawada,Telangana,2024-05-30,Regular
12296,Emma,Rao,Hyderabad,Karnataka,2022-07-24,Regular
12297,Vikram,Martin,Chennai,Delhi,2024-01-30,Regular
12298,Priya,Walker,Bengaluru,Karnataka,2023-09-03,New
12299,Sanjay,Clark,Delhi,West Bengal,2021-03-03,Regular
12300,Olivia,Martin,Kolkata,Telangana,2021-01-15,Regular
12301,Aditya,Thomas,Kolkata,West Bengal,2023-10-05,Regular
12302,Rahul,Clark,Bengaluru,Karnataka,2023-04-05,Regular
12303,Sneha,Gupta,Mumbai,Delhi,2021-03-11,Regular
12304,Olivia,Martin,Bengaluru,Telangana,2025-04-11,Regular
12305,Daniel,Patel,Mumbai,Rajasthan,2022-01-17,New
12306,Arjun,Nair,Chennai,Maharashtra,2024-10-05,Regular
12307,Rohan,Walker,Vijayawada,Delhi,2021-07-06,Regular
12308,Vikram,Gupta,Vijayawada,Maharashtra,2022-01-07,New
12309,Rohan,Clark,Visakhapatnam,Delhi,2023-04-27,New
12310,Neha,Verma,Chennai,Maharashtra,2023-04-25,New
12311,Aditya,Singh,Hyderabad,Telangana,2023-08-24,Regular
12312,Arjun,Reddy,Hyderabad,Andhra Pradesh,2021-10-02,New
12313,Neha,Brown,Visakhapatnam,West Bengal,2022-02-27,Regular
12314,Arjun,Mehta,Jaipur,Tamil Nadu,2022-02-26,Premium
12315,Sanjay,Brown,Chennai,Telangana,2022-12-06,Premium
12316,Aarav,Sharma,Visakhapatnam,Rajasthan,2025-01-16,New
12317,Arjun,Gupta,Delhi,Tamil Nadu,2023-01-10,Regular
12318,Ananya,Sharma,Bengaluru,Rajasthan,2025-05-16,Premium
12319,Olivia,Rao,Mumbai,Andhra Pradesh,2022-02-07,Regular
12320,Riya,Walker,Chennai,Rajasthan,2022-01-24,New
12321,Arjun,Patel,Vijayawada,West Bengal,2021-06-11,Regular
12322,Aarav,Taylor,Bengaluru,Karnataka,2021-12-06,Regular
12323,Rohan,Sharma,Bengaluru,Telangana,2022-05-14,Regular
12324,Meera,Smith,Vijayawada,Karnataka,2022-09-07,Premium
12325,Aisha,Walker,Mumbai,Maharashtra,2024-02-16,Premium
12326,Emma,Rao,Chennai,Delhi,2022-12-15,Regular
12327,Rohan,Patel,Visakhapatnam,Rajasthan,2024-01-03,New
12328,Vikram,Smith,Jaipur,Karnataka,2021-05-23,Regular
12329,Aarav,Gupta,Delhi,West Bengal,2025-02-24,Regular
12330,Rahul,Lewis,Visakhapatnam,Telangana,2021-08-25,Regular
12331,Arjun,Clark,Visakhapatnam,Maharashtra,2021-02-23,Regular
12332,Olivia,Taylor,Delhi,Telangana,2022-11-11,Regular
12333,Aditya,Wilson,Visakhapatnam,Tamil Nadu,2023-11-09,Regular
12334,Emma,Wilson,Hyderabad,Delhi,2022-01-12,Premium
12335,Sneha,Martin,Hyderabad,West Bengal,2021-09-18,Regular
12336,Neha,Mehta,Visakhapatnam,Andhra Pradesh,2024-09-13,Regular
12337,Priya,White,Bengaluru,Delhi,2024-08-12,Regular
12338,Emma,Rao,Vijayawada,Tamil Nadu,2024-04-17,Regular
12339,Aarav,Sharma,Pune,Rajasthan,2021-12-20,Regular
12340,Arjun,Taylor,Vijayawada,Rajasthan,2023-05-09,New
12341,Ananya,Taylor,Kolkata,Rajasthan,2024-01-09,Regular
12342,Kiran,White,Hyderabad,Andhra Pradesh,2022-11-24,Regular
12343,Neha,Nair,Mumbai,Andhra Pradesh,2021-10-14,Regular
12344,Aisha,Verma,Vijayawada,Telangana,2024-08-22,Premium
12345,Sneha,Smith,Jaipur,Delhi,2025-02-10,Premium
12346,Aditya,Nair,Visakhapatnam,Maharashtra,2021-09-23,Regular
12347,Rohan,Thomas,Visakhapatnam,Tamil Nadu,2024-01-30,Premium
12348,Riya,Verma,Jaipur,Telangana,2024-11-20,Regular
12349,Sanjay,Thomas,Visakhapatnam,Karnataka,2023-05-16,Premium
12350,Neha,Verma,Delhi,Rajasthan,2021-03-20,Premium
12351,Neha,Singh,Mumbai,Rajasthan,2024-01-10,Regular
12352,Riya,White,Delhi,West Bengal,2025-01-17,New
12353,Aisha,Brown,Vijayawada,Telangana,2022-02-23,New
12354,Priya,Martin,Pune,West Bengal,2021-08-11,Regular
12355,Rohan,Smith,Visakhapatnam,Karnataka,2022-02-09,Regular
12356,Kiran,Nair,Vijayawada,West Bengal,2024-07-23,Regular
12357,Ananya,White,Chennai,Telangana,2023-06-11,Regular
12358,Sanjay,Nair,Jaipur,Tamil Nadu,2021-01-29,Regular
12359,Kavya,White,Visakhapatnam,Telangana,2023-07-30,New
12360,Sanjay,Verma,Delhi,Rajasthan,2024-07-28,New
12361,Kavya,Sharma,Bengaluru,Delhi,2021-10-24,Regular
12362,Riya,Sharma,Chennai,Rajasthan,2023-07-24,New
12363,Sophia,White,Visakhapatnam,Telangana,2022-01-02,Premium
12364,Rahul,Brown,Hyderabad,West Bengal,2021-01-31,Premium
12365,Riya,Nair,Pune,Maharashtra,2022-10-04,Regular
12366,Arjun,Clark,Kolkata,Maharashtra,2024-05-23,Regular
12367,Rohan,Wilson,Chennai,Andhra Pradesh,2023-12-07,Regular
12368,Vikram,Taylor,Visakhapatnam,Telangana,2021-06-12,Premium
12369,Vikram,Taylor,Delhi,Rajasthan,2021-10-25,Regular
12370,Vikram,Patel,Hyderabad,Telangana,2023-05-14,Premium
12371,Aarav,Reddy,Mumbai,Tamil Nadu,2022-05-29,Regular
12372,Emma,Martin,Mumbai,Karnataka,2022-06-16,New
12373,Arjun,Sharma,Chennai,Delhi,2022-11-29,Regular
12374,Kiran,Martin,Jaipur,Delhi,2024-04-29,Regular
12375,Meera,Kumar,Mumbai,West Bengal,2023-07-11,Premium
12376,Sophia,Gupta,Delhi,Andhra Pradesh,2024-09-27,New
12377,Olivia,Martin,Delhi,Andhra Pradesh,2021-06-13,Regular
12378,Rahul,Wilson,Chennai,Rajasthan,2023-01-13,Regular
12379,Sophia,Thomas,Delhi,Maharashtra,2023-05-31,Premium
12380,Meera,Wilson,Mumbai,Karnataka,2024-04-27,Regular
12381,Vikram,Sharma,Hyderabad,Karnataka,2023-04-05,New
12382,Ananya,Clark,Pune,Tamil Nadu,2025-01-06,Premium
12383,Daniel,Singh,Delhi,Delhi,2024-09-02,Regular
12384,Kiran,Kumar,Bengaluru,Telangana,2024-01-08,Premium
12385,Vikram,Lewis,Vijayawada,Rajasthan,2022-09-29,Regular
12386,Olivia,Patel,Kolkata,Rajasthan,2022-05-31,New
12387,Sophia,Brown,Mumbai,Karnataka,2023-05-04,Premium
12388,Sophia,Mehta,,Andhra Pradesh,2023-01-12,Regular
12389,Sophia,Thomas,Mumbai,Delhi,2021-02-16,Premium
12390,Olivia,Sharma,Kolkata,Maharashtra,2022-01-03,New
12391,Priya,Kumar,Bengaluru,West Bengal,2024-08-29,Regular
12392,Vikram,Verma,Kolkata,Delhi,2023-01-04,New
12393,Kavya,Mehta,Hyderabad,Tamil Nadu,2025-02-28,New
12394,Sanjay,Thomas,Hyderabad,Delhi,2022-01-29,Premium
12395,Priya,Wilson,Chennai,Karnataka,2025-03-29,New
12396,Meera,Kumar,Bengaluru,Tamil Nadu,2024-07-15,New
12397,Daniel,White,Pune,Rajasthan,2022-07-28,Premium
12398,Aditya,Mehta,Bengaluru,Karnataka,2023-09-03,Regular
12399,Aditya,White,Chennai,Delhi,2025-05-01,Regular
12400,Aisha,White,Hyderabad,Tamil Nadu,2023-10-11,Premium
12401,Aarav,Reddy,Visakhapatnam,Maharashtra,2025-01-30,Regular
12402,Sneha,Brown,Vijayawada,Karnataka,2021-06-26,New
12403,Aisha,Verma,Chennai,Delhi,2021-09-19,Regular
12404,Sneha,Mehta,Bengaluru,Delhi,2021-01-03,Regular
12405,Kiran,Rao,Visakhapatnam,Delhi,2022-06-05,New
12406,Emma,Smith,Kolkata,Tamil Nadu,2024-06-16,Regular
12407,Kiran,Mehta,Visakhapatnam,Delhi,2025-03-23,Regular
12408,Aisha,Patel,Bengaluru,West Bengal,2023-05-18,New
12409,Priya,Gupta,Mumbai,West Bengal,2022-11-08,New
12410,Aarav,Kumar,Bengaluru,Delhi,2025-01-30,Premium
12411,Neha,Clark,Pune,Tamil Nadu,2023-07-31,New
12412,Aarav,Taylor,Bengaluru,Delhi,2023-05-10,New
12413,Daniel,Nair,Hyderabad,Delhi,2021-05-16,Premium
12414,Kavya,Nair,Delhi,Rajasthan,2021-12-10,Regular
12415,Kiran,Reddy,Jaipur,Maharashtra,2024-01-22,Premium
12416,Priya,Gupta,Kolkata,Tamil Nadu,2024-01-23,Premium
12417,Kavya,Walker,Vijayawada,West Bengal,2023-03-05,Regular
12418,Aditya,Sharma,Visakhapatnam,West Bengal,2024-01-27,Regular
12419,Aditya,Kumar,Jaipur,Maharashtra,2024-01-12,New
12420,Ananya,Clark,Bengaluru,Telangana,2021-04-15,New
12421,Aditya,Brown,Chennai,West Bengal,2024-08-28,New
12422,Riya,Sharma,Kolkata,West Bengal,2024-01-15,Regular
12423,Rahul,Mehta,Visakhapatnam,Rajasthan,2021-12-18,Regular
12424,Emma,Martin,Vijayawada,Delhi,2021-12-07,Regular
12425,Rohan,Rao,Vijayawada,Delhi,2025-03-13,New
12426,Sneha,Nair,Mumbai,Karnataka,2022-02-12,Regular
12427,Vikram,Wilson,Mumbai,Maharashtra,2021-02-21,New
12428,Kiran,Smith,Hyderabad,Telangana,2021-02-20,New
12429,Riya,Walker,Mumbai,Delhi,2022-01-01,Regular
12430,Aditya,Singh,Bengaluru,West Bengal,2023-10-01,Regular
12431,Rahul,Gupta,Jaipur,Andhra Pradesh,2023-01-01,Regular
12432,Neha,Patel,Hyderabad,West Bengal,2024-03-16,Regular
12433,Vikram,Taylor,Mumbai,Andhra Pradesh,2022-01-07,Regular
12434,Rohan,Brown,Visakhapatnam,West Bengal,2022-01-04,Premium
12435,Priya,Rao,Jaipur,Andhra Pradesh,2022-10-09,Regular
12436,Sneha,Taylor,Mumbai,Maharashtra,2024-06-22,Regular
12437,Kavya,Nair,Pune,Delhi,2023-03-16,New
12438,Meera,Patel,Delhi,West Bengal,2024-05-04,Regular
12439,Emma,Brown,Visakhapatnam,Delhi,2021-05-30,Regular
12440,Arjun,Verma,Vijayawada,Delhi,2022-10-18,New
12441,Kiran,Verma,Delhi,Andhra Pradesh,2022-12-01,Regular
12442,Aarav,Verma,Mumbai,Karnataka,2021-04-20,Regular
12443,Aarav,Walker,Mumbai,Tamil Nadu,2022-05-18,New
12444,Sanjay,Singh,Kolkata,Delhi,2022-03-25,Premium
12445,Sneha,Gupta,Visakhapatnam,West Bengal,2022-12-30,New
12446,Olivia,Smith,Hyderabad,Delhi,2021-09-22,Premium
12447,Riya,Sharma,Vijayawada,Karnataka,2022-03-08,Regular
12448,Kavya,Kumar,Pune,Andhra Pradesh,2025-03-15,New
12449,Riya,Smith,Bengaluru,Delhi,2021-08-17,New
12450,Vikram,Brown,Hyderabad,Maharashtra,2024-08-01,Regular
12451,Emma,Taylor,Mumbai,Rajasthan,2023-05-19,Regular
12452,Olivia,Kumar,Chennai,Maharashtra,2021-05-06,Regular
12453,Arjun,Lewis,Bengaluru,Karnataka,2022-10-04,Regular
12454,Priya,Mehta,Chennai,Rajasthan,2023-04-02,New
12455,Emma,Patel,Visakhapatnam,Maharashtra,2022-03-20,Regular
12456,Priya,Rao,Vijayawada,Rajasthan,2022-03-04,Premium
12457,Emma,Singh,Chennai,Delhi,2024-02-14,Regular
12458,Daniel,Mehta,Kolkata,Karnataka,2021-02-21,Regular
12459,Priya,Mehta,Pune,Maharashtra,2025-01-25,Regular
12460,Arjun,Verma,Vijayawada,Rajasthan,2022-05-31,Regular
12461,Rohan,Mehta,Chennai,Rajasthan,2022-09-03,Regular
12462,Sanjay,Walker,Hyderabad,Karnataka,2021-07-24,New
12463,Priya,White,Mumbai,Rajasthan,2024-11-10,New
12464,Sneha,Mehta,Jaipur,Andhra Pradesh,2021-12-23,Regular
12465,Priya,White,Delhi,West Bengal,2024-07-09,Premium
12466,Vikram,Clark,Hyderabad,Karnataka,2022-06-07,Regular
12467,Rohan,Clark,Jaipur,Delhi,2021-02-20,New
12468,Meera,Singh,Visakhapatnam,Maharashtra,2022-10-17,New
12469,Aarav,Verma,Delhi,Telangana,2023-04-18,Regular
12470,Sanjay,Nair,Vijayawada,Rajasthan,2023-01-20,Regular
12471,Olivia,Reddy,Bengaluru,Delhi,2025-04-29,New
12472,Arjun,Reddy,Delhi,Telangana,2023-04-13,New
12473,Ananya,Wilson,Jaipur,Tamil Nadu,2024-05-31,Regular
12474,Sanjay,Verma,Pune,Andhra Pradesh,2022-08-16,New
12475,Rahul,Clark,Hyderabad,Maharashtra,2021-08-20,Regular
12476,Ananya,Taylor,Vijayawada,Maharashtra,2023-03-09,Regular
12477,Neha,Reddy,Vijayawada,Karnataka,2023-06-15,New
12478,Vikram,Clark,Vijayawada,Telangana,2022-10-31,Regular
12479,Arjun,Mehta,Kolkata,Rajasthan,2024-05-11,New
12480,Rahul,Smith,Bengaluru,Rajasthan,2025-03-24,New
12481,Meera,White,Bengaluru,Telangana,2021-05-10,Premium
12482,Olivia,Wilson,Vijayawada,Delhi,2021-04-19,Regular
12483,Vikram,Sharma,Visakhapatnam,West Bengal,2022-03-15,New
12484,Rohan,Patel,Hyderabad,Rajasthan,2023-07-27,New
12485,Rohan,Verma,Delhi,Delhi,2021-03-09,New
12486,Kiran,Sharma,Delhi,Andhra Pradesh,2021-11-06,Premium
12487,Sanjay,Patel,Mumbai,Telangana,2022-10-17,Regular
12488,Arjun,Thomas,Kolkata,Telangana,2022-08-24,Regular
12489,Neha,Kumar,Jaipur,Maharashtra,2024-09-16,New
12490,Kiran,Patel,Visakhapatnam,Tamil Nadu,2023-05-25,Premium
12491,Rohan,Brown,Bengaluru,Andhra Pradesh,2024-10-27,Regular
12492,Aditya,Reddy,Pune,Tamil Nadu,2024-04-30,New
12493,Daniel,Gupta,Jaipur,Maharashtra,2022-10-25,Regular
12494,Kavya,Walker,Chennai,Delhi,2025-04-14,Regular
12495,Ananya,Wilson,Visakhapatnam,Rajasthan,2024-09-11,Regular
12496,Sanjay,White,Pune,Telangana,2023-03-01,Regular
12497,Emma,Nair,Delhi,Delhi,2024-09-22,New
12498,Olivia,Wilson,Chennai,Maharashtra,2022-02-16,Regular
12499,Aarav,Singh,Jaipur,Telangana,2021-11-30,Regular
12500,Daniel,Nair,Delhi,Andhra Pradesh,2024-06-20,Regular
12501,Meera,Patel,Delhi,Rajasthan,2024-06-16,Regular
12502,Arjun,Clark,Pune,Karnataka,2021-12-21,New
12503,Riya,Patel,Hyderabad,Andhra Pradesh,2024-04-21,Regular
12504,Rahul,Singh,Vijayawada,West Bengal,2023-03-24,Regular
12505,Arjun,Mehta,Mumbai,West Bengal,2023-06-13,Regular
12506,Rahul,Verma,Chennai,Maharashtra,2024-09-16,Premium
12507,Priya,Rao,Vijayawada,Tamil Nadu,2021-09-14,Regular
12508,Kavya,Nair,Bengaluru,Telangana,2022-10-09,Regular
12509,Ananya,Gupta,Kolkata,Telangana,2022-04-09,Regular
12510,Rahul,Walker,Pune,Karnataka,2023-06-11,New
12511,Vikram,Smith,Vijayawada,Delhi,2021-09-10,Premium
12512,Olivia,Walker,Hyderabad,Karnataka,2021-07-11,Regular
12513,Sophia,White,Vijayawada,West Bengal,2024-01-19,Premium
12514,Riya,Taylor,Chennai,Delhi,2021-03-31,Regular
12515,Rahul,Clark,Visakhapatnam,Tamil Nadu,2022-10-30,Regular
12516,Emma,Kumar,Mumbai,Telangana,2025-04-28,New
12517,Meera,Walker,Hyderabad,Delhi,2025-05-18,Regular
12518,Neha,Mehta,Pune,Andhra Pradesh,2021-10-14,Regular
12519,Rahul,Martin,Hyderabad,Maharashtra,2025-01-23,Premium
12520,Sophia,Singh,Chennai,Andhra Pradesh,2022-06-21,Regular
12521,Ananya,Reddy,Vijayawada,Tamil Nadu,2021-11-14,Regular
12522,Aarav,Lewis,Delhi,Telangana,2023-03-19,Regular
12523,Sanjay,Verma,Vijayawada,West Bengal,2023-02-21,New
12524,Ananya,Kumar,Visakhapatnam,Rajasthan,2022-08-23,Regular
12525,Arjun,Taylor,Pune,Rajasthan,2022-11-15,Premium
12526,Rohan,Reddy,Delhi,Rajasthan,2021-06-05,Regular
12527,Priya,Mehta,Hyderabad,Telangana,2022-02-26,Regular
12528,Daniel,Martin,Chennai,Telangana,2021-11-12,Premium
12529,Arjun,Martin,Vijayawada,Delhi,2025-01-31,New
12530,Sneha,Mehta,Hyderabad,Rajasthan,2023-03-01,Premium
12531,Daniel,Nair,Mumbai,Rajasthan,2023-05-24,Regular
12532,Emma,Clark,Bengaluru,Tamil Nadu,2022-12-04,New
12533,Daniel,Patel,Visakhapatnam,Maharashtra,2024-11-16,Regular
12534,Vikram,Reddy,Delhi,West Bengal,2024-07-01,New
12535,Emma,Patel,Kolkata,Rajasthan,2024-01-09,Regular
12536,Sophia,Clark,Kolkata,Karnataka,2022-05-14,New
12537,Rohan,Mehta,Chennai,Rajasthan,2022-05-09,New
12538,Priya,Sharma,Hyderabad,Andhra Pradesh,2025-02-13,Regular
12539,Neha,Patel,Mumbai,Telangana,2025-01-28,Regular
12540,Priya,Sharma,Bengaluru,Andhra Pradesh,2022-03-29,New
12541,Aditya,Clark,Mumbai,West Bengal,2022-06-23,Regular
12542,Sophia,Mehta,Mumbai,Rajasthan,2022-06-15,New
12543,Sophia,Reddy,Vijayawada,Karnataka,2024-06-08,Regular
12544,Kiran,Singh,Mumbai,Rajasthan,2025-02-27,Regular
12545,Emma,Wilson,Bengaluru,Telangana,2024-11-21,New
12546,Kiran,Smith,Jaipur,Telangana,2024-09-06,Premium
12547,Riya,Clark,Hyderabad,Maharashtra,2022-07-12,Regular
12548,Sneha,Sharma,Chennai,West Bengal,2022-05-23,New
12549,Priya,Reddy,Mumbai,Karnataka,2024-11-23,Regular
12550,Rahul,Sharma,Hyderabad,Tamil Nadu,2022-09-25,Regular
12551,Meera,Nair,Visakhapatnam,Maharashtra,2021-12-11,New
12552,Rohan,Martin,Mumbai,Karnataka,2024-09-09,New
12553,Sanjay,Taylor,Vijayawada,Karnataka,2023-02-07,Regular
12554,Vikram,Singh,Bengaluru,Karnataka,2021-05-18,Regular
12555,Sophia,Taylor,Delhi,Rajasthan,2024-12-04,New
12556,Rahul,Taylor,Bengaluru,Rajasthan,2022-04-17,Regular
12557,Riya,Patel,Chennai,West Bengal,2022-05-10,New
12558,Olivia,Martin,Pune,West Bengal,2023-05-01,New
12559,Aarav,Verma,Visakhapatnam,Karnataka,2022-03-09,Regular
12560,Sneha,Reddy,Mumbai,Telangana,2024-08-19,New
12561,Sneha,Nair,Vijayawada,Maharashtra,2024-01-12,New
12562,Kiran,Thomas,Hyderabad,Rajasthan,2023-06-23,New
12563,Meera,Taylor,Chennai,Maharashtra,2021-11-17,Regular
12564,Ananya,Gupta,Kolkata,Andhra Pradesh,2023-02-23,Regular
12565,Ananya,Thomas,Pune,Tamil Nadu,2022-03-12,Regular
12566,Ananya,Nair,Delhi,Tamil Nadu,2025-03-20,Regular
12567,Emma,Mehta,Kolkata,Andhra Pradesh,2024-06-22,Regular
12568,Kavya,Reddy,Hyderabad,Maharashtra,2021-07-06,New
12569,Kiran,White,Kolkata,West Bengal,2023-04-25,New
12570,Daniel,Clark,Visakhapatnam,West Bengal,2024-06-02,New
12571,Emma,Patel,Vijayawada,West Bengal,2023-04-18,Regular
12572,Daniel,Smith,Chennai,West Bengal,2021-07-23,New
12573,Aisha,Thomas,Mumbai,Andhra Pradesh,2021-08-12,New
12574,Kiran,Brown,Jaipur,Maharashtra,2024-03-18,Regular
12575,Riya,Singh,Vijayawada,Tamil Nadu,2023-04-19,Regular
12576,Rohan,White,Jaipur,Delhi,2023-05-19,Regular
12577,Aditya,Gupta,Jaipur,Tamil Nadu,2022-03-08,Regular
12578,Priya,Rao,Pune,Telangana,2022-02-28,New
12579,Sophia,Nair,Bengaluru,Tamil Nadu,2022-10-14,Regular
12580,Sneha,Lewis,Chennai,Delhi,2023-05-20,Regular
12581,Kiran,Brown,Chennai,Delhi,2023-01-20,Premium
12582,Priya,Martin,Visakhapatnam,Tamil Nadu,2024-11-08,Regular
12583,Aditya,Walker,Chennai,West Bengal,2021-10-30,Regular
12584,Meera,Walker,Mumbai,Tamil Nadu,2023-01-26,New
12585,Kiran,Lewis,Visakhapatnam,West Bengal,2022-01-12,Premium
12586,Sneha,Walker,Bengaluru,Tamil Nadu,2021-01-11,Regular
12587,Kiran,Walker,Kolkata,Rajasthan,2022-10-26,New
12588,Rohan,White,Delhi,West Bengal,2021-04-01,Regular
12589,Sophia,Wilson,Jaipur,Delhi,2022-08-19,Regular
12590,Rohan,Kumar,Pune,Maharashtra,2023-10-10,New
12591,Arjun,Kumar,Delhi,Andhra Pradesh,2022-08-25,Regular
12592,Kiran,Thomas,Visakhapatnam,Maharashtra,2023-12-21,Regular
12593,Neha,Rao,Jaipur,Andhra Pradesh,2022-04-17,New
12594,Arjun,Clark,Vijayawada,Karnataka,2022-10-05,Premium
12595,Rohan,Walker,Kolkata,Andhra Pradesh,2024-11-01,Premium
12596,Vikram,Wilson,Visakhapatnam,Rajasthan,2022-01-24,New
12597,Neha,Thomas,Jaipur,Karnataka,2023-03-13,Regular
12598,Aisha,Gupta,Vijayawada,Karnataka,2024-02-20,Premium
12599,Sophia,Verma,Chennai,Rajasthan,2022-08-03,Regular
12600,Kiran,White,Kolkata,Maharashtra,2022-05-02,Premium
12601,Olivia,Clark,Chennai,West Bengal,2024-01-22,New
12602,Sanjay,Singh,Delhi,Karnataka,2021-04-29,Regular
12603,Riya,Walker,Pune,Maharashtra,2022-03-01,Regular
12604,Sneha,Mehta,Jaipur,West Bengal,2022-10-18,New
12605,Riya,Clark,Delhi,Rajasthan,2021-12-14,Regular
12606,Riya,Brown,Jaipur,Maharashtra,2023-05-13,New
12607,Neha,Wilson,Visakhapatnam,Telangana,2023-09-19,New
12608,Aditya,Patel,Visakhapatnam,Maharashtra,2025-03-26,New
12609,Neha,Rao,Bengaluru,West Bengal,2023-08-21,New
12610,Emma,Martin,Vijayawada,Rajasthan,2023-08-06,New
12611,Sophia,Clark,Chennai,Andhra Pradesh,2024-03-07,Regular
12612,Daniel,Reddy,Delhi,Andhra Pradesh,2021-11-30,New
12613,Vikram,Reddy,Pune,Karnataka,2023-01-23,New
12614,Sneha,Taylor,Chennai,Delhi,2024-08-24,New
12615,Rahul,Verma,Jaipur,Delhi,2021-10-08,Regular
12616,Meera,Clark,Visakhapatnam,Maharashtra,2022-04-12,New
12617,Sophia,Reddy,Delhi,Rajasthan,2021-12-18,Regular
12618,Arjun,Rao,Hyderabad,Rajasthan,2025-03-15,New
12619,Meera,Sharma,Bengaluru,Karnataka,2022-07-21,New
12620,Daniel,Martin,Chennai,Rajasthan,2022-06-05,Regular
12621,Emma,Lewis,Jaipur,Andhra Pradesh,2024-07-28,Regular
12622,Kiran,Patel,Pune,West Bengal,2024-12-26,Regular
12623,Rahul,Rao,Hyderabad,Maharashtra,2021-01-08,Regular
12624,Daniel,Clark,Delhi,Andhra Pradesh,2024-11-07,New
12625,Daniel,Sharma,Jaipur,Delhi,2024-02-06,New
12626,Sneha,White,Delhi,Rajasthan,2024-10-14,Regular
12627,Sophia,Lewis,Pune,West Bengal,2021-05-19,New
12628,Aarav,Patel,Bengaluru,Rajasthan,2021-03-05,Regular
12629,Kavya,Kumar,Visakhapatnam,Maharashtra,2022-06-22,Regular
12630,Aarav,Taylor,Bengaluru,Telangana,2024-09-21,New
12631,Daniel,Sharma,Jaipur,Maharashtra,2023-03-09,New
12632,Meera,Brown,Chennai,Rajasthan,2024-02-29,Regular
12633,Daniel,Reddy,Bengaluru,West Bengal,2022-01-28,Regular
12634,Sneha,Brown,Mumbai,West Bengal,2022-06-19,Premium
12635,Arjun,Nair,Hyderabad,West Bengal,2024-11-05,New
12636,Aarav,Martin,Hyderabad,Delhi,2023-02-24,Premium
12637,Rohan,Lewis,Bengaluru,Telangana,2024-06-01,New
12638,Aisha,Mehta,Kolkata,Maharashtra,2023-10-21,New
12639,Vikram,Wilson,Visakhapatnam,Telangana,2021-10-08,Regular
12640,Olivia,Wilson,Chennai,Tamil Nadu,2025-02-18,Premium
12641,Sanjay,White,Kolkata,West Bengal,2025-02-22,Regular
12642,Priya,Singh,Mumbai,Andhra Pradesh,2024-06-02,Regular
12643,Sanjay,Singh,Pune,Karnataka,2023-01-22,Regular
12644,Priya,Nair,Mumbai,West Bengal,2022-11-17,Premium
12645,Priya,Martin,Visakhapatnam,Karnataka,2022-04-22,Regular
12646,Aarav,Lewis,Delhi,Karnataka,2023-10-30,Regular
12647,Sneha,Gupta,Delhi,Rajasthan,2022-05-12,Regular
12648,Riya,Kumar,Visakhapatnam,Delhi,2021-10-25,Regular
12649,Daniel,Wilson,Kolkata,Karnataka,2021-04-08,Premium
12650,Rohan,Smith,Bengaluru,Karnataka,2022-11-10,Regular
12651,Olivia,Nair,Bengaluru,Telangana,2024-07-28,New
12652,Olivia,Patel,Mumbai,Maharashtra,2024-06-20,Premium
12653,Sophia,Clark,Hyderabad,Telangana,2024-09-21,Regular
12654,Kiran,Clark,Kolkata,Delhi,2023-08-29,Regular
12655,Olivia,Martin,Pune,Maharashtra,2024-10-20,Regular
12656,Sneha,Smith,Hyderabad,West Bengal,2024-06-07,New
12657,Arjun,Gupta,Pune,Karnataka,2024-07-14,Regular
12658,Aditya,Verma,Visakhapatnam,Karnataka,2023-03-27,New
12659,Meera,Reddy,Jaipur,Telangana,2021-05-17,Premium
12660,Vikram,Singh,Jaipur,Telangana,2022-09-01,Regular
12661,Ananya,Mehta,Jaipur,Telangana,2024-09-17,Regular
12662,Riya,Verma,Kolkata,Tamil Nadu,2024-04-03,New
12663,Rahul,Reddy,Jaipur,Andhra Pradesh,2021-01-21,Premium
12664,Priya,White,Jaipur,Delhi,2021-05-31,Regular
12665,Sanjay,Gupta,Kolkata,Tamil Nadu,2023-11-20,Regular
12666,Neha,Brown,Pune,Rajasthan,2025-04-15,Premium
12667,Sanjay,Mehta,Jaipur,Andhra Pradesh,2024-03-16,Regular
12668,Sophia,Mehta,Pune,Andhra Pradesh,2025-02-26,Premium
12669,Arjun,Clark,Bengaluru,Rajasthan,2021-04-17,Regular
12670,Sophia,Martin,Bengaluru,West Bengal,2024-11-09,New
12671,Riya,Lewis,Delhi,Rajasthan,2021-07-25,Regular
12672,Olivia,Nair,Hyderabad,Tamil Nadu,2024-11-15,Premium
12673,Olivia,Gupta,Bengaluru,Andhra Pradesh,2025-04-08,Regular
12674,Vikram,Verma,Chennai,Telangana,2023-03-29,Regular
12675,Daniel,Smith,Delhi,Tamil Nadu,2023-05-03,New
12676,Sneha,Rao,Pune,Rajasthan,2023-03-08,Regular
12677,Sophia,Mehta,Delhi,Karnataka,2023-06-05,Regular
12678,Olivia,Patel,Delhi,Delhi,2024-08-05,Premium
12679,Sneha,Smith,Jaipur,Tamil Nadu,2022-03-27,New
12680,Kiran,Martin,Chennai,Telangana,2022-03-30,New
12681,Rahul,Brown,Pune,Karnataka,2025-03-30,New
12682,Rahul,Lewis,Kolkata,Delhi,2024-09-21,New
12683,Kiran,White,Chennai,West Bengal,2023-05-15,Regular
12684,Emma,Walker,Bengaluru,West Bengal,2021-11-18,Regular
12685,Neha,Reddy,Hyderabad,Karnataka,2025-03-09,New
12686,Priya,Lewis,Mumbai,Tamil Nadu,2024-11-07,Regular
12687,Sanjay,Rao,Chennai,Telangana,2022-06-10,Regular
12688,Sneha,Mehta,Bengaluru,Telangana,2023-05-16,Regular
12689,Kavya,Verma,Chennai,Maharashtra,2022-11-03,Premium
12690,Sophia,Gupta,Kolkata,Delhi,2024-09-11,Regular
12691,Aisha,Lewis,Visakhapatnam,Tamil Nadu,2024-01-05,New
12692,Kavya,Wilson,Delhi,Telangana,2023-03-01,Premium
12693,Daniel,White,Hyderabad,Karnataka,2025-03-29,New
12694,Ananya,White,Vijayawada,Maharashtra,2023-09-01,Premium
12695,Daniel,Verma,Bengaluru,Tamil Nadu,2023-02-14,Regular
12696,Kiran,Martin,Hyderabad,Andhra Pradesh,2025-01-22,Premium
12697,Rahul,Brown,Delhi,Delhi,2022-12-21,New
12698,Ananya,Mehta,Pune,Rajasthan,2022-11-01,Regular
12699,Rahul,Martin,Mumbai,Karnataka,2022-09-14,Premium
12700,Rahul,Taylor,Jaipur,Tamil Nadu,2021-12-19,Regular
12701,Olivia,Walker,Hyderabad,Telangana,2022-03-23,Premium
12702,Riya,Thomas,Hyderabad,Telangana,2021-05-26,New
12703,Sanjay,Wilson,Delhi,Rajasthan,2024-03-11,Regular
12704,Emma,Walker,Pune,Maharashtra,2023-08-02,Regular
12705,Arjun,Kumar,Visakhapatnam,West Bengal,2025-02-01,New
12706,Aditya,Thomas,Hyderabad,Tamil Nadu,2023-09-05,Regular
12707,Aisha,Nair,Pune,Telangana,2021-05-09,Regular
12708,Rohan,Verma,Bengaluru,Rajasthan,2023-09-21,Regular
12709,Aisha,Thomas,Hyderabad,West Bengal,2021-10-08,New
12710,Olivia,Gupta,Pune,West Bengal,2021-03-01,Regular
12711,Arjun,Lewis,Vijayawada,Delhi,2023-11-27,Premium
12712,Aarav,Mehta,Bengaluru,Maharashtra,2021-02-13,Regular
12713,Daniel,Rao,Visakhapatnam,Maharashtra,2022-10-17,Regular
12714,Neha,Rao,Delhi,Andhra Pradesh,2024-12-03,Premium
12715,Neha,Verma,Pune,Karnataka,2022-02-14,New
12716,Priya,Walker,Jaipur,Tamil Nadu,2024-01-18,Regular
12717,Ananya,Kumar,Mumbai,Tamil Nadu,2022-08-26,Premium
12718,Meera,Brown,Chennai,Delhi,2021-07-01,Regular
12719,Sneha,Clark,Vijayawada,Rajasthan,2021-11-12,New
12720,Vikram,Mehta,Bengaluru,Rajasthan,2021-04-30,Regular
12721,Kavya,Smith,Visakhapatnam,Delhi,2021-08-30,Regular
12722,Meera,Rao,Visakhapatnam,Karnataka,2021-09-16,Regular
12723,Rahul,Kumar,Jaipur,Rajasthan,2024-11-14,New
12724,Kiran,Wilson,Pune,Tamil Nadu,2024-07-15,New
12725,Riya,Walker,Kolkata,Tamil Nadu,2022-07-20,Regular
12726,Kavya,Brown,Visakhapatnam,Rajasthan,2024-03-02,Regular
12727,Rahul,Verma,Bengaluru,Tamil Nadu,2021-11-23,Premium
12728,Aarav,Kumar,Mumbai,Maharashtra,2023-10-19,Regular
12729,Sneha,Walker,Pune,Rajasthan,2021-11-20,Regular
12730,Priya,Lewis,Kolkata,Tamil Nadu,2023-10-23,New
12731,Sophia,Walker,Kolkata,Delhi,2022-07-27,Regular
12732,Neha,Nair,Jaipur,Telangana,2024-10-06,Premium
12733,Daniel,Wilson,Pune,Rajasthan,2024-08-29,Regular
12734,Sanjay,Verma,Bengaluru,Maharashtra,2022-06-18,New
12735,Ananya,Singh,Bengaluru,West Bengal,2021-03-07,Premium
12736,Rahul,Singh,Visakhapatnam,Delhi,2022-05-31,Regular
12737,Sneha,Nair,Pune,Maharashtra,2022-03-28,Regular
12738,Vikram,Smith,Kolkata,Maharashtra,2022-11-12,Regular
12739,Priya,Kumar,Delhi,Telangana,2023-07-08,Premium
12740,Rohan,Martin,Visakhapatnam,Tamil Nadu,2025-05-03,Regular
12741,Vikram,Mehta,Chennai,Maharashtra,2021-04-11,Regular
12742,Arjun,Lewis,Bengaluru,Tamil Nadu,2023-06-07,Regular
12743,Neha,Gupta,Vijayawada,Tamil Nadu,2021-10-02,New
12744,Daniel,Reddy,Pune,West Bengal,2023-05-26,Regular
12745,Vikram,Rao,Visakhapatnam,Andhra Pradesh,2023-10-16,Regular
12746,Ananya,White,Bengaluru,Rajasthan,2024-07-19,Regular
12747,Sanjay,Rao,Chennai,Rajasthan,2023-06-15,New
12748,Emma,Martin,Jaipur,West Bengal,2021-10-12,New
12749,Ananya,Clark,Visakhapatnam,Maharashtra,2025-01-01,New
12750,Sophia,Gupta,Hyderabad,West Bengal,2022-10-11,Premium
12751,Sanjay,Wilson,Visakhapatnam,Karnataka,2023-02-07,Regular
12752,Arjun,Singh,Hyderabad,Andhra Pradesh,2023-10-24,Regular
12753,Sneha,Nair,Bengaluru,Delhi,2022-02-28,New
12754,Meera,Gupta,Visakhapatnam,Karnataka,2025-04-30,New
12755,Sophia,Taylor,Bengaluru,Maharashtra,2021-03-13,Regular
12756,Olivia,Lewis,Mumbai,Tamil Nadu,2021-09-05,New
12757,Olivia,Gupta,Bengaluru,Tamil Nadu,2025-05-04,New
12758,Kavya,Gupta,Delhi,Telangana,2022-12-25,Premium
12759,Kiran,Clark,Hyderabad,Telangana,2024-11-30,Regular
12760,Ananya,Mehta,Chennai,Tamil Nadu,2024-12-19,Regular
12761,Rahul,Brown,Mumbai,Tamil Nadu,2025-05-04,New
12762,Ananya,Martin,Kolkata,Rajasthan,2024-03-06,New
12763,Kiran,Kumar,Pune,Tamil Nadu,2023-12-30,Premium
12764,Aarav,Lewis,Bengaluru,Tamil Nadu,2023-09-10,Regular
12765,Sanjay,Nair,Pune,Rajasthan,2023-12-30,Regular
12766,Neha,Taylor,Pune,Andhra Pradesh,2022-02-16,Regular
12767,Kiran,Verma,Mumbai,Telangana,2024-07-28,New
12768,Sophia,Thomas,Delhi,Telangana,2021-10-27,Regular
12769,Priya,Wilson,Mumbai,Telangana,2023-02-07,New
12770,Sophia,Patel,Mumbai,Maharashtra,2022-08-22,New
12771,Meera,Patel,Vijayawada,Delhi,2024-05-03,Regular
12772,Aarav,Lewis,Chennai,Tamil Nadu,2022-02-13,New
12773,Sanjay,Brown,Mumbai,Telangana,2021-11-27,New
12774,Aisha,Gupta,Bengaluru,Karnataka,2024-07-17,New
12775,Neha,Kumar,Kolkata,Delhi,2023-02-18,New
12776,Rohan,Kumar,Vijayawada,Tamil Nadu,2024-02-28,Premium
12777,Neha,Walker,Kolkata,Telangana,2024-11-07,Premium
12778,Daniel,White,Bengaluru,West Bengal,2024-08-29,New
12779,Kiran,Nair,Pune,Delhi,2022-10-02,New
12780,Aarav,Singh,Chennai,Maharashtra,2021-10-01,Regular
12781,Rohan,Verma,Vijayawada,Rajasthan,2025-03-17,New
12782,Daniel,Kumar,Mumbai,Andhra Pradesh,2022-05-11,Regular
12783,Riya,Brown,Pune,Telangana,2024-05-15,New
12784,Emma,Wilson,Pune,Rajasthan,2024-05-14,Regular
12785,Daniel,White,Vijayawada,Telangana,2022-12-10,New
12786,Rahul,Rao,Vijayawada,Maharashtra,2021-09-19,Regular
12787,Aditya,Patel,Visakhapatnam,Rajasthan,2023-01-26,Regular
12788,Arjun,Kumar,Pune,Rajasthan,2021-08-21,New
12789,Aarav,Nair,Visakhapatnam,Telangana,2022-07-18,Regular
12790,Emma,Wilson,Visakhapatnam,Telangana,2022-09-05,Regular
12791,Daniel,Reddy,,Karnataka,2023-04-10,Premium
12792,Vikram,Thomas,Kolkata,Tamil Nadu,2021-10-26,Regular
12793,Aisha,Mehta,Jaipur,Tamil Nadu,2024-09-15,New
12794,Neha,Thomas,Visakhapatnam,Maharashtra,2021-05-07,Regular
12795,Arjun,Mehta,Chennai,Tamil Nadu,2025-04-27,New
12796,Daniel,Patel,Vijayawada,Delhi,2022-05-16,Premium
12797,Olivia,Sharma,Pune,Andhra Pradesh,2023-02-23,Regular
12798,Sneha,Smith,Bengaluru,Delhi,2024-11-01,New
12799,Aisha,Brown,Mumbai,Tamil Nadu,2023-11-13,Regular
12800,Kiran,Clark,Jaipur,Delhi,2021-04-01,Regular
12801,Riya,Lewis,Jaipur,Delhi,2023-08-25,New
12802,Ananya,Patel,Vijayawada,Rajasthan,2023-06-25,Regular
12803,Sophia,Rao,Jaipur,Rajasthan,2025-02-01,Regular
12804,Arjun,Singh,Delhi,Tamil Nadu,2023-06-20,Regular
12805,Vikram,Kumar,Vijayawada,Rajasthan,2025-05-07,Regular
12806,Sophia,Sharma,Bengaluru,Andhra Pradesh,2023-04-30,Regular
12807,Aditya,Reddy,Chennai,Karnataka,2021-11-04,Regular
12808,Rohan,Brown,Bengaluru,Delhi,2023-03-20,Regular
12809,Riya,Patel,Jaipur,Karnataka,2025-01-07,Regular
12810,Vikram,Patel,Kolkata,Maharashtra,2021-01-28,Regular
12811,Neha,Kumar,Jaipur,Telangana,2022-10-01,Regular
12812,Aditya,Martin,Pune,Tamil Nadu,2021-03-17,New
12813,Vikram,Wilson,Pune,Delhi,2024-09-09,Regular
12814,Sophia,White,Kolkata,Tamil Nadu,2023-03-29,Regular
12815,Vikram,Kumar,Delhi,Telangana,2024-02-20,New
12816,Arjun,Singh,Mumbai,Maharashtra,2025-03-30,New
12817,Meera,Mehta,Mumbai,Delhi,2024-08-24,Regular
12818,Olivia,Wilson,Delhi,Andhra Pradesh,2022-10-15,New
12819,Rahul,Kumar,Hyderabad,Karnataka,2025-02-04,Regular
12820,Aisha,Singh,Bengaluru,Maharashtra,2023-01-26,Regular
12821,Neha,Verma,Hyderabad,Karnataka,2025-04-15,Regular
12822,Emma,Sharma,Bengaluru,Karnataka,2025-04-21,Premium
12823,Rahul,Nair,Bengaluru,Telangana,2021-12-21,Premium
12824,Sophia,Thomas,Hyderabad,Andhra Pradesh,2024-05-31,Premium
12825,Kavya,Brown,Hyderabad,Rajasthan,2024-01-22,Premium
12826,Emma,Verma,Visakhapatnam,West Bengal,2024-05-17,New
12827,Kiran,Mehta,Bengaluru,Maharashtra,2021-09-26,New
12828,Daniel,Walker,Delhi,Rajasthan,2023-03-19,New
12829,Kavya,Brown,Hyderabad,Maharashtra,2021-08-31,New
12830,Rahul,Brown,Jaipur,Delhi,2024-12-07,Regular
12831,Daniel,Walker,Chennai,West Bengal,2024-10-29,Premium
12832,Riya,Patel,Vijayawada,West Bengal,2023-07-19,Regular
12833,Rohan,Reddy,Kolkata,Maharashtra,2021-07-27,Premium
12834,Neha,Verma,Vijayawada,Maharashtra,2023-11-17,Regular
12835,Kiran,Rao,Kolkata,Tamil Nadu,2022-12-04,Regular
12836,Neha,Singh,Delhi,West Bengal,2024-06-14,New
12837,Sophia,Kumar,Vijayawada,West Bengal,2021-06-08,Premium
12838,Olivia,Lewis,Visakhapatnam,Maharashtra,2022-10-13,Regular
12839,Sanjay,Wilson,Mumbai,West Bengal,2022-08-02,Regular
12840,Sophia,Taylor,Jaipur,Karnataka,2025-03-06,New
12841,Ananya,Kumar,Jaipur,Maharashtra,2022-04-23,Regular
12842,Aisha,Rao,Vijayawada,Rajasthan,2025-04-30,Regular
12843,Riya,Wilson,Jaipur,West Bengal,2025-01-15,Regular
12844,Priya,Brown,Bengaluru,West Bengal,2023-07-29,Premium
12845,Priya,Taylor,Delhi,Andhra Pradesh,2021-10-07,Regular
12846,Priya,Taylor,Kolkata,Delhi,2021-12-22,Premium
12847,Olivia,Verma,Jaipur,West Bengal,2021-01-28,Regular
12848,Kiran,Thomas,Bengaluru,Maharashtra,2024-05-24,Regular
12849,Aditya,Gupta,Visakhapatnam,Andhra Pradesh,2024-03-06,Premium
12850,Kiran,Reddy,Hyderabad,West Bengal,2022-05-31,Regular
12851,Vikram,Walker,Mumbai,Delhi,2024-03-16,New
12852,Kiran,Sharma,Kolkata,Karnataka,2023-07-13,Premium
12853,Rahul,Gupta,Chennai,Andhra Pradesh,2024-07-30,Regular
12854,Arjun,Kumar,Visakhapatnam,Tamil Nadu,2021-05-19,New
12855,Aisha,Singh,Jaipur,Tamil Nadu,2021-11-15,Regular
12856,Arjun,Nair,Bengaluru,Telangana,2024-07-15,Regular
12857,Sneha,Kumar,Chennai,Karnataka,2022-08-15,Regular
12858,Riya,Mehta,Hyderabad,Karnataka,2025-03-15,Regular
12859,Aisha,Walker,Vijayawada,Telangana,2024-11-10,New
12860,Ananya,Kumar,Visakhapatnam,Telangana,2021-05-31,New
12861,Vikram,Walker,Kolkata,Tamil Nadu,2022-10-08,Regular
12862,Daniel,Verma,Bengaluru,Andhra Pradesh,2024-03-16,New
12863,Emma,Smith,Bengaluru,Andhra Pradesh,2021-08-07,Regular
12864,Kavya,Verma,Hyderabad,Karnataka,2024-10-09,Regular
12865,Arjun,Rao,Pune,Maharashtra,2021-06-07,New
12866,Aarav,Kumar,Vijayawada,Andhra Pradesh,2021-06-25,New
12867,Rohan,Smith,Bengaluru,West Bengal,2023-05-20,Regular
12868,Vikram,Walker,Visakhapatnam,Rajasthan,2022-01-30,Premium
12869,Olivia,Brown,Chennai,Maharashtra,2023-10-20,Premium
12870,Sanjay,Smith,Delhi,Karnataka,2022-09-19,Regular
12871,Aditya,Wilson,Kolkata,Karnataka,2022-03-10,New
12872,Sophia,Nair,Delhi,West Bengal,2024-08-31,Regular
12873,Emma,Kumar,Pune,Telangana,2021-09-13,Regular
12874,Sanjay,Brown,Mumbai,Maharashtra,2023-03-01,Regular
12875,Kiran,Lewis,Pune,Tamil Nadu,2021-09-27,Regular
12876,Neha,Rao,Chennai,Rajasthan,2021-08-08,Regular
12877,Meera,Lewis,Chennai,Rajasthan,2021-11-25,New
12878,Daniel,Lewis,Vijayawada,Maharashtra,2022-02-15,Premium
12879,Olivia,Singh,Visakhapatnam,Delhi,2022-10-22,Regular
12880,Sophia,Smith,Visakhapatnam,Maharashtra,2023-01-18,New
12881,Aarav,Martin,Mumbai,Andhra Pradesh,2021-08-11,Premium
12882,Sanjay,Mehta,Mumbai,Tamil Nadu,2021-03-04,Regular
12883,Sneha,Taylor,Hyderabad,West Bengal,2021-06-01,New
12884,Aarav,Walker,,Rajasthan,2023-10-07,New
12885,Kiran,Wilson,Delhi,Karnataka,2025-04-08,Regular
12886,Vikram,Clark,Chennai,Karnataka,2021-02-10,Regular
12887,Daniel,Clark,Vijayawada,Maharashtra,2021-02-25,Regular
12888,Arjun,Clark,Hyderabad,Andhra Pradesh,2024-06-03,New
12889,Rahul,Lewis,Pune,West Bengal,2024-03-05,New
12890,Vikram,Singh,Chennai,Karnataka,2024-03-20,Regular
12891,Rahul,Sharma,Pune,Tamil Nadu,2021-10-04,Regular
12892,Sneha,Patel,Hyderabad,West Bengal,2024-10-16,Regular
12893,Kiran,Singh,Pune,Rajasthan,2023-09-25,Regular
12894,Daniel,Taylor,Vijayawada,Maharashtra,2021-09-10,Regular
12895,Aditya,Brown,Visakhapatnam,Telangana,2021-07-05,Regular
12896,Neha,Mehta,Chennai,Telangana,2023-08-23,Regular
12897,Meera,Sharma,Pune,Telangana,2024-05-31,Regular
12898,Kavya,Taylor,Kolkata,Karnataka,2024-06-03,New
12899,Riya,Nair,Pune,Maharashtra,2023-07-30,Regular
12900,Sanjay,Thomas,Delhi,Tamil Nadu,2023-04-06,New
12901,Neha,Kumar,Mumbai,Tamil Nadu,2024-01-18,Regular
12902,Emma,Gupta,Visakhapatnam,Andhra Pradesh,2021-07-29,Regular
12903,Olivia,Reddy,Kolkata,Maharashtra,2022-08-07,Regular
12904,Kavya,Gupta,Jaipur,West Bengal,2021-06-08,Premium
12905,Meera,Walker,Vijayawada,Delhi,2024-09-04,Regular
12906,Olivia,Mehta,Mumbai,Karnataka,2023-08-28,New
12907,Kavya,Verma,Mumbai,Rajasthan,2024-05-28,Premium
12908,Daniel,Gupta,Hyderabad,Maharashtra,2023-03-08,Regular
12909,Rahul,Gupta,Kolkata,Andhra Pradesh,2025-01-27,Regular
12910,Rohan,Taylor,Vijayawada,Telangana,2025-01-27,New
12911,Rahul,White,Mumbai,Andhra Pradesh,2023-09-14,Regular
12912,Arjun,Martin,Hyderabad,West Bengal,2024-08-27,Regular
12913,Priya,Martin,Visakhapatnam,Karnataka,2023-11-22,Regular
12914,Sanjay,Mehta,Chennai,Andhra Pradesh,2024-03-03,Regular
12915,Ananya,Reddy,Delhi,West Bengal,2022-01-31,Regular
12916,Ananya,Martin,Hyderabad,Rajasthan,2025-04-21,Regular
12917,Kavya,Clark,Hyderabad,Karnataka,2021-10-22,Regular
12918,Daniel,Brown,Visakhapatnam,Rajasthan,2024-01-17,New
12919,Emma,Reddy,Kolkata,Andhra Pradesh,2023-08-29,Regular
12920,Kiran,Martin,Hyderabad,Tamil Nadu,2021-05-28,New
12921,Rohan,Walker,Bengaluru,Tamil Nadu,2024-05-24,New
12922,Riya,Singh,Pune,Tamil Nadu,2021-05-05,Regular
12923,Rahul,Patel,Kolkata,Maharashtra,2023-03-27,Regular
12924,Neha,Martin,Pune,Rajasthan,2024-07-29,Premium
12925,Ananya,Rao,Visakhapatnam,Andhra Pradesh,2021-07-20,Regular
12926,Vikram,Martin,Kolkata,Karnataka,2022-08-01,New
12927,Kavya,Martin,Kolkata,Karnataka,2023-03-25,New
12928,Rohan,Gupta,Chennai,Telangana,2025-01-18,New
12929,Vikram,Sharma,Kolkata,Delhi,2022-09-04,Regular
12930,Meera,Smith,Visakhapatnam,Tamil Nadu,2021-07-09,Regular
12931,Vikram,Verma,Hyderabad,Andhra Pradesh,2021-07-30,Regular
12932,Meera,Lewis,Vijayawada,Andhra Pradesh,2021-11-15,New
12933,Vikram,Nair,Visakhapatnam,Karnataka,2024-10-18,New
12934,Ananya,Singh,Pune,West Bengal,2024-05-22,New
12935,Emma,Lewis,Vijayawada,Andhra Pradesh,2022-10-31,Regular
12936,Sanjay,Martin,Mumbai,Rajasthan,2024-09-17,New
12937,Riya,Wilson,Bengaluru,West Bengal,2025-01-09,New
12938,Aisha,White,Visakhapatnam,Tamil Nadu,2024-10-19,Regular
12939,Daniel,Thomas,Mumbai,Rajasthan,2021-01-08,New
12940,Vikram,Lewis,Vijayawada,Tamil Nadu,2021-06-08,Regular
12941,Aisha,Thomas,Mumbai,Andhra Pradesh,2024-03-06,Regular
12942,Daniel,Verma,Mumbai,Maharashtra,2022-09-03,New
12943,Riya,Reddy,Kolkata,Rajasthan,2021-09-12,New
12944,Vikram,Wilson,Mumbai,Andhra Pradesh,2023-11-01,New
12945,Emma,Thomas,Visakhapatnam,Delhi,2022-07-23,New
12946,Rahul,White,Hyderabad,Karnataka,2025-01-10,Premium
12947,Sneha,Taylor,Hyderabad,Karnataka,2023-07-12,Regular
12948,Priya,Smith,Hyderabad,Rajasthan,2022-01-18,Regular
12949,Neha,Smith,Chennai,Andhra Pradesh,2025-02-04,Regular
12950,Neha,Kumar,Hyderabad,Delhi,2023-08-19,New
12951,Aarav,Sharma,Mumbai,Rajasthan,2022-04-20,Regular
12952,Neha,Sharma,Hyderabad,Andhra Pradesh,2021-08-18,New
12953,Daniel,Walker,Vijayawada,Maharashtra,2023-06-08,Regular
12954,Ananya,Thomas,Bengaluru,Andhra Pradesh,2024-04-10,Regular
12955,Aditya,Gupta,Jaipur,Andhra Pradesh,2024-08-30,New
12956,Sophia,Verma,Visakhapatnam,Maharashtra,2021-07-24,Regular
12957,Arjun,Mehta,Kolkata,Telangana,2022-11-23,New
12958,Priya,Singh,Vijayawada,West Bengal,2025-05-19,New
12959,Neha,Verma,Vijayawada,Tamil Nadu,2023-11-24,New
12960,Priya,Rao,Visakhapatnam,Tamil Nadu,2021-05-28,New
12961,Daniel,Taylor,Delhi,West Bengal,2025-01-07,New
12962,Ananya,Thomas,Kolkata,Andhra Pradesh,2024-01-02,Premium
12963,Sophia,Reddy,Pune,Telangana,2023-01-07,New
12964,Arjun,Mehta,Kolkata,Andhra Pradesh,2024-05-28,Regular
12965,Aisha,White,Mumbai,Tamil Nadu,2023-11-04,New
12966,Sneha,Lewis,Bengaluru,Delhi,2022-02-17,New
12967,Sanjay,Thomas,Jaipur,Andhra Pradesh,2024-06-28,New
12968,Sanjay,Martin,Kolkata,Karnataka,2022-02-12,New
12969,Aisha,Sharma,Vijayawada,Karnataka,2022-01-02,New
12970,Kavya,White,Chennai,Rajasthan,2023-08-12,New
12971,Kavya,Martin,Vijayawada,Tamil Nadu,2021-01-30,New
12972,Arjun,Lewis,Delhi,Rajasthan,2023-10-06,Regular
12973,Sneha,Walker,Hyderabad,Tamil Nadu,2023-05-31,Premium
12974,Sophia,Gupta,Jaipur,Delhi,2024-02-27,New
12975,Aarav,Sharma,Jaipur,Delhi,2021-09-12,Regular
12976,Priya,Taylor,Visakhapatnam,Rajasthan,2023-07-18,Regular
12977,Priya,Mehta,Pune,Delhi,2022-12-08,Regular
12978,Olivia,Sharma,Chennai,Delhi,2021-10-07,Regular
12979,Aditya,Gupta,Hyderabad,Maharashtra,2022-12-25,Regular
12980,Priya,White,Vijayawada,Maharashtra,2025-01-18,Premium
12981,Aisha,Nair,Visakhapatnam,Maharashtra,2024-08-11,New
12982,Arjun,Gupta,Bengaluru,Maharashtra,2021-09-24,Regular
12983,Emma,Taylor,Kolkata,Andhra Pradesh,2024-09-16,Regular
12984,Emma,Taylor,Hyderabad,Telangana,2023-06-24,Premium
12985,Aisha,Rao,Vijayawada,Delhi,2021-03-17,Regular
12986,Kavya,Clark,Hyderabad,Delhi,2025-01-12,Premium
12987,Aisha,Smith,Jaipur,Andhra Pradesh,2023-04-22,Regular
12988,Riya,Patel,Bengaluru,West Bengal,2024-12-31,Regular
12989,Daniel,Rao,Pune,Maharashtra,2021-06-07,Regular
12990,Ananya,Clark,Kolkata,Telangana,2021-09-26,Regular
12991,Priya,Reddy,Visakhapatnam,Tamil Nadu,2024-12-14,Regular
12992,Kavya,Sharma,Mumbai,Tamil Nadu,2022-01-17,Regular
12993,Vikram,Taylor,Jaipur,Karnataka,2023-05-29,New
12994,Olivia,Verma,Hyderabad,West Bengal,2023-08-21,Premium
12995,Riya,Gupta,Pune,Maharashtra,2025-02-26,Regular
12996,Kavya,Mehta,Jaipur,Andhra Pradesh,2022-06-24,Regular
12997,Rohan,Patel,Chennai,Karnataka,2024-04-21,New
12998,Rohan,Nair,Delhi,Rajasthan,2024-03-15,New
12999,Ananya,Singh,Pune,Maharashtra,2024-01-27,New
13000,Meera,Smith,Mumbai,Tamil Nadu,2023-04-16,New
13001,Riya,Taylor,Vijayawada,Tamil Nadu,2021-04-24,Regular
13002,Meera,Walker,Delhi,Andhra Pradesh,2022-03-02,Premium
13003,Daniel,Reddy,Vijayawada,West Bengal,2023-06-17,Regular
13004,Sophia,Rao,Delhi,Karnataka,2022-10-20,Regular
13005,Aisha,Gupta,Jaipur,Rajasthan,2021-10-23,Premium
13006,Kiran,Smith,Pune,Karnataka,2024-01-11,Premium
13007,Sneha,Brown,Vijayawada,Tamil Nadu,2023-01-08,Regular
13008,Ananya,Lewis,Kolkata,West Bengal,2024-06-10,Regular
13009,Kavya,Walker,Visakhapatnam,Delhi,2023-05-28,Regular
13010,Emma,Thomas,Visakhapatnam,Maharashtra,2022-08-15,Regular
13011,Kiran,Patel,Chennai,Rajasthan,2021-06-24,New
13012,Neha,Sharma,Mumbai,Andhra Pradesh,2021-06-17,Regular
13013,Aarav,Lewis,Mumbai,Rajasthan,2023-03-23,Regular
13014,Aisha,Walker,Pune,Tamil Nadu,2022-07-20,New
13015,Priya,Gupta,Pune,Andhra Pradesh,2024-02-24,Premium
13016,Priya,Sharma,Hyderabad,Karnataka,2023-10-06,Premium
13017,Neha,Taylor,Visakhapatnam,Andhra Pradesh,2022-03-31,Regular
13018,Sanjay,Smith,Visakhapatnam,Delhi,2024-04-30,New
13019,Sneha,Lewis,Kolkata,Delhi,2023-06-25,New
13020,Aisha,Smith,Mumbai,Telangana,2024-11-08,Regular
13021,Rohan,Thomas,Visakhapatnam,Rajasthan,2025-03-05,Regular
13022,Rahul,Thomas,Chennai,Tamil Nadu,2025-03-20,Regular
13023,Kiran,Sharma,Mumbai,Delhi,2021-07-23,New
13024,Vikram,Kumar,Jaipur,Karnataka,2023-04-27,New
13025,Kiran,Thomas,Jaipur,Rajasthan,2021-02-16,New
13026,Kavya,Patel,Delhi,Tamil Nadu,2024-11-09,Regular
13027,Rahul,Singh,Bengaluru,Andhra Pradesh,2024-01-30,Regular
13028,Aisha,Thomas,Bengaluru,Andhra Pradesh,2022-02-24,New
13029,Sanjay,Singh,Jaipur,Delhi,2023-08-30,Regular
13030,Olivia,Kumar,Chennai,Telangana,2023-06-15,Premium
13031,Aisha,Sharma,Kolkata,Tamil Nadu,2023-05-20,Regular
13032,Aditya,Mehta,Mumbai,Delhi,2023-05-14,New
13033,Sneha,Wilson,Pune,Delhi,2025-04-24,Regular
13034,Rahul,Martin,Jaipur,Delhi,2024-05-14,Premium
13035,Arjun,Walker,Delhi,Karnataka,2022-10-06,New
13036,Sophia,Taylor,Pune,Delhi,2024-05-21,New
13037,Emma,Thomas,Pune,Telangana,2021-08-14,Regular
13038,Vikram,Singh,Chennai,Maharashtra,2022-04-02,New
13039,Aditya,Rao,Delhi,Telangana,2021-07-07,Premium
13040,Vikram,Rao,Delhi,West Bengal,2024-11-18,Regular
13041,Kiran,Reddy,Hyderabad,Delhi,2021-02-08,New
13042,Aditya,White,Pune,Andhra Pradesh,2024-11-27,Premium
13043,Rohan,Singh,Kolkata,Maharashtra,2024-08-24,Regular
13044,Neha,Verma,Hyderabad,Karnataka,2025-02-26,Regular
13045,Vikram,Nair,Jaipur,Karnataka,2024-05-10,New
13046,Olivia,Sharma,Visakhapatnam,Andhra Pradesh,2023-01-03,Regular
13047,Aisha,Walker,Kolkata,Rajasthan,2024-07-22,Premium
13048,Riya,Singh,Hyderabad,Telangana,2025-04-29,New
13049,Vikram,Kumar,Delhi,West Bengal,2024-11-28,Regular
13050,Aisha,Rao,Visakhapatnam,Maharashtra,2024-06-09,Premium
13051,Emma,Kumar,Hyderabad,Tamil Nadu,2024-05-11,Regular
13052,Vikram,White,Vijayawada,Delhi,2023-11-12,New
13053,Riya,Patel,Visakhapatnam,Rajasthan,2024-11-27,New
13054,Kiran,Rao,Hyderabad,Karnataka,2022-11-23,Regular
13055,Riya,Gupta,Chennai,Andhra Pradesh,2023-03-13,Regular
13056,Priya,Sharma,Vijayawada,Telangana,2024-09-09,New
13057,Emma,Sharma,Jaipur,West Bengal,2022-02-24,New
13058,Rahul,Brown,Vijayawada,Telangana,2024-05-07,Regular
13059,Kiran,Singh,Delhi,Telangana,2021-06-26,Regular
13060,Aditya,Reddy,Kolkata,Telangana,2023-07-26,New
13061,Sanjay,Gupta,Delhi,Andhra Pradesh,2021-02-25,Regular
13062,Rohan,Gupta,Delhi,Delhi,2025-05-15,Regular
13063,Kiran,Verma,Vijayawada,West Bengal,2024-09-09,New
13064,Rahul,White,Hyderabad,Karnataka,2022-02-04,New
13065,Aisha,Rao,Chennai,Rajasthan,2021-08-29,Premium
13066,Sneha,Martin,Hyderabad,Andhra Pradesh,2023-10-24,Premium
13067,Emma,Thomas,Vijayawada,Maharashtra,2024-12-13,New
13068,Aisha,Reddy,Vijayawada,Rajasthan,2022-05-29,Premium
13069,Rahul,Brown,Hyderabad,Karnataka,2025-03-19,Regular
13070,Arjun,Verma,Bengaluru,Tamil Nadu,2023-01-03,Premium
13071,Ananya,Brown,Chennai,Telangana,2022-12-08,Premium
13072,Priya,Patel,Chennai,Karnataka,2022-06-27,Regular
13073,Sanjay,Mehta,Delhi,Andhra Pradesh,2022-03-10,Regular
13074,Riya,Kumar,Pune,Maharashtra,2022-06-20,New
13075,Sneha,Walker,Mumbai,West Bengal,2021-10-04,Regular
13076,Aisha,Smith,Bengaluru,Rajasthan,2022-08-26,Regular
13077,Rahul,Sharma,Kolkata,Andhra Pradesh,2022-04-09,Regular
13078,Emma,Brown,Vijayawada,Maharashtra,2021-04-01,New
13079,Sanjay,Walker,Kolkata,Tamil Nadu,2022-08-04,Regular
13080,Ananya,Martin,Visakhapatnam,Telangana,2021-03-05,Premium
13081,Ananya,Gupta,Jaipur,Andhra Pradesh,2021-10-17,New
13082,Emma,Lewis,Visakhapatnam,Rajasthan,2024-03-05,Regular
13083,Aditya,Patel,Kolkata,Delhi,2021-02-10,Regular
13084,Sanjay,Singh,Hyderabad,Maharashtra,2022-05-13,Regular
13085,Rohan,Patel,Mumbai,Andhra Pradesh,2023-12-31,Premium
13086,Kiran,Walker,Pune,Tamil Nadu,2021-02-03,Regular
13087,Vikram,Martin,Vijayawada,Maharashtra,2024-03-25,New
13088,Vikram,Brown,Visakhapatnam,Rajasthan,2021-05-11,Regular
13089,Sanjay,Taylor,Kolkata,Maharashtra,2021-03-30,Regular
13090,Priya,Gupta,Mumbai,Rajasthan,2021-11-10,New
13091,Rohan,Reddy,Vijayawada,Karnataka,2024-10-08,Regular
13092,Kiran,Clark,Kolkata,Maharashtra,2021-03-19,Regular
13093,Aisha,White,Vijayawada,Maharashtra,2021-06-07,Regular
13094,Sanjay,Sharma,Delhi,Tamil Nadu,2025-02-22,Regular
13095,Daniel,Reddy,Kolkata,Rajasthan,2023-09-04,Regular
13096,Riya,Smith,Mumbai,Maharashtra,2023-06-29,Regular
13097,Vikram,Sharma,Mumbai,Rajasthan,2021-03-06,Regular
13098,Rohan,Martin,Chennai,Karnataka,2022-09-23,New
13099,Vikram,Walker,Chennai,Tamil Nadu,2023-07-12,Regular
13100,Aditya,Gupta,Kolkata,Maharashtra,2023-05-03,Premium
13101,Kiran,Gupta,Mumbai,Delhi,2023-04-15,Regular
13102,Rahul,Lewis,Bengaluru,Karnataka,2021-06-30,Regular
13103,Aarav,Nair,Hyderabad,Tamil Nadu,2025-05-02,Premium
13104,Ananya,Singh,Visakhapatnam,Delhi,2024-01-28,New
13105,Aisha,Reddy,Pune,Tamil Nadu,2022-01-22,New
13106,Rohan,Clark,Delhi,Andhra Pradesh,2025-04-01,New
13107,Olivia,Walker,Jaipur,Maharashtra,2022-04-28,Regular
13108,Kiran,Reddy,Bengaluru,Rajasthan,2021-07-29,New
13109,Daniel,Clark,Jaipur,Karnataka,2024-11-29,Regular
13110,Sanjay,Patel,Vijayawada,Andhra Pradesh,2021-09-02,Regular
13111,Neha,Kumar,,Maharashtra,2021-04-08,New
13112,Riya,Nair,Pune,Telangana,2023-10-03,Regular
13113,Arjun,Verma,Vijayawada,West Bengal,2022-02-27,New
13114,Daniel,Lewis,Chennai,Karnataka,2021-09-01,Regular
13115,Kiran,Taylor,Mumbai,Karnataka,2021-06-13,New
13116,Priya,Kumar,Jaipur,Delhi,2021-07-21,New
13117,Kavya,Smith,Chennai,Andhra Pradesh,2025-03-18,New
13118,Kavya,Lewis,Vijayawada,Tamil Nadu,2023-12-09,Regular
13119,Aarav,Taylor,Jaipur,Delhi,2024-09-10,New
13120,Olivia,Singh,Delhi,Telangana,2023-09-17,Regular
13121,Kavya,Kumar,Chennai,Karnataka,2023-05-20,Regular
13122,Sophia,Mehta,Visakhapatnam,Andhra Pradesh,2021-12-15,Regular
13123,Priya,Mehta,Visakhapatnam,Telangana,2025-03-28,New
13124,Kavya,Nair,Delhi,Tamil Nadu,2024-08-10,Regular
13125,Ananya,Kumar,Bengaluru,Delhi,2023-04-26,New
13126,Olivia,Kumar,Pune,Telangana,2021-06-18,Regular
13127,Emma,Brown,Pune,Rajasthan,2024-05-01,Regular
13128,Daniel,Walker,Bengaluru,Delhi,2022-06-17,Regular
13129,Neha,Smith,Pune,Tamil Nadu,2021-12-01,New
13130,Riya,Verma,Bengaluru,Rajasthan,2024-03-28,Regular
13131,Kiran,Walker,Kolkata,Delhi,2024-09-01,Regular
13132,Priya,Taylor,Pune,West Bengal,2023-09-10,New
13133,Riya,Martin,Vijayawada,Telangana,2021-04-29,Regular
13134,Arjun,Smith,Pune,Karnataka,2023-08-19,New
13135,Aisha,Thomas,,Telangana,2025-01-10,Premium
13136,Aarav,Brown,Vijayawada,Delhi,2024-01-04,Regular
13137,Sneha,Wilson,Bengaluru,Andhra Pradesh,2022-03-01,New
13138,Priya,Wilson,Pune,Rajasthan,2023-11-01,New
13139,Priya,Thomas,Vijayawada,Delhi,2022-02-03,Regular
13140,Priya,Lewis,Delhi,Telangana,2024-10-30,Regular
13141,Priya,Gupta,Chennai,West Bengal,2024-09-15,New
13142,Ananya,Taylor,Visakhapatnam,West Bengal,2023-06-30,New
13143,Priya,Sharma,Bengaluru,Delhi,2021-08-05,Regular
13144,Sneha,Brown,Jaipur,West Bengal,2022-10-05,New
13145,Riya,Lewis,Vijayawada,Delhi,2021-07-13,New
13146,Sneha,Wilson,Mumbai,West Bengal,2024-05-10,Regular
13147,Kavya,Gupta,Bengaluru,Maharashtra,2023-12-26,Regular
13148,Emma,Wilson,Jaipur,Karnataka,2022-02-19,Regular
13149,Sophia,Nair,Delhi,Telangana,2024-10-02,New
13150,Rahul,Verma,Visakhapatnam,Rajasthan,2024-04-30,Regular
13151,Aisha,Singh,Visakhapatnam,Maharashtra,2025-02-07,Regular
13152,Sanjay,Wilson,Hyderabad,Tamil Nadu,2022-03-24,Regular
13153,Vikram,Patel,Kolkata,Tamil Nadu,2021-10-07,Premium
13154,Riya,Verma,Mumbai,Telangana,2023-02-08,New
13155,Arjun,Walker,Jaipur,Rajasthan,2022-03-01,Regular
13156,Emma,Thomas,Chennai,Telangana,2024-03-28,Premium
13157,Riya,Verma,Hyderabad,Karnataka,2022-11-12,New
13158,Sophia,White,Kolkata,Maharashtra,2023-10-02,Premium
13159,Meera,Sharma,Delhi,Tamil Nadu,2021-10-02,Regular
13160,Olivia,White,Delhi,Telangana,2021-05-18,New
13161,Rahul,Nair,Chennai,Tamil Nadu,2025-02-09,New
13162,Olivia,Clark,Pune,Andhra Pradesh,2022-12-16,New
13163,Vikram,Walker,Jaipur,Tamil Nadu,2021-08-11,Premium
13164,Rohan,Wilson,Vijayawada,Andhra Pradesh,2024-07-22,Premium
13165,Rahul,Wilson,Jaipur,Tamil Nadu,2021-08-01,Regular
13166,Ananya,Martin,Mumbai,Telangana,2025-05-14,New
13167,Aisha,Singh,Visakhapatnam,Telangana,2022-09-10,Regular
13168,Aditya,Patel,Mumbai,Andhra Pradesh,2023-01-17,Regular
13169,Emma,Rao,Jaipur,Maharashtra,2022-02-19,New
13170,Kavya,Mehta,Visakhapatnam,Rajasthan,2021-05-18,New
13171,Kavya,Martin,Bengaluru,Andhra Pradesh,2022-10-17,Regular
13172,Daniel,Gupta,Jaipur,Telangana,2022-08-09,Regular
13173,Ananya,Smith,Kolkata,Tamil Nadu,2022-12-18,Regular
13174,Rohan,Sharma,Vijayawada,West Bengal,2023-02-23,Regular
13175,Sophia,Sharma,Delhi,Telangana,2023-10-06,New
13176,Sneha,White,Chennai,Rajasthan,2021-04-28,New
13177,Kavya,Lewis,Jaipur,Karnataka,2022-08-04,Regular
13178,Aditya,Lewis,Bengaluru,Andhra Pradesh,2024-10-14,Regular
13179,Sanjay,Rao,Visakhapatnam,Andhra Pradesh,2025-03-03,New
13180,Vikram,Brown,Chennai,Delhi,2023-05-13,Premium
13181,Sanjay,Taylor,Vijayawada,Andhra Pradesh,2022-08-09,Regular
13182,Vikram,Gupta,Pune,Rajasthan,2022-10-28,New
13183,Aisha,Martin,Chennai,West Bengal,2024-06-05,New
13184,Arjun,Taylor,Chennai,West Bengal,2022-09-28,Premium
13185,Kavya,Verma,Mumbai,Maharashtra,2025-02-20,Regular
13186,Daniel,Verma,Jaipur,Tamil Nadu,2021-02-15,New
13187,Riya,Rao,Vijayawada,Andhra Pradesh,2023-08-28,Regular
13188,Ananya,Clark,Kolkata,Karnataka,2023-04-11,New
13189,Arjun,White,Kolkata,Maharashtra,2022-12-24,Regular
13190,Emma,White,Pune,Delhi,2023-01-31,Regular
13191,Aarav,Thomas,Jaipur,Maharashtra,2021-09-12,Regular
13192,Meera,Rao,Chennai,Tamil Nadu,2022-07-08,Regular
13193,Meera,Thomas,Jaipur,Delhi,2022-07-20,Regular
13194,Vikram,Singh,Mumbai,Tamil Nadu,2023-11-20,New
13195,Aisha,Lewis,Mumbai,Rajasthan,2023-08-16,Premium
13196,Vikram,Gupta,Pune,Karnataka,2022-10-20,New
13197,Sanjay,Verma,Vijayawada,Maharashtra,2023-04-08,New
13198,Emma,Reddy,Vijayawada,Andhra Pradesh,2023-07-04,Premium
13199,Sophia,Reddy,Vijayawada,Maharashtra,2021-03-17,Premium
13200,Aditya,Nair,Hyderabad,West Bengal,2024-11-17,Regular
13201,Daniel,Smith,Bengaluru,West Bengal,2024-11-28,Regular
13202,Daniel,Sharma,Visakhapatnam,Tamil Nadu,2022-08-06,New
13203,Riya,Clark,Jaipur,West Bengal,2024-05-02,Regular
13204,Rahul,Kumar,Bengaluru,Karnataka,2022-09-29,New
13205,Aditya,White,Jaipur,West Bengal,2021-04-19,New
13206,Meera,Gupta,Chennai,Karnataka,2024-10-17,Regular
13207,Sophia,Nair,Jaipur,West Bengal,2022-03-05,Premium
13208,Emma,Patel,Jaipur,Telangana,2022-07-27,Premium
13209,Ananya,Clark,Kolkata,Andhra Pradesh,2023-07-11,Premium
13210,Sanjay,Martin,Bengaluru,West Bengal,2022-12-04,Regular
13211,Sophia,Reddy,Vijayawada,Telangana,2022-03-02,New
13212,Aditya,Kumar,Bengaluru,Telangana,2024-07-05,New
13213,Rohan,Wilson,Mumbai,Karnataka,2022-07-24,Regular
13214,Sophia,Lewis,Kolkata,Rajasthan,2023-08-05,New
13215,Sneha,Kumar,Hyderabad,Delhi,2023-12-01,Regular
13216,Aditya,Singh,Mumbai,Tamil Nadu,2025-02-03,Regular
13217,Aarav,Brown,Vijayawada,Tamil Nadu,2023-02-06,Premium
13218,Ananya,Kumar,Hyderabad,Telangana,2023-01-24,Regular
13219,Sophia,Rao,Mumbai,Karnataka,2024-12-31,Regular
13220,Ananya,Sharma,Hyderabad,Andhra Pradesh,2023-02-06,Regular
13221,Meera,Mehta,Kolkata,Delhi,2022-04-22,Regular
13222,Aditya,Martin,Hyderabad,Tamil Nadu,2021-03-10,New
13223,Riya,Verma,Chennai,Telangana,2022-06-04,Regular
13224,Riya,Gupta,Delhi,Tamil Nadu,2021-11-12,Regular
13225,Kavya,Verma,Chennai,Maharashtra,2022-05-03,New
13226,Riya,Brown,Chennai,Telangana,2023-05-14,Regular
13227,Sneha,Patel,Visakhapatnam,Delhi,2023-04-20,Premium
13228,Kiran,Kumar,Vijayawada,West Bengal,2021-10-27,New
13229,Aisha,Patel,Hyderabad,Rajasthan,2023-01-13,Regular
13230,Emma,White,Visakhapatnam,Tamil Nadu,2022-12-27,New
13231,Emma,Martin,Pune,Tamil Nadu,2021-03-10,Regular
13232,Sanjay,Kumar,Bengaluru,Andhra Pradesh,2022-03-30,Premium
13233,Meera,Rao,Jaipur,Tamil Nadu,2024-03-02,New
13234,Aarav,Verma,Mumbai,West Bengal,2021-02-03,Regular
13235,Sneha,Patel,Mumbai,West Bengal,2022-04-27,Regular
13236,Sneha,Lewis,Bengaluru,Rajasthan,2023-01-31,New
13237,Kiran,Walker,Visakhapatnam,Tamil Nadu,2021-09-24,Regular
13238,Sophia,Singh,Chennai,Delhi,2023-11-01,Premium
13239,Olivia,Sharma,Delhi,Karnataka,2024-02-20,Premium
13240,Aarav,Gupta,Chennai,Andhra Pradesh,2022-06-26,Regular
13241,Sanjay,Smith,Visakhapatnam,Telangana,2022-01-04,New
13242,Sanjay,Clark,Vijayawada,West Bengal,2024-05-27,New
13243,Olivia,Rao,Delhi,Karnataka,2021-12-11,New
13244,Neha,Gupta,Mumbai,Maharashtra,2021-08-22,Regular
13245,Aisha,Singh,Kolkata,Telangana,2021-02-22,Regular
13246,Emma,Sharma,Pune,West Bengal,2021-05-27,Regular
13247,Riya,Sharma,Jaipur,Maharashtra,2024-10-26,Regular
13248,Arjun,Verma,Kolkata,West Bengal,2025-02-04,New
13249,Rahul,Wilson,Hyderabad,Tamil Nadu,2023-05-24,Premium
13250,Kiran,Sharma,Visakhapatnam,Telangana,2025-01-14,New
13251,Rohan,Singh,Bengaluru,Delhi,2024-02-06,New
13252,Aisha,Walker,Mumbai,West Bengal,2022-10-13,Regular
13253,Vikram,White,Pune,West Bengal,2024-02-16,New
13254,Kiran,Wilson,Chennai,Tamil Nadu,2022-11-03,New
13255,Sanjay,Brown,Jaipur,West Bengal,2025-03-20,Premium
13256,Vikram,Smith,Jaipur,Delhi,2024-09-23,Premium
13257,Vikram,Nair,Bengaluru,Karnataka,2024-09-13,Regular
13258,Vikram,Singh,Mumbai,Telangana,2023-04-29,New
13259,Sneha,Nair,Mumbai,Tamil Nadu,2023-04-10,New
13260,Ananya,Taylor,Kolkata,Telangana,2021-07-07,New
13261,Ananya,Taylor,Delhi,West Bengal,2023-11-11,New
13262,Priya,Taylor,Kolkata,Telangana,2021-07-03,Premium
13263,Aisha,Wilson,Hyderabad,Telangana,2023-05-15,New
13264,Olivia,Reddy,Delhi,Karnataka,2021-07-29,Regular
13265,Neha,Wilson,Chennai,Tamil Nadu,2023-02-01,New
13266,Kavya,Lewis,Chennai,Telangana,2024-06-03,Regular
13267,Aisha,Wilson,Vijayawada,West Bengal,2022-05-09,New
13268,Meera,Smith,Bengaluru,Karnataka,2023-08-22,New
13269,Rahul,Singh,Hyderabad,Andhra Pradesh,2022-02-20,New
13270,Sophia,Thomas,Pune,Delhi,2022-04-25,Premium
13271,Vikram,Mehta,Vijayawada,Telangana,2021-10-20,Regular
13272,Ananya,Gupta,Delhi,Maharashtra,2021-09-17,Regular
13273,Meera,Mehta,Bengaluru,Karnataka,2022-08-19,New
13274,Ananya,Kumar,Vijayawada,Rajasthan,2021-07-17,Regular
13275,Sanjay,Walker,Mumbai,Delhi,2024-11-27,Regular
13276,Daniel,Martin,Vijayawada,Andhra Pradesh,2024-04-01,Regular
13277,Arjun,Rao,Chennai,Tamil Nadu,2021-12-21,Regular
13278,Sanjay,Thomas,Jaipur,Karnataka,2024-11-18,Premium
13279,Sophia,Reddy,Chennai,Karnataka,2022-08-08,Premium
13280,Aisha,Nair,Jaipur,Maharashtra,2023-04-30,Premium
13281,Arjun,Taylor,Mumbai,Andhra Pradesh,2024-01-24,Regular
13282,Riya,Sharma,Vijayawada,Maharashtra,2024-05-21,New
13283,Sophia,Martin,Delhi,Rajasthan,2021-01-13,New
13284,Arjun,Clark,Hyderabad,Tamil Nadu,2022-03-30,New
13285,Ananya,Smith,Hyderabad,Karnataka,2022-06-23,New
13286,Priya,Singh,Pune,Maharashtra,2023-07-27,Regular
13287,Rahul,Martin,Bengaluru,Telangana,2024-10-27,Regular
13288,Sanjay,Rao,Kolkata,West Bengal,2022-12-02,Regular
13289,Vikram,Martin,Bengaluru,Telangana,2023-01-12,Regular
13290,Vikram,Wilson,Delhi,West Bengal,2021-05-21,Premium
13291,Ananya,Reddy,Chennai,Maharashtra,2023-04-22,New
13292,Priya,Reddy,Bengaluru,Tamil Nadu,2023-02-19,New
13293,Sanjay,Sharma,Mumbai,Delhi,2023-10-16,Regular
13294,Aditya,Reddy,Delhi,West Bengal,2024-09-16,Regular
13295,Vikram,Gupta,Mumbai,Rajasthan,2023-06-27,Regular
13296,Riya,Sharma,Mumbai,Tamil Nadu,2021-03-24,Premium
13297,Sanjay,Walker,Mumbai,Andhra Pradesh,2024-07-31,New
13298,Daniel,Walker,Mumbai,Andhra Pradesh,2023-02-03,Regular
13299,Neha,Patel,Pune,Rajasthan,2023-02-18,Premium
13300,Emma,Rao,Visakhapatnam,Rajasthan,2024-10-29,Regular
13301,Kavya,Martin,Delhi,Andhra Pradesh,2023-08-02,Regular
13302,Aditya,Taylor,Pune,Tamil Nadu,2024-06-18,New
13303,Kavya,Smith,Vijayawada,West Bengal,2024-11-09,New
13304,Aditya,White,Delhi,Andhra Pradesh,2023-03-01,New
13305,Rahul,Wilson,Jaipur,Tamil Nadu,2025-04-21,Regular
13306,Aditya,Taylor,Delhi,Andhra Pradesh,2021-10-02,Regular
13307,Aditya,Brown,Chennai,West Bengal,2024-10-26,Premium
13308,Rahul,Brown,Delhi,Maharashtra,2024-09-19,Regular
13309,Aarav,Gupta,Vijayawada,Andhra Pradesh,2021-06-09,New
13310,Daniel,Brown,Chennai,Telangana,2021-09-03,Regular
13311,Neha,Walker,Chennai,West Bengal,2021-03-01,New
13312,Ananya,Nair,Delhi,Andhra Pradesh,2022-03-19,Regular
13313,Daniel,Kumar,Visakhapatnam,Telangana,2025-05-06,New
13314,Sanjay,Smith,Mumbai,Maharashtra,2021-07-18,Regular
13315,Ananya,Thomas,Delhi,Delhi,2021-02-24,Premium
13316,Emma,White,Kolkata,Karnataka,2023-01-05,New
13317,Kavya,Brown,Kolkata,Rajasthan,2022-07-20,Regular
13318,Kiran,Thomas,Bengaluru,West Bengal,2023-10-04,Regular
13319,Aditya,Gupta,Mumbai,Tamil Nadu,2023-08-29,New
13320,Aarav,Verma,Jaipur,Maharashtra,2024-08-16,New
13321,Arjun,Verma,Visakhapatnam,Telangana,2022-10-26,Regular
13322,Vikram,Rao,Vijayawada,Telangana,2023-01-09,New
13323,Riya,Martin,Hyderabad,West Bengal,2021-02-06,New
13324,Kavya,Lewis,Pune,Rajasthan,2025-04-03,Regular
13325,Ananya,Rao,Hyderabad,Tamil Nadu,2021-12-08,Regular
13326,Riya,Kumar,Mumbai,Karnataka,2023-08-12,New
13327,Vikram,Clark,Visakhapatnam,West Bengal,2024-11-10,Premium
13328,Sanjay,Clark,Mumbai,Delhi,2023-08-26,Premium
13329,Kiran,Walker,Bengaluru,Karnataka,2023-09-28,Premium
13330,Daniel,Gupta,Vijayawada,West Bengal,2021-10-08,Regular
13331,Kavya,Martin,Vijayawada,Karnataka,2024-02-09,New
13332,Olivia,Martin,Kolkata,Telangana,2021-11-01,New
13333,Sanjay,Thomas,Visakhapatnam,Maharashtra,2024-01-12,Premium
13334,Emma,Clark,Vijayawada,West Bengal,2023-07-12,Premium
13335,Arjun,White,Kolkata,Delhi,2023-02-23,Regular
13336,Sanjay,Mehta,Visakhapatnam,West Bengal,2024-02-28,Regular
13337,Neha,Reddy,Mumbai,Karnataka,2024-02-26,Regular
13338,Arjun,Patel,Pune,Maharashtra,2021-11-24,Regular
13339,Olivia,Lewis,Delhi,West Bengal,2022-08-24,New
13340,Olivia,Clark,Kolkata,Delhi,2023-02-14,Regular
13341,Neha,Sharma,Pune,Karnataka,2021-08-31,Regular
13342,Rohan,Nair,Pune,Rajasthan,2022-07-24,Regular
13343,Arjun,Singh,Bengaluru,Telangana,2021-03-08,Regular
13344,Kavya,Rao,Kolkata,Rajasthan,2022-12-04,Regular
13345,Neha,Wilson,Bengaluru,West Bengal,2021-11-26,New
13346,Riya,Brown,Pune,Telangana,2021-12-22,New
13347,Kavya,Mehta,Pune,Tamil Nadu,2024-08-02,New
13348,Rahul,Verma,Vijayawada,Tamil Nadu,2021-08-14,New
13349,Rahul,Wilson,Pune,Rajasthan,2021-07-13,New
13350,Riya,Taylor,Hyderabad,Delhi,2022-05-28,Regular
13351,Vikram,Sharma,Delhi,Tamil Nadu,2021-02-07,Regular
13352,Daniel,Kumar,Chennai,Rajasthan,2024-10-22,Regular
13353,Rahul,Rao,Mumbai,Telangana,2025-04-29,Regular
13354,Aisha,Verma,Chennai,Andhra Pradesh,2024-07-12,Regular
13355,Sophia,White,Bengaluru,Andhra Pradesh,2024-07-02,New
13356,Ananya,Lewis,Jaipur,Maharashtra,2021-06-12,Regular
13357,Arjun,Wilson,Chennai,Telangana,2023-06-07,New
13358,Olivia,Sharma,Delhi,Rajasthan,2021-05-21,New
13359,Vikram,Kumar,Visakhapatnam,Rajasthan,2022-04-27,Regular
13360,Neha,Mehta,Mumbai,Maharashtra,2023-02-28,Premium
13361,Sophia,Smith,Jaipur,Karnataka,2023-12-27,New
13362,Aisha,Taylor,Pune,Tamil Nadu,2022-03-20,Regular
13363,Aarav,Kumar,Jaipur,Karnataka,2022-02-14,New
13364,Emma,Lewis,Pune,Delhi,2024-08-10,New
13365,Vikram,Mehta,Hyderabad,Delhi,2021-12-25,Premium
13366,Aisha,Smith,Visakhapatnam,Tamil Nadu,2023-02-17,Regular
13367,Kavya,Sharma,Visakhapatnam,West Bengal,2022-04-04,Regular
13368,Aditya,Clark,Jaipur,Delhi,2024-09-26,Premium
13369,Ananya,Brown,Bengaluru,Telangana,2023-05-06,Regular
13370,Rahul,Singh,Visakhapatnam,Maharashtra,2021-06-23,New
13371,Sophia,Rao,Mumbai,Andhra Pradesh,2021-08-25,Regular
13372,Sanjay,Nair,Visakhapatnam,Andhra Pradesh,2025-04-02,Regular
13373,Rohan,Sharma,Jaipur,Andhra Pradesh,2025-02-13,Regular
13374,Neha,Walker,Bengaluru,Rajasthan,2024-05-12,Regular
13375,Meera,Clark,Mumbai,Telangana,2021-05-05,Regular
13376,Neha,Lewis,Chennai,Tamil Nadu,2024-03-17,New
13377,Neha,Nair,Mumbai,Maharashtra,2023-11-24,Regular
13378,Sneha,Smith,Delhi,Delhi,2025-02-13,New
13379,Olivia,Mehta,Pune,Andhra Pradesh,2023-02-18,New
13380,Kiran,Mehta,Kolkata,West Bengal,2023-01-23,Regular
13381,Emma,Smith,Kolkata,West Bengal,2023-10-10,Regular
13382,Riya,Mehta,Chennai,Karnataka,2021-08-27,Premium
13383,Sophia,Thomas,Hyderabad,West Bengal,2024-04-07,Regular
13384,Daniel,Reddy,Vijayawada,Andhra Pradesh,2023-03-07,Regular
13385,Riya,Patel,Bengaluru,Andhra Pradesh,2021-10-28,New
13386,Sanjay,Lewis,Bengaluru,Delhi,2024-07-28,Regular
13387,Riya,Lewis,Kolkata,Telangana,2022-02-28,New
13388,Aisha,Clark,Chennai,Karnataka,2024-10-07,Regular
13389,Aditya,Nair,Bengaluru,West Bengal,2022-03-13,Regular
13390,Meera,Mehta,Mumbai,Andhra Pradesh,2023-02-21,New
13391,Aditya,Sharma,Delhi,Andhra Pradesh,2022-11-30,Premium
13392,Neha,Gupta,Visakhapatnam,Maharashtra,2024-03-17,Regular
13393,Riya,Martin,Jaipur,Delhi,2021-10-25,Regular
13394,Vikram,Rao,Vijayawada,Karnataka,2022-01-31,Regular
13395,Rohan,Mehta,Visakhapatnam,Delhi,2021-11-04,Regular
13396,Riya,Kumar,Delhi,Karnataka,2022-01-04,Regular
13397,Priya,Mehta,Pune,Andhra Pradesh,2022-12-26,New
13398,Sophia,Martin,Visakhapatnam,Andhra Pradesh,2023-07-28,Premium
13399,Aarav,Smith,Mumbai,Telangana,2024-10-13,Regular
13400,Aisha,Smith,Visakhapatnam,Rajasthan,2022-11-06,Regular
13401,Emma,Walker,,Andhra Pradesh,2022-10-18,Regular
13402,Daniel,Singh,Mumbai,Maharashtra,2021-09-15,New
13403,Vikram,Gupta,Kolkata,Maharashtra,2021-06-08,Regular
13404,Sophia,Wilson,Vijayawada,Telangana,2024-05-03,Regular
13405,Kiran,Mehta,Vijayawada,Rajasthan,2023-10-10,Regular
13406,Kiran,White,Chennai,Telangana,2023-05-02,New
13407,Kiran,Reddy,Jaipur,Rajasthan,2022-12-12,Regular
13408,Kavya,Kumar,Delhi,West Bengal,2023-04-13,Premium
13409,Meera,Rao,Hyderabad,Rajasthan,2024-09-15,Premium
13410,Priya,Mehta,Bengaluru,Tamil Nadu,2021-10-30,Regular
13411,Arjun,Lewis,Vijayawada,Rajasthan,2023-03-10,Regular
13412,Sophia,Mehta,Pune,Maharashtra,2022-01-21,Regular
13413,Sanjay,Verma,Bengaluru,Tamil Nadu,2021-06-17,New
13414,Arjun,Patel,Delhi,Tamil Nadu,2024-01-14,Regular
13415,Sneha,Verma,Delhi,Rajasthan,2024-02-02,Regular
13416,Ananya,Brown,Hyderabad,Maharashtra,2024-09-25,New
13417,Kavya,Smith,Mumbai,Maharashtra,2021-02-04,Regular
13418,Olivia,Wilson,Pune,West Bengal,2021-10-11,New
13419,Arjun,Verma,Vijayawada,Delhi,2023-07-09,Regular
13420,Aditya,Patel,Kolkata,Delhi,2024-07-23,Regular
13421,Neha,Patel,Hyderabad,Maharashtra,2025-02-13,Premium
13422,Riya,Patel,Kolkata,Karnataka,2024-06-14,New
13423,Kavya,Wilson,Jaipur,Rajasthan,2024-12-18,New
13424,Kiran,Lewis,Hyderabad,Maharashtra,2024-07-27,Regular
13425,Kavya,Lewis,Jaipur,Rajasthan,2022-05-21,Regular
13426,Sophia,Rao,Hyderabad,Maharashtra,2023-07-20,New
13427,Priya,Reddy,Kolkata,Delhi,2023-10-14,Regular
13428,Olivia,Wilson,Mumbai,Delhi,2022-07-17,Premium
13429,Riya,Sharma,Vijayawada,Rajasthan,2024-11-17,Regular
13430,Rohan,Wilson,Visakhapatnam,Telangana,2024-05-18,New
13431,Sanjay,Nair,Visakhapatnam,Delhi,2023-04-07,New
13432,Riya,Clark,Visakhapatnam,Karnataka,2023-02-07,Regular
13433,Sanjay,Wilson,Visakhapatnam,Andhra Pradesh,2024-06-22,Regular
13434,Rohan,Martin,Mumbai,Delhi,2021-12-21,Premium
13435,Sanjay,Verma,Pune,Rajasthan,2021-12-16,New
13436,Kavya,Clark,Vijayawada,Tamil Nadu,2022-10-06,Regular
13437,Aditya,Brown,Bengaluru,Karnataka,2021-07-24,Premium
13438,Meera,Wilson,Delhi,West Bengal,2023-01-03,New
13439,Daniel,Nair,Delhi,Karnataka,2022-11-23,Premium
13440,Emma,Verma,Jaipur,Tamil Nadu,2023-03-20,Regular
13441,Daniel,Clark,Hyderabad,Tamil Nadu,2023-01-09,Regular
13442,Aarav,Nair,Hyderabad,Karnataka,2024-12-07,Regular
13443,Priya,Sharma,Hyderabad,Karnataka,2022-03-16,Regular
13444,Sanjay,Nair,Delhi,West Bengal,2022-10-20,Premium
13445,Daniel,Nair,Delhi,Andhra Pradesh,2024-03-27,New
13446,Aisha,Verma,Delhi,Maharashtra,2022-04-01,Regular
13447,Rohan,Reddy,Chennai,Tamil Nadu,2023-11-17,New
13448,Sneha,Kumar,Mumbai,Karnataka,2025-03-20,New
13449,Kavya,Rao,Pune,West Bengal,2022-08-24,Regular
13450,Priya,Verma,Hyderabad,Andhra Pradesh,2022-01-23,Regular
13451,Priya,Sharma,Vijayawada,Delhi,2021-11-01,Regular
13452,Arjun,Nair,Hyderabad,Maharashtra,2021-01-18,New
13453,Priya,Rao,Kolkata,West Bengal,2022-03-31,New
13454,Rohan,Sharma,Pune,Rajasthan,2024-09-21,New
13455,Emma,Gupta,,Rajasthan,2022-02-12,New
13456,Olivia,Gupta,Kolkata,Karnataka,2025-03-08,New
13457,Riya,Kumar,Pune,Maharashtra,2025-03-05,Regular
13458,Aarav,Thomas,Vijayawada,Rajasthan,2023-12-28,New
13459,Emma,Reddy,Bengaluru,West Bengal,2025-04-19,Premium
13460,Kiran,Smith,Bengaluru,Andhra Pradesh,2022-10-15,New
13461,Ananya,Taylor,Pune,Rajasthan,2025-03-11,Regular
13462,Daniel,Clark,Visakhapatnam,Telangana,2023-05-21,New
13463,Olivia,Brown,Visakhapatnam,Delhi,2021-05-10,New
13464,Arjun,Brown,Mumbai,Delhi,2024-08-24,Regular
13465,Kiran,Thomas,Chennai,Tamil Nadu,2025-03-01,New
13466,Aisha,Lewis,Jaipur,West Bengal,2024-11-17,New
13467,Neha,Singh,Delhi,Telangana,2022-10-29,Regular
13468,Aditya,Thomas,Bengaluru,Maharashtra,2021-06-14,Regular
13469,Neha,Mehta,Chennai,Maharashtra,2023-07-26,Regular
13470,Olivia,Reddy,Visakhapatnam,Maharashtra,2024-10-20,New
13471,Sanjay,Wilson,Visakhapatnam,Delhi,2024-09-07,New
13472,Aisha,White,Jaipur,Rajasthan,2023-09-15,Regular
13473,Aisha,Kumar,Hyderabad,Rajasthan,2024-06-12,Premium
13474,Olivia,Sharma,Visakhapatnam,West Bengal,2021-02-21,New
13475,Aditya,Walker,Bengaluru,Tamil Nadu,2023-09-25,New
13476,Sanjay,Smith,Visakhapatnam,Rajasthan,2021-06-23,Regular
13477,Neha,Singh,Visakhapatnam,Rajasthan,2024-04-13,Premium
13478,Neha,Thomas,Mumbai,Andhra Pradesh,2021-03-14,New
13479,Ananya,Nair,Bengaluru,Andhra Pradesh,2023-08-10,Regular
13480,Riya,Rao,Vijayawada,Andhra Pradesh,2025-02-26,Regular
13481,Riya,Gupta,Hyderabad,Andhra Pradesh,2021-06-29,New
13482,Sanjay,Smith,Delhi,West Bengal,2022-11-14,Regular
13483,Riya,Kumar,Mumbai,West Bengal,2021-03-07,Regular
13484,Sanjay,Nair,Pune,West Bengal,2024-02-19,New
13485,Ananya,Rao,Visakhapatnam,Maharashtra,2025-01-20,New
13486,Aarav,Reddy,Jaipur,Rajasthan,2021-01-03,New
13487,Rohan,Thomas,Pune,West Bengal,2023-05-24,New
13488,Sophia,Sharma,Chennai,Delhi,2024-06-23,Regular
13489,Ananya,White,Visakhapatnam,West Bengal,2021-02-10,Regular
13490,Aisha,Reddy,Pune,Telangana,2023-02-11,Regular
13491,Rahul,Nair,Bengaluru,Rajasthan,2021-07-26,Regular
13492,Kavya,Reddy,Jaipur,Delhi,2025-01-17,Regular
13493,Kiran,Nair,Jaipur,Rajasthan,2023-03-27,New
13494,Aisha,Wilson,Chennai,Telangana,2023-04-14,Regular
13495,Daniel,Reddy,Bengaluru,Karnataka,2025-05-15,New
13496,Neha,Brown,Bengaluru,Rajasthan,2024-06-16,New
13497,Rahul,Thomas,Delhi,West Bengal,2022-05-18,Regular
13498,Priya,Mehta,Mumbai,West Bengal,2023-10-05,Regular
13499,Rahul,Kumar,Kolkata,Maharashtra,2022-04-21,New
13500,Ananya,Taylor,Vijayawada,Delhi,2023-04-13,Regular
13501,Arjun,Patel,Hyderabad,Delhi,2024-07-23,New
13502,Kavya,Sharma,Visakhapatnam,Karnataka,2025-02-26,Regular
13503,Rohan,Verma,Hyderabad,Delhi,2025-03-03,Regular
13504,Sanjay,Gupta,Bengaluru,Delhi,2023-03-04,Regular
13505,Aarav,Sharma,Vijayawada,Tamil Nadu,2024-12-03,New
13506,Olivia,Thomas,Kolkata,Tamil Nadu,2024-11-28,Regular
13507,Emma,Smith,Jaipur,Andhra Pradesh,2023-05-25,New
13508,Emma,Walker,Delhi,West Bengal,2021-02-27,Regular
13509,Arjun,Mehta,Pune,Maharashtra,2021-07-10,Premium
13510,Rohan,Verma,Kolkata,Delhi,2023-11-18,New
13511,Sophia,Clark,Vijayawada,Karnataka,2024-08-21,Regular
13512,Sneha,Reddy,Kolkata,Maharashtra,2024-12-29,New
13513,Rahul,Nair,Mumbai,Delhi,2022-01-25,Regular
13514,Rahul,Thomas,Jaipur,Tamil Nadu,2024-12-09,Regular
13515,Aditya,Gupta,Mumbai,Karnataka,2024-08-15,Regular
13516,Sophia,Lewis,Mumbai,Delhi,2023-02-16,Regular
13517,Vikram,Gupta,Chennai,Rajasthan,2022-08-22,Premium
13518,Daniel,Verma,Chennai,Maharashtra,2023-01-26,Regular
13519,Meera,Lewis,Chennai,Rajasthan,2023-12-17,Premium
13520,Daniel,Singh,Delhi,Andhra Pradesh,2024-07-20,New
13521,Emma,White,Vijayawada,West Bengal,2021-10-02,Premium
13522,Rohan,Sharma,Pune,Rajasthan,2022-06-21,New
13523,Emma,Gupta,Jaipur,Maharashtra,2021-07-12,New
13524,Vikram,Smith,Pune,Andhra Pradesh,2025-02-08,Regular
13525,Aditya,Smith,Pune,Karnataka,2022-10-14,New
13526,Sanjay,Walker,Hyderabad,Tamil Nadu,2022-02-06,Regular
13527,Rahul,White,Jaipur,Delhi,2021-11-22,New
13528,Arjun,Taylor,Bengaluru,Telangana,2021-04-30,Regular
13529,Vikram,Taylor,Bengaluru,Andhra Pradesh,2023-01-25,New
13530,Rahul,Rao,Jaipur,Rajasthan,2024-05-20,New
13531,Kiran,Clark,Delhi,Telangana,2022-06-01,Premium
13532,Arjun,Wilson,Hyderabad,Rajasthan,2022-10-10,Regular
13533,Arjun,Sharma,Pune,Telangana,2023-10-16,New
13534,Sophia,Clark,Delhi,Karnataka,2022-07-24,Regular
13535,Arjun,Nair,Hyderabad,Andhra Pradesh,2024-03-28,Premium
13536,Arjun,Mehta,Vijayawada,West Bengal,2022-05-29,Regular
13537,Aarav,Mehta,Kolkata,Rajasthan,2022-12-15,New
13538,Rahul,Clark,Hyderabad,Maharashtra,2025-04-18,Premium
13539,Neha,Gupta,Kolkata,Delhi,2024-08-30,Regular
13540,Emma,Nair,Chennai,Karnataka,2023-07-04,New
13541,Aisha,Sharma,Vijayawada,West Bengal,2022-09-20,New
13542,Sneha,Rao,Mumbai,Rajasthan,2025-05-07,New
13543,Arjun,Reddy,Chennai,Delhi,2023-01-11,Premium
13544,Riya,Smith,Delhi,Rajasthan,2022-07-04,Premium
13545,Aarav,Lewis,Pune,Maharashtra,2023-08-12,Regular
13546,Kavya,Mehta,Mumbai,Rajasthan,2022-10-25,Regular
13547,Ananya,Walker,Visakhapatnam,Delhi,2024-11-24,Regular
13548,Olivia,White,Kolkata,Karnataka,2021-12-05,Regular
13549,Rohan,Reddy,Pune,Tamil Nadu,2021-03-22,Regular
13550,Kavya,Brown,Chennai,Maharashtra,2022-11-20,Premium
13551,Ananya,Brown,Delhi,Telangana,2025-02-26,New
13552,Neha,Nair,Hyderabad,Rajasthan,2021-04-10,New
13553,Daniel,Clark,Visakhapatnam,Karnataka,2024-07-17,Regular
13554,Aisha,Nair,Hyderabad,West Bengal,2021-01-01,Regular
13555,Ananya,Reddy,Kolkata,Rajasthan,2023-06-12,New
13556,Ananya,Brown,Mumbai,Maharashtra,2022-12-26,New
13557,Aisha,Singh,Vijayawada,Delhi,2021-09-13,Regular
13558,Rohan,Nair,Mumbai,Delhi,2024-04-08,Regular
13559,Vikram,Brown,Hyderabad,Andhra Pradesh,2021-10-08,Premium
13560,Priya,Martin,Jaipur,Telangana,2022-12-01,Regular
13561,Arjun,Gupta,Vijayawada,Tamil Nadu,2023-06-13,Regular
13562,Vikram,Nair,Hyderabad,Delhi,2023-04-09,Regular
13563,Ananya,Reddy,Hyderabad,Telangana,2021-02-20,Regular
13564,Riya,Nair,Delhi,Andhra Pradesh,2022-12-14,New
13565,Riya,Smith,Jaipur,West Bengal,2023-11-14,Regular
13566,Aditya,Wilson,Delhi,Telangana,2023-04-23,Regular
13567,Ananya,Gupta,Hyderabad,Telangana,2024-03-14,Premium
13568,Vikram,Reddy,Kolkata,Karnataka,2024-05-25,Premium
13569,Riya,Smith,Pune,West Bengal,2021-10-14,New
13570,Sanjay,Taylor,Kolkata,Delhi,2024-07-10,Regular
13571,Riya,Reddy,Mumbai,Maharashtra,2024-12-02,Regular
13572,Emma,Brown,Hyderabad,Delhi,2024-09-02,New
13573,Meera,Reddy,Hyderabad,Maharashtra,2024-09-24,Regular
13574,Rohan,Mehta,Kolkata,Tamil Nadu,2021-12-06,Premium
13575,Sophia,Wilson,Kolkata,Telangana,2023-11-10,Regular
13576,Meera,Martin,Mumbai,Telangana,2023-01-03,Regular
13577,Kavya,Martin,Hyderabad,West Bengal,2025-04-24,Regular
13578,Olivia,Thomas,Vijayawada,West Bengal,2024-08-22,Regular
13579,Olivia,Singh,Bengaluru,Karnataka,2021-09-16,Regular
13580,Arjun,Clark,Bengaluru,Karnataka,2025-02-16,Regular
13581,Olivia,Rao,Pune,Maharashtra,2024-01-21,Premium
13582,Riya,Nair,Vijayawada,West Bengal,2023-05-19,Regular
13583,Sanjay,Thomas,Jaipur,Delhi,2022-12-15,New
13584,Rohan,Rao,Kolkata,Delhi,2023-02-28,Regular
13585,Riya,Reddy,Jaipur,Telangana,2024-05-18,Regular
13586,Sanjay,Martin,Kolkata,Maharashtra,2024-05-08,Regular
13587,Priya,Taylor,Visakhapatnam,Andhra Pradesh,2023-06-03,Regular
13588,Meera,Smith,Bengaluru,Delhi,2025-05-06,New
13589,Meera,Kumar,Hyderabad,Andhra Pradesh,2022-01-07,Regular
13590,Daniel,Wilson,Kolkata,West Bengal,2022-11-13,Premium
13591,Rahul,Patel,Jaipur,Rajasthan,2023-08-16,Regular
13592,Aditya,Smith,Vijayawada,Delhi,2021-09-22,Regular
13593,Sophia,Brown,Mumbai,Delhi,2023-03-10,Regular
13594,Sneha,Thomas,Pune,Delhi,2024-08-27,Regular
13595,Sanjay,White,Bengaluru,Tamil Nadu,2023-12-17,Regular
13596,Aditya,Patel,Mumbai,Maharashtra,2024-02-11,Regular
13597,Rohan,Kumar,Kolkata,Karnataka,2021-09-16,Regular
13598,Sneha,Smith,Bengaluru,Maharashtra,2021-08-21,Regular
13599,Aditya,White,Pune,Karnataka,2022-12-09,Regular
13600,Kavya,Patel,Chennai,Maharashtra,2022-06-02,Regular
13601,Ananya,Mehta,Pune,Rajasthan,2021-01-17,New
13602,Kavya,Verma,Vijayawada,Maharashtra,2023-06-05,Regular
13603,Vikram,Rao,Visakhapatnam,West Bengal,2024-04-21,Regular
13604,Kavya,Taylor,Pune,Maharashtra,2024-03-16,New
13605,Daniel,Gupta,Visakhapatnam,Rajasthan,2021-06-15,New
13606,Rahul,Mehta,Vijayawada,Karnataka,2024-06-03,Regular
13607,Rohan,Clark,Jaipur,Andhra Pradesh,2022-09-02,Regular
13608,Meera,Nair,Vijayawada,West Bengal,2021-09-07,Regular
13609,Kavya,Sharma,Delhi,Rajasthan,2023-01-26,Regular
13610,Meera,Lewis,Kolkata,Karnataka,2021-12-13,Regular
13611,Sneha,Gupta,Mumbai,Rajasthan,2023-12-13,New
13612,Meera,Thomas,Kolkata,Rajasthan,2024-04-05,Regular
13613,Kavya,Thomas,Vijayawada,Tamil Nadu,2024-03-07,Regular
13614,Arjun,Brown,Kolkata,Delhi,2021-07-05,New
13615,Riya,Reddy,Bengaluru,Delhi,2022-07-12,Premium
13616,Ananya,White,Delhi,Telangana,2023-03-09,Premium
13617,Arjun,Taylor,Vijayawada,Delhi,2025-04-25,New
13618,Ananya,Verma,Bengaluru,West Bengal,2023-05-24,New
13619,Ananya,Lewis,Vijayawada,Karnataka,2023-11-12,Premium
13620,Arjun,Thomas,Visakhapatnam,Tamil Nadu,2022-06-27,New
13621,Sophia,Thomas,Delhi,Delhi,2022-04-18,Premium
13622,Sanjay,Patel,Jaipur,Rajasthan,2024-06-28,New
13623,Rohan,Wilson,Visakhapatnam,Telangana,2024-08-28,Regular
13624,Ananya,Gupta,Pune,Rajasthan,2021-03-30,New
13625,Emma,Reddy,Visakhapatnam,Andhra Pradesh,2023-05-13,Regular
13626,Aisha,Rao,Jaipur,Andhra Pradesh,2024-05-28,New
13627,Riya,Kumar,Bengaluru,Telangana,2021-09-10,Regular
13628,Sanjay,Kumar,Jaipur,Delhi,2023-10-31,Premium
13629,Emma,Martin,Hyderabad,Tamil Nadu,2023-01-28,New
13630,Emma,Brown,Pune,Rajasthan,2023-03-23,Regular
13631,Priya,Nair,Jaipur,West Bengal,2023-08-09,New
13632,Neha,Patel,Vijayawada,West Bengal,2024-10-27,Regular
13633,Aarav,Thomas,Chennai,Telangana,2021-05-19,New
13634,Riya,Wilson,Kolkata,Rajasthan,2021-11-20,Regular
13635,Sophia,Smith,Chennai,Maharashtra,2022-07-07,Regular
13636,Priya,Patel,Chennai,Karnataka,2024-07-05,Premium
13637,Neha,Kumar,Jaipur,Andhra Pradesh,2023-08-06,Premium
13638,Priya,Kumar,Hyderabad,Rajasthan,2021-10-28,New
13639,Arjun,Sharma,Jaipur,Maharashtra,2021-02-07,New
13640,Kavya,White,Pune,West Bengal,2025-05-04,New
13641,Aisha,Nair,Hyderabad,Delhi,2021-08-09,Regular
13642,Daniel,Taylor,Vijayawada,Tamil Nadu,2021-02-22,New
13643,Daniel,White,Hyderabad,West Bengal,2022-10-13,Regular
13644,Priya,Walker,Mumbai,Rajasthan,2023-06-05,Premium
13645,Sophia,Rao,Chennai,Rajasthan,2022-02-18,New
13646,Neha,Mehta,Vijayawada,West Bengal,2021-09-26,New
13647,Kavya,Mehta,Mumbai,Tamil Nadu,2021-05-19,Regular
13648,Kavya,Sharma,Kolkata,Rajasthan,2022-10-15,Regular
13649,Sophia,Thomas,Hyderabad,Rajasthan,2025-03-03,Regular
13650,Aisha,Smith,Kolkata,Telangana,2021-08-25,New
13651,Rahul,Nair,Vijayawada,Tamil Nadu,2023-07-06,Premium
13652,Arjun,Smith,Chennai,Delhi,2021-11-07,Regular
13653,Ananya,Martin,Visakhapatnam,Delhi,2023-12-14,New
13654,Neha,Sharma,Pune,West Bengal,2021-04-08,New
13655,Meera,Wilson,Kolkata,Delhi,2021-11-22,Regular
13656,Priya,Lewis,Bengaluru,Telangana,2021-01-13,New
13657,Neha,Martin,Jaipur,Karnataka,2023-11-04,Premium
13658,Daniel,Wilson,Chennai,Andhra Pradesh,2024-02-25,Regular
13659,Rohan,Reddy,Kolkata,West Bengal,2021-10-02,Premium
13660,Priya,Martin,Hyderabad,West Bengal,2022-12-27,Regular
13661,Sneha,Thomas,Hyderabad,Maharashtra,2022-04-15,Premium
13662,Priya,Mehta,Bengaluru,Tamil Nadu,2021-03-14,Regular
13663,Sophia,Smith,Jaipur,Tamil Nadu,2021-03-01,Regular
13664,Sophia,Wilson,Chennai,West Bengal,2025-02-11,New
13665,Neha,Kumar,Visakhapatnam,Delhi,2023-11-02,Regular
13666,Priya,Gupta,Delhi,Karnataka,2023-12-01,Regular
13667,Sneha,Thomas,Hyderabad,Maharashtra,2022-04-18,Regular
13668,Vikram,White,Pune,Andhra Pradesh,2022-02-27,Regular
13669,Ananya,Gupta,Pune,Delhi,2024-06-25,New
13670,Sanjay,Verma,Chennai,Andhra Pradesh,2022-12-03,Regular
13671,Rahul,Walker,Kolkata,Delhi,2021-06-13,New
13672,Arjun,Patel,Visakhapatnam,Maharashtra,2023-02-22,Regular
13673,Sneha,Gupta,Visakhapatnam,Rajasthan,2023-04-15,Regular
13674,Aarav,Reddy,Delhi,Delhi,2023-07-01,Premium
13675,Kavya,Singh,Visakhapatnam,Karnataka,2023-05-10,Regular
13676,Ananya,Wilson,Jaipur,Maharashtra,2024-10-03,Premium
13677,Kiran,Rao,Hyderabad,West Bengal,2022-01-26,Premium
13678,Riya,White,Kolkata,Tamil Nadu,2023-08-02,New
13679,Neha,Lewis,Vijayawada,Maharashtra,2024-11-21,Regular
13680,Aisha,Lewis,Hyderabad,Andhra Pradesh,2025-04-15,New
13681,Aisha,Martin,Kolkata,Maharashtra,2025-03-24,Premium
13682,Aarav,Martin,Jaipur,Tamil Nadu,2024-03-08,Regular
13683,Sanjay,Brown,Chennai,Telangana,2021-06-20,New
13684,Sneha,White,Visakhapatnam,Maharashtra,2025-05-01,New
13685,Sophia,Reddy,Jaipur,Andhra Pradesh,2021-02-21,Regular
13686,Vikram,Martin,Kolkata,Tamil Nadu,2023-06-01,New
13687,Rahul,Kumar,Kolkata,Maharashtra,2022-12-16,Regular
13688,Daniel,Rao,Delhi,West Bengal,2023-12-22,Premium
13689,Sophia,Gupta,Pune,Rajasthan,2024-06-06,New
13690,Vikram,Wilson,Pune,Andhra Pradesh,2024-03-26,Regular
13691,Ananya,Thomas,Delhi,Tamil Nadu,2021-12-29,Regular
13692,Kavya,Reddy,Pune,Karnataka,2024-04-22,New
13693,Vikram,Wilson,Visakhapatnam,West Bengal,2024-04-27,New
13694,Rohan,Singh,Vijayawada,Tamil Nadu,2021-02-09,New
13695,Kiran,Reddy,Mumbai,Maharashtra,2023-10-17,Premium
13696,Kavya,Verma,Delhi,Telangana,2021-07-23,Regular
13697,Rohan,Smith,Chennai,Andhra Pradesh,2023-06-19,Regular
13698,Ananya,Singh,Bengaluru,Karnataka,2021-12-31,Regular
13699,Aditya,Nair,Mumbai,Maharashtra,2022-07-28,New
13700,Riya,White,Hyderabad,Maharashtra,2022-03-11,New
13701,Vikram,Rao,Visakhapatnam,Telangana,2024-10-11,New
13702,Sanjay,White,Bengaluru,Andhra Pradesh,2024-12-19,Regular
13703,Sanjay,Clark,Mumbai,Delhi,2024-07-01,Regular
13704,Daniel,Nair,Chennai,Delhi,2024-03-02,Regular
13705,Daniel,Smith,Chennai,Karnataka,2022-08-05,New
13706,Neha,Martin,Mumbai,Telangana,2021-08-18,Regular
13707,Vikram,Mehta,Vijayawada,Telangana,2023-06-29,Regular
13708,Riya,Verma,Visakhapatnam,West Bengal,2022-11-14,Regular
13709,Priya,Rao,Bengaluru,West Bengal,2022-03-28,New
13710,Emma,Kumar,Chennai,Andhra Pradesh,2022-01-24,Regular
13711,Kiran,Sharma,Pune,Andhra Pradesh,2021-09-15,New
13712,Sophia,Rao,Mumbai,Maharashtra,2024-08-20,New
13713,Emma,Thomas,Vijayawada,Telangana,2022-05-30,Regular
13714,Sanjay,Singh,Chennai,Karnataka,2025-01-08,Regular
13715,Aisha,Patel,Pune,Andhra Pradesh,2023-12-08,Regular
13716,Aditya,Rao,Delhi,Andhra Pradesh,2021-09-20,New
13717,Rohan,Smith,Mumbai,Delhi,2021-04-11,New
13718,Aditya,Singh,Kolkata,Telangana,2022-10-29,Regular
13719,Meera,Singh,Vijayawada,Andhra Pradesh,2021-05-11,Regular
13720,Aditya,Kumar,Delhi,Andhra Pradesh,2025-03-05,Regular
13721,Kavya,Rao,Pune,Karnataka,2024-12-22,Regular
13722,Sneha,Singh,Jaipur,Andhra Pradesh,2023-11-18,New
13723,Riya,Clark,Jaipur,West Bengal,2022-04-14,Regular
13724,Sophia,Walker,Jaipur,Rajasthan,2024-10-20,Premium
13725,Aarav,Nair,Hyderabad,West Bengal,2023-11-02,New
13726,Sophia,Reddy,Visakhapatnam,Telangana,2022-07-27,Regular
13727,Rahul,Reddy,Visakhapatnam,West Bengal,2024-11-08,New
13728,Neha,Rao,Visakhapatnam,Telangana,2021-12-02,New
13729,Rohan,Mehta,Vijayawada,Tamil Nadu,2023-06-28,Regular
13730,Kavya,Brown,Mumbai,Andhra Pradesh,2024-01-12,Regular
13731,Aisha,Rao,Vijayawada,Rajasthan,2024-12-23,New
13732,Olivia,Nair,Delhi,Maharashtra,2021-08-08,Regular
13733,Ananya,Gupta,Visakhapatnam,Tamil Nadu,2022-04-06,New
13734,Daniel,Brown,Mumbai,Maharashtra,2024-09-05,Regular
13735,Rohan,Taylor,Vijayawada,Karnataka,2023-03-11,Regular
13736,Sanjay,Sharma,Vijayawada,Delhi,2024-04-22,New
13737,Kiran,Mehta,Visakhapatnam,Maharashtra,2024-05-22,Regular
13738,Neha,Wilson,Bengaluru,Telangana,2022-05-03,Regular
13739,Meera,Taylor,Visakhapatnam,Delhi,2022-06-15,Premium
13740,Emma,Smith,Chennai,West Bengal,2023-03-09,New
13741,Sanjay,Brown,Jaipur,West Bengal,2021-02-14,Regular
13742,Rohan,Taylor,Hyderabad,Rajasthan,2024-07-02,New
13743,Daniel,Nair,Chennai,West Bengal,2021-07-04,New
13744,Ananya,Smith,Kolkata,West Bengal,2025-02-04,New
13745,Sanjay,Rao,Delhi,Karnataka,2024-05-31,Regular
13746,Sophia,Verma,Kolkata,Maharashtra,2022-07-18,New
13747,Ananya,Kumar,Pune,Maharashtra,2021-04-26,Premium
13748,Sophia,Nair,Hyderabad,Rajasthan,2024-06-17,Regular
13749,Daniel,Kumar,Kolkata,Maharashtra,2022-12-19,Regular
13750,Daniel,Singh,Delhi,West Bengal,2021-11-08,New
13751,Sneha,Verma,Delhi,Delhi,2022-11-19,New
13752,Riya,Brown,Mumbai,Telangana,2024-12-16,Regular
13753,Sophia,Walker,Visakhapatnam,Rajasthan,2024-01-07,Regular
13754,Aditya,Sharma,Vijayawada,West Bengal,2024-01-04,Regular
13755,Aarav,Lewis,Bengaluru,Karnataka,2023-04-04,Regular
13756,Rohan,Rao,Hyderabad,Telangana,2021-09-02,Regular
13757,Kavya,Martin,Bengaluru,Rajasthan,2025-02-28,Regular
13758,Neha,Taylor,Hyderabad,Tamil Nadu,2024-03-29,New
13759,Arjun,White,Vijayawada,Telangana,2023-04-05,Regular
13760,Sneha,Kumar,Kolkata,Delhi,2024-03-04,Regular
13761,Vikram,White,Pune,Telangana,2022-08-04,Regular
13762,Neha,Reddy,Delhi,Karnataka,2024-04-02,Regular
13763,Sneha,Lewis,Visakhapatnam,Rajasthan,2025-03-29,Regular
13764,Kavya,Taylor,Visakhapatnam,Telangana,2022-07-06,Regular
13765,Ananya,Mehta,Pune,Andhra Pradesh,2021-01-14,New
13766,Ananya,Nair,Delhi,Delhi,2024-03-29,New
13767,Meera,Reddy,Delhi,Tamil Nadu,2024-09-25,New
13768,Aisha,Clark,Jaipur,Tamil Nadu,2024-08-15,New
13769,Emma,Martin,Vijayawada,Maharashtra,2025-04-10,Regular
13770,Rohan,Walker,Mumbai,Delhi,2022-07-10,Regular
13771,Ananya,Martin,Visakhapatnam,Rajasthan,2025-01-08,New
13772,Rohan,White,Mumbai,Tamil Nadu,2021-11-29,Premium
13773,Neha,Lewis,Vijayawada,Delhi,2023-07-29,Premium
13774,Rahul,Verma,Jaipur,West Bengal,2024-11-21,Regular
13775,Ananya,Martin,Visakhapatnam,Telangana,2025-01-04,Regular
13776,Vikram,Gupta,Bengaluru,Rajasthan,2023-09-21,New
13777,Neha,Thomas,Chennai,Rajasthan,2023-05-24,Regular
13778,Olivia,Wilson,Vijayawada,Telangana,2023-01-07,Regular
13779,Sophia,Verma,Bengaluru,Tamil Nadu,2024-10-20,New
13780,Ananya,Wilson,Hyderabad,Andhra Pradesh,2024-11-08,Regular
13781,Arjun,Gupta,Chennai,Andhra Pradesh,2022-01-19,Regular
13782,Sanjay,Wilson,Pune,Karnataka,2021-08-06,New
13783,Rahul,Mehta,Bengaluru,Rajasthan,2024-07-26,Regular
13784,Riya,Rao,Bengaluru,Tamil Nadu,2024-07-20,Regular
13785,Sophia,White,Mumbai,Tamil Nadu,2021-06-09,New
13786,Sneha,Reddy,Delhi,Tamil Nadu,2023-02-25,New
13787,Vikram,Thomas,Delhi,West Bengal,2023-03-22,New
13788,Aarav,Singh,Vijayawada,Karnataka,2021-03-10,Regular
13789,Sophia,Singh,Jaipur,Delhi,2023-11-29,Regular
13790,Rohan,Patel,Hyderabad,Telangana,2025-04-06,New
13791,Rahul,Kumar,Kolkata,Karnataka,2021-12-05,Regular
13792,Vikram,Kumar,Bengaluru,Andhra Pradesh,2024-05-29,Regular
13793,Aditya,Clark,Mumbai,Maharashtra,2021-05-10,Regular
13794,Meera,Walker,Mumbai,Andhra Pradesh,2021-12-10,Regular
13795,Olivia,Smith,Vijayawada,West Bengal,2023-06-24,Regular
13796,Aditya,Sharma,Chennai,Rajasthan,2025-01-17,New
13797,Meera,Lewis,Visakhapatnam,Karnataka,2024-11-17,Regular
13798,Arjun,Wilson,Mumbai,Rajasthan,2025-02-05,New
13799,Aarav,Brown,Visakhapatnam,Rajasthan,2025-04-30,Regular
13800,Arjun,Walker,Jaipur,Maharashtra,2024-07-04,Premium
13801,Daniel,Verma,Delhi,Karnataka,2022-08-05,Regular
13802,Sneha,Nair,Bengaluru,Karnataka,2021-07-23,New
13803,Emma,Thomas,Vijayawada,Delhi,2024-08-08,New
13804,Aarav,Brown,Pune,Telangana,2021-10-26,Premium
13805,Aarav,Martin,Mumbai,Telangana,2023-04-14,New
13806,Emma,Taylor,Pune,Delhi,2024-04-21,Premium
13807,Rahul,Clark,Chennai,Delhi,2021-02-25,New
13808,Vikram,Rao,Chennai,Andhra Pradesh,2025-01-02,Regular
13809,Neha,Reddy,Jaipur,Rajasthan,2022-05-01,New
13810,Kavya,Mehta,Chennai,Tamil Nadu,2021-12-11,New
13811,Sanjay,Wilson,Pune,Tamil Nadu,2022-08-18,New
13812,Ananya,Clark,Vijayawada,Karnataka,2023-01-08,New
13813,Meera,Gupta,Chennai,Karnataka,2022-12-29,New
13814,Ananya,Martin,Kolkata,Maharashtra,2021-09-05,New
13815,Kiran,Clark,Visakhapatnam,Rajasthan,2021-10-30,Regular
13816,Arjun,Clark,Visakhapatnam,Rajasthan,2023-02-04,Regular
13817,Priya,Clark,,Rajasthan,2021-12-29,New
13818,Emma,White,Pune,Maharashtra,2023-10-26,Regular
13819,Kavya,Taylor,Hyderabad,West Bengal,2024-12-09,Regular
13820,Olivia,Nair,Kolkata,West Bengal,2021-01-30,Premium
13821,Rahul,Verma,Mumbai,Karnataka,2021-02-27,Regular
13822,Aarav,Martin,Visakhapatnam,Maharashtra,2023-10-26,Regular
13823,Neha,Singh,Bengaluru,Delhi,2021-02-15,Premium
13824,Vikram,Wilson,Visakhapatnam,Tamil Nadu,2023-10-21,Premium
13825,Sneha,Smith,Mumbai,Maharashtra,2023-02-24,Premium
13826,Daniel,Taylor,Jaipur,Maharashtra,2022-12-30,Regular
13827,Rohan,Verma,Bengaluru,Telangana,2023-08-29,Regular
13828,Neha,Martin,Chennai,Andhra Pradesh,2024-12-03,Premium
13829,Meera,Reddy,Mumbai,Rajasthan,2021-07-23,Regular
13830,Vikram,Martin,Jaipur,Andhra Pradesh,2021-08-04,New
13831,Olivia,Clark,Vijayawada,Rajasthan,2024-01-20,Premium
13832,Sanjay,Lewis,Visakhapatnam,Maharashtra,2021-03-24,Regular
13833,Emma,Walker,Delhi,Telangana,2022-11-18,New
13834,Meera,Rao,Vijayawada,Tamil Nadu,2023-03-05,New
13835,Rahul,Sharma,Kolkata,Andhra Pradesh,2022-09-19,Premium
13836,Aisha,Taylor,Kolkata,Karnataka,2023-05-03,New
13837,Vikram,Reddy,Visakhapatnam,Delhi,2021-07-01,Regular
13838,Sneha,Gupta,Jaipur,Telangana,2022-03-03,New
13839,Sophia,Martin,Delhi,Tamil Nadu,2021-01-09,New
13840,Sophia,Smith,Pune,Telangana,2025-03-19,Regular
13841,Olivia,Wilson,Kolkata,Telangana,2024-08-24,Premium
13842,Priya,Thomas,Vijayawada,Karnataka,2022-02-10,Regular
13843,Sneha,Patel,Jaipur,Delhi,2021-02-28,New
13844,Rohan,Thomas,Kolkata,West Bengal,2022-03-09,New
13845,Daniel,Smith,Jaipur,Tamil Nadu,2025-03-10,New
13846,Priya,Verma,Vijayawada,Andhra Pradesh,2024-07-21,Premium
13847,Riya,Mehta,Jaipur,Maharashtra,2023-11-21,Regular
13848,Kiran,Brown,Vijayawada,West Bengal,2025-01-16,Premium
13849,Aisha,Smith,Visakhapatnam,Delhi,2021-10-10,Premium
13850,Sanjay,Rao,Bengaluru,West Bengal,2023-05-08,Regular
13851,Aisha,Singh,Jaipur,Rajasthan,2024-06-24,New
13852,Aarav,Patel,Mumbai,Rajasthan,2021-01-31,Premium
13853,Rahul,Rao,Vijayawada,Delhi,2022-11-28,New
13854,Kiran,Gupta,Mumbai,Rajasthan,2022-07-23,Premium
13855,Priya,Brown,Pune,West Bengal,2021-10-10,Regular
13856,Aisha,Walker,Vijayawada,Tamil Nadu,2021-12-25,New
13857,Kiran,Kumar,Delhi,Rajasthan,2025-03-30,Regular
13858,Aarav,Rao,Vijayawada,Karnataka,2023-03-29,Regular
13859,Rohan,Sharma,Hyderabad,Maharashtra,2021-05-11,Regular
13860,Ananya,White,Visakhapatnam,Karnataka,2023-12-29,Regular
13861,Neha,Martin,Pune,Andhra Pradesh,2023-08-04,New
13862,Kavya,Singh,Vijayawada,Rajasthan,2022-09-20,Regular
13863,Sanjay,Verma,Chennai,Andhra Pradesh,2022-09-28,Regular
13864,Kavya,Martin,Delhi,Telangana,2023-05-10,Premium
13865,Kavya,White,Delhi,Tamil Nadu,2025-01-26,Premium
13866,Riya,Smith,Bengaluru,Tamil Nadu,2024-04-30,Regular
13867,Neha,Gupta,Pune,Telangana,2022-10-03,Premium
13868,Emma,Taylor,Kolkata,Delhi,2022-01-29,Regular
13869,Sanjay,Taylor,Visakhapatnam,Telangana,2021-06-23,New
13870,Aisha,Wilson,Visakhapatnam,Delhi,2021-11-10,New
13871,Aarav,Sharma,Mumbai,Delhi,2021-08-08,Regular
13872,Rahul,Martin,Kolkata,Delhi,2024-07-13,Regular
13873,Olivia,Sharma,Bengaluru,Rajasthan,2023-07-11,Premium
13874,Priya,Walker,Visakhapatnam,Andhra Pradesh,2021-03-01,Regular
13875,Kavya,Lewis,Visakhapatnam,Tamil Nadu,2025-01-21,New
13876,Kavya,Smith,Jaipur,Delhi,2021-08-29,Regular
13877,Meera,Wilson,Pune,Andhra Pradesh,2023-10-30,Regular
13878,Sanjay,Reddy,Mumbai,Andhra Pradesh,2021-01-20,Regular
13879,Vikram,Lewis,Vijayawada,West Bengal,2023-08-01,Regular
13880,Aarav,Gupta,Vijayawada,Telangana,2023-06-08,Regular
13881,Olivia,Gupta,Chennai,Maharashtra,2024-12-25,Regular
13882,Sanjay,Martin,Delhi,Andhra Pradesh,2023-08-19,Regular
13883,Sneha,Walker,Kolkata,Telangana,2023-02-22,New
13884,Priya,Mehta,Pune,Delhi,2023-04-30,Regular
13885,Vikram,Brown,Mumbai,Delhi,2023-10-11,New
13886,Ananya,Brown,Chennai,Karnataka,2022-10-25,Regular
13887,Arjun,Gupta,Pune,Tamil Nadu,2024-02-17,Regular
13888,Vikram,Smith,Chennai,Rajasthan,2023-04-27,New
13889,Rahul,White,Mumbai,Delhi,2025-03-31,Regular
13890,Emma,Nair,Bengaluru,Rajasthan,2021-11-07,Regular
13891,Sneha,Thomas,Mumbai,Maharashtra,2024-03-12,Regular
13892,Daniel,Thomas,Kolkata,Andhra Pradesh,2024-08-14,Regular
13893,Ananya,Lewis,Mumbai,Delhi,2024-02-24,New
13894,Sanjay,Martin,Bengaluru,Rajasthan,2025-04-19,New
13895,Kavya,Walker,Visakhapatnam,Tamil Nadu,2022-11-26,Regular
13896,Daniel,Martin,Pune,Maharashtra,2023-05-15,Regular
13897,Neha,White,Delhi,Telangana,2021-09-04,Regular
13898,Aarav,Martin,Delhi,Karnataka,2022-08-22,New
13899,Rohan,Clark,Delhi,Karnataka,2021-09-13,New
13900,Daniel,Lewis,Pune,Karnataka,2024-06-20,Regular
13901,Neha,White,Vijayawada,Tamil Nadu,2024-06-05,Premium
13902,Sophia,Smith,Visakhapatnam,Andhra Pradesh,2021-11-05,Regular
13903,Neha,Martin,Jaipur,Maharashtra,2024-07-08,Regular
13904,Aarav,White,Pune,Andhra Pradesh,2022-05-29,Regular
13905,Olivia,Nair,Mumbai,Andhra Pradesh,2024-03-13,Regular
13906,Riya,Kumar,Hyderabad,Rajasthan,2025-02-12,Regular
13907,Aisha,Lewis,Pune,Delhi,2024-08-20,New
13908,Sophia,Wilson,Jaipur,Andhra Pradesh,2021-10-26,Regular
13909,Vikram,Verma,Chennai,Maharashtra,2021-10-16,New
13910,Daniel,Martin,Visakhapatnam,West Bengal,2021-06-29,New
13911,Sanjay,Sharma,Vijayawada,Andhra Pradesh,2024-09-09,New
13912,Sophia,Mehta,Kolkata,Karnataka,2023-05-25,New
13913,Vikram,Gupta,Delhi,Telangana,2021-09-07,New
13914,Sneha,Gupta,Vijayawada,Karnataka,2023-07-29,New
13915,Riya,White,Hyderabad,West Bengal,2023-04-28,New
13916,Arjun,Smith,Bengaluru,Maharashtra,2023-08-14,New
13917,Arjun,Kumar,Bengaluru,Tamil Nadu,2023-10-13,New
13918,Emma,Nair,Vijayawada,Andhra Pradesh,2021-09-21,New
13919,Arjun,Singh,Pune,Telangana,2022-09-12,Regular
13920,Kavya,Walker,Chennai,Karnataka,2024-02-28,Regular
13921,Daniel,Gupta,Hyderabad,Maharashtra,2024-12-25,New
13922,Kavya,Nair,Pune,Rajasthan,2022-01-23,Regular
13923,Priya,Rao,Mumbai,West Bengal,2023-07-03,Regular
13924,Ananya,Patel,Bengaluru,West Bengal,2025-02-25,New
13925,Kavya,Thomas,Hyderabad,West Bengal,2023-08-20,Regular
13926,Sneha,Smith,Vijayawada,Tamil Nadu,2021-12-31,New
13927,Neha,Verma,Vijayawada,Maharashtra,2023-07-24,Regular
13928,Vikram,Nair,Chennai,Rajasthan,2021-01-28,Regular
13929,Meera,Taylor,Pune,West Bengal,2023-02-22,Regular
13930,Aisha,Reddy,Chennai,Delhi,2023-06-28,New
13931,Aisha,Walker,Pune,Telangana,2021-04-01,New
13932,Arjun,Smith,Bengaluru,West Bengal,2021-11-21,Premium
13933,Aisha,Singh,Jaipur,Tamil Nadu,2025-05-02,Regular
13934,Aisha,Brown,Vijayawada,Maharashtra,2023-10-03,Regular
13935,Vikram,Lewis,Jaipur,West Bengal,2023-01-04,Premium
13936,Emma,Patel,Chennai,Maharashtra,2022-01-02,Regular
13937,Neha,Brown,Visakhapatnam,Delhi,2021-07-18,New
13938,Priya,Smith,Delhi,Telangana,2022-11-16,Regular
13939,Aisha,Clark,Bengaluru,Karnataka,2023-05-23,New
13940,Neha,Smith,Mumbai,Delhi,2021-10-15,Regular
13941,Neha,Martin,Visakhapatnam,Rajasthan,2024-07-05,Regular
13942,Rohan,Thomas,Vijayawada,Andhra Pradesh,2022-11-18,New
13943,Daniel,Lewis,Vijayawada,Maharashtra,2021-03-31,New
13944,Sophia,Nair,Chennai,Rajasthan,2021-08-07,Regular
13945,Rahul,Martin,Kolkata,Tamil Nadu,2024-10-10,Regular
13946,Aisha,Singh,Jaipur,Rajasthan,2022-06-25,New
13947,Aarav,Clark,Hyderabad,Maharashtra,2022-08-20,New
13948,Kiran,White,Mumbai,Telangana,2021-11-15,Regular
13949,Sophia,Gupta,Hyderabad,Telangana,2024-07-16,Regular
13950,Vikram,Smith,Bengaluru,Rajasthan,2024-07-29,Regular
13951,Kiran,Clark,Jaipur,West Bengal,2022-01-23,Regular
13952,Sanjay,Sharma,Chennai,Karnataka,2024-03-12,Regular
13953,Aisha,Martin,Bengaluru,Rajasthan,2022-12-25,Regular
13954,Priya,Clark,Hyderabad,Telangana,2021-09-24,New
13955,Sneha,Lewis,Jaipur,Tamil Nadu,2024-06-27,New
13956,Daniel,Patel,Pune,West Bengal,2021-05-13,New
13957,Neha,Thomas,Vijayawada,Telangana,2024-10-30,Premium
13958,Aisha,Thomas,Chennai,Rajasthan,2021-02-11,Regular
13959,Arjun,Sharma,Kolkata,West Bengal,2022-06-01,New
13960,Sanjay,Martin,Visakhapatnam,Rajasthan,2021-12-29,Regular
13961,Daniel,Wilson,Kolkata,Andhra Pradesh,2022-01-12,New
13962,Olivia,White,Delhi,Andhra Pradesh,2023-02-08,Regular
13963,Meera,Sharma,Chennai,Karnataka,2024-04-17,Regular
13964,Kiran,White,Chennai,Karnataka,2022-10-02,Regular
13965,Vikram,Smith,Delhi,Karnataka,2023-04-06,Regular
13966,Olivia,Gupta,Pune,Karnataka,2025-04-04,Premium
13967,Riya,Nair,Hyderabad,West Bengal,2023-03-08,New
13968,Sanjay,Thomas,Bengaluru,Telangana,2024-06-21,Regular
13969,Sneha,White,Pune,Maharashtra,2022-09-08,Premium
13970,Kavya,Rao,Bengaluru,Delhi,2021-05-06,New
13971,Priya,White,Delhi,Delhi,2022-02-14,Regular
13972,Daniel,Wilson,Mumbai,Maharashtra,2021-09-12,Premium
13973,Rahul,Patel,Chennai,Karnataka,2024-12-22,Regular
13974,Aditya,Smith,Bengaluru,Telangana,2021-02-12,New
13975,Arjun,Clark,Delhi,Rajasthan,2024-08-08,New
13976,Meera,Reddy,Bengaluru,Maharashtra,2021-08-10,Regular
13977,Kavya,Reddy,Kolkata,Delhi,2021-08-29,Premium
13978,Sophia,Sharma,Jaipur,Delhi,2023-04-28,New
13979,Neha,Smith,Jaipur,Tamil Nadu,2021-05-10,New
13980,Vikram,Reddy,Kolkata,West Bengal,2021-05-03,New
13981,Priya,Walker,Visakhapatnam,Maharashtra,2024-05-26,Regular
13982,Arjun,Kumar,Jaipur,Maharashtra,2021-04-06,Regular
13983,Meera,Reddy,Kolkata,Andhra Pradesh,2023-08-14,Regular
13984,Meera,Gupta,Chennai,Tamil Nadu,2021-07-09,Regular
13985,Olivia,Thomas,Delhi,West Bengal,2021-05-17,Regular
13986,Rohan,Walker,Visakhapatnam,West Bengal,2023-12-08,Regular
13987,Rohan,Gupta,Kolkata,Telangana,2022-09-20,Regular
13988,Arjun,Brown,Mumbai,West Bengal,2021-01-31,New
13989,Ananya,Thomas,Bengaluru,Andhra Pradesh,2023-12-27,New
13990,Priya,Thomas,Bengaluru,Tamil Nadu,2025-04-01,Regular
13991,Riya,Patel,Mumbai,Rajasthan,2023-06-17,Regular
13992,Riya,Clark,Visakhapatnam,Telangana,2022-09-02,New
13993,Rahul,Lewis,Delhi,Karnataka,2024-09-12,Regular
13994,Aditya,Martin,Hyderabad,Rajasthan,2022-06-23,Regular
13995,Neha,Brown,Jaipur,Andhra Pradesh,2023-09-08,New
13996,Rohan,Nair,Pune,Andhra Pradesh,2023-01-30,Regular
13997,Aarav,Lewis,Mumbai,Delhi,2024-03-08,New
13998,Emma,Lewis,Visakhapatnam,Karnataka,2023-04-09,Premium
13999,Aisha,Brown,Mumbai,Maharashtra,2023-02-10,Regular
14000,Neha,Martin,Kolkata,Delhi,2022-11-04,Regular
14001,Rohan,Nair,Jaipur,Telangana,2022-04-19,Regular
14002,Emma,Martin,Delhi,Delhi,2023-02-18,Regular
14003,Aarav,Reddy,Kolkata,Telangana,2021-04-08,New
14004,Ananya,Walker,Mumbai,Karnataka,2022-06-28,New
14005,Emma,Brown,Visakhapatnam,Karnataka,2021-05-03,Premium
14006,Sophia,Smith,Hyderabad,Karnataka,2022-05-31,Premium
14007,Aditya,Patel,Chennai,Telangana,2022-07-17,Premium
14008,Meera,Brown,Jaipur,Rajasthan,2021-02-13,Premium
14009,Vikram,Sharma,Pune,Andhra Pradesh,2022-04-20,Regular
14010,Rahul,Lewis,Bengaluru,Delhi,2023-12-11,Regular
14011,Kiran,Martin,Pune,Tamil Nadu,2025-04-01,Regular
14012,Olivia,Mehta,Chennai,Karnataka,2023-09-15,New
14013,Meera,Clark,Delhi,Rajasthan,2024-02-14,Regular
14014,Priya,Clark,Chennai,Andhra Pradesh,2023-12-07,Regular
14015,Aditya,Kumar,Mumbai,Andhra Pradesh,2025-02-20,Regular
14016,Rahul,Reddy,Jaipur,Maharashtra,2025-02-14,Regular
14017,Aditya,Gupta,Hyderabad,Telangana,2021-07-02,Regular
14018,Vikram,Sharma,Vijayawada,West Bengal,2023-01-27,Premium
14019,Vikram,Smith,Hyderabad,Maharashtra,2024-12-23,New
14020,Meera,Brown,Pune,Tamil Nadu,2024-11-11,New
14021,Rahul,Brown,Kolkata,Tamil Nadu,2023-05-06,Regular
14022,Aarav,Reddy,Jaipur,Telangana,2022-12-12,Regular
14023,Neha,Walker,Chennai,Andhra Pradesh,2021-04-04,Regular
14024,Aditya,White,Hyderabad,Karnataka,2023-02-04,Regular
14025,Priya,Smith,Vijayawada,Andhra Pradesh,2023-03-22,New
14026,Rahul,Sharma,Visakhapatnam,Rajasthan,2023-10-10,Regular
14027,Sanjay,Nair,Delhi,Telangana,2023-04-15,Premium
14028,Ananya,Martin,Hyderabad,Delhi,2021-12-12,Regular
14029,Meera,Martin,Delhi,Telangana,2025-03-30,Regular
14030,Ananya,Singh,Mumbai,Andhra Pradesh,2021-12-14,Regular
14031,Neha,Clark,Pune,Delhi,2022-09-05,Regular
14032,Neha,White,Hyderabad,Telangana,2023-03-27,Regular
14033,Aditya,Brown,Mumbai,Andhra Pradesh,2022-04-15,Regular
14034,Aditya,Nair,Jaipur,Andhra Pradesh,2021-04-20,Regular
14035,Ananya,Brown,Hyderabad,Rajasthan,2023-09-05,Regular
14036,Aarav,Sharma,Jaipur,Maharashtra,2022-01-14,Regular
14037,Meera,Brown,Delhi,Rajasthan,2024-11-07,Premium
14038,Kavya,Sharma,Delhi,West Bengal,2024-06-23,New
14039,Rohan,Sharma,Jaipur,Delhi,2022-11-17,New
14040,Kiran,Smith,Chennai,Tamil Nadu,2023-01-12,Regular
14041,Rohan,Brown,Jaipur,Tamil Nadu,2025-02-28,Premium
14042,Meera,White,Chennai,Delhi,2021-02-12,Regular
14043,Riya,Brown,Mumbai,West Bengal,2022-08-29,Regular
14044,Rahul,White,Pune,Telangana,2021-04-08,Regular
14045,Ananya,Clark,Kolkata,Maharashtra,2021-08-10,New
14046,Aarav,Rao,Mumbai,Telangana,2025-01-11,Premium
14047,Priya,Walker,Vijayawada,Maharashtra,2021-06-12,Regular
14048,Sanjay,Mehta,Hyderabad,Andhra Pradesh,2025-03-11,Regular
14049,Rohan,Smith,Kolkata,West Bengal,2024-06-08,Regular
14050,Priya,Kumar,Kolkata,Telangana,2023-10-23,Regular
14051,Rohan,Singh,Delhi,West Bengal,2024-04-02,New
14052,Kiran,Brown,Kolkata,Telangana,2021-10-23,New
14053,Riya,Gupta,Vijayawada,Telangana,2021-07-07,New
14054,Emma,Smith,Jaipur,Rajasthan,2022-08-12,Premium
14055,Aarav,Reddy,Chennai,Telangana,2024-05-08,Regular
14056,Kiran,Gupta,Pune,Tamil Nadu,2022-05-04,Regular
14057,Emma,Taylor,Delhi,Karnataka,2021-10-09,Premium
14058,Neha,Wilson,,Delhi,2024-06-10,New
14059,Sanjay,White,Jaipur,Delhi,2023-10-12,New
14060,Sneha,Lewis,Delhi,Andhra Pradesh,2023-05-10,New
14061,Rahul,Clark,Delhi,Rajasthan,2022-10-22,Premium
14062,Aarav,Sharma,Bengaluru,West Bengal,2024-06-01,New
14063,Kavya,Wilson,Pune,Maharashtra,2024-03-21,New
14064,Neha,Singh,Kolkata,Telangana,2022-07-31,New
14065,Riya,Gupta,Pune,Rajasthan,2021-07-27,Regular
14066,Rohan,Singh,Vijayawada,Delhi,2024-10-23,Regular
14067,Olivia,Mehta,Bengaluru,Karnataka,2021-08-07,New
14068,Ananya,Kumar,Bengaluru,Delhi,2022-11-18,Regular
14069,Aisha,Brown,Mumbai,Maharashtra,2024-12-04,Premium
14070,Rahul,Patel,Mumbai,Tamil Nadu,2022-10-30,New
14071,Arjun,Brown,Visakhapatnam,Maharashtra,2024-08-23,Premium
14072,Riya,Wilson,Visakhapatnam,Andhra Pradesh,2023-02-22,Regular
14073,Emma,Patel,Pune,Karnataka,2024-04-07,Premium
14074,Daniel,Kumar,Delhi,Rajasthan,2023-08-05,New
14075,Rohan,Clark,Chennai,Telangana,2022-03-25,Regular
14076,Aarav,Martin,Delhi,Karnataka,2024-12-01,Regular
14077,Sophia,Gupta,Vijayawada,West Bengal,2023-01-18,New
14078,Kavya,Lewis,Vijayawada,Karnataka,2023-01-03,Regular
14079,Sanjay,Singh,Jaipur,Andhra Pradesh,2023-11-20,New
14080,Riya,Walker,Delhi,West Bengal,2025-01-28,Regular
14081,Daniel,Kumar,Mumbai,Maharashtra,2024-10-26,Regular
14082,Aditya,Taylor,Hyderabad,Maharashtra,2022-09-22,Regular
14083,Riya,Sharma,Kolkata,Rajasthan,2022-01-06,New
14084,Riya,Patel,Visakhapatnam,Andhra Pradesh,2022-06-04,Premium
14085,Neha,Verma,Delhi,West Bengal,2022-02-25,New
14086,Kavya,Reddy,Jaipur,Karnataka,2022-04-18,Regular
14087,Aditya,Mehta,Mumbai,Delhi,2022-11-21,Regular
14088,Daniel,Singh,Hyderabad,Telangana,2021-02-03,New
14089,Sophia,Reddy,Kolkata,Tamil Nadu,2023-05-03,Regular
14090,Sophia,White,Bengaluru,West Bengal,2024-09-20,Premium
14091,Aisha,White,Hyderabad,Maharashtra,2022-11-20,Premium
14092,Aarav,White,Vijayawada,Rajasthan,2021-05-07,New
14093,Kiran,Patel,Pune,Rajasthan,2022-09-16,New
14094,Ananya,Nair,Kolkata,Telangana,2022-06-19,New
14095,Sophia,Rao,Vijayawada,Rajasthan,2023-08-10,Regular
14096,Neha,Rao,Mumbai,Andhra Pradesh,2022-02-05,New
14097,Neha,Verma,Kolkata,Telangana,2022-04-27,New
14098,Rahul,Brown,Delhi,Maharashtra,2024-04-06,Regular
14099,Riya,Mehta,Delhi,Rajasthan,2021-10-08,Premium
14100,Rohan,Gupta,Vijayawada,Telangana,2025-02-01,New
14101,Arjun,White,Mumbai,Telangana,2022-04-22,Regular
14102,Sophia,White,Delhi,Delhi,2024-07-30,New
14103,Vikram,Rao,Delhi,Rajasthan,2021-05-12,Regular
14104,Aarav,Singh,Bengaluru,Tamil Nadu,2022-05-27,Regular
14105,Arjun,Brown,Chennai,Andhra Pradesh,2022-08-27,Premium
14106,Priya,Nair,Hyderabad,West Bengal,2022-12-31,Regular
14107,Rahul,White,Bengaluru,Karnataka,2021-05-28,New
14108,Emma,Verma,Pune,Tamil Nadu,2022-01-31,Regular
14109,Neha,Sharma,Jaipur,Delhi,2024-11-04,New
14110,Rohan,Kumar,,Maharashtra,2025-01-18,New
14111,Aarav,Reddy,Vijayawada,Karnataka,2022-12-07,Premium
14112,Priya,Nair,Delhi,Karnataka,2021-07-09,Regular
14113,Vikram,Rao,Chennai,Delhi,2022-03-17,Premium
14114,Sophia,Lewis,Mumbai,Andhra Pradesh,2025-03-04,New
14115,Aditya,Lewis,Vijayawada,Maharashtra,2025-01-10,Premium
14116,Priya,Kumar,Jaipur,Rajasthan,2024-07-25,Premium
14117,Aarav,Walker,Jaipur,West Bengal,2024-10-12,Regular
14118,Rahul,Smith,Mumbai,Maharashtra,2024-02-13,New
14119,Sanjay,Rao,Pune,West Bengal,2023-09-25,Premium
14120,Arjun,Verma,Delhi,Maharashtra,2024-05-23,Premium
14121,Aisha,Verma,Hyderabad,Andhra Pradesh,2023-11-01,New
14122,Daniel,Patel,Bengaluru,Rajasthan,2022-06-27,Premium
14123,Sophia,Lewis,Hyderabad,Andhra Pradesh,2023-10-23,Premium
14124,Aditya,Sharma,Vijayawada,Karnataka,2022-04-19,New
14125,Riya,Reddy,Chennai,Telangana,2023-09-28,Regular
14126,Neha,Gupta,Vijayawada,Andhra Pradesh,2022-09-03,New
14127,Aarav,Kumar,Mumbai,Andhra Pradesh,2023-02-19,Regular
14128,Arjun,Reddy,Vijayawada,Delhi,2021-10-18,Premium
14129,Neha,Nair,Bengaluru,Karnataka,2025-03-12,Premium
14130,Ananya,Nair,Mumbai,Rajasthan,2024-04-09,New
14131,Aarav,Kumar,Chennai,Maharashtra,2021-06-21,Regular
14132,Daniel,Clark,Pune,Tamil Nadu,2023-01-31,Regular
14133,Aisha,Lewis,Delhi,Tamil Nadu,2022-12-28,Regular
14134,Neha,Martin,Bengaluru,Tamil Nadu,2024-11-18,Regular
14135,Sophia,Brown,Kolkata,Tamil Nadu,2024-04-23,Regular
14136,Sophia,Walker,Jaipur,Tamil Nadu,2024-11-06,New
14137,Sophia,Nair,Hyderabad,West Bengal,2023-01-17,New
14138,Aditya,Verma,Hyderabad,Telangana,2021-09-07,Premium
14139,Olivia,Sharma,Jaipur,Tamil Nadu,2024-02-29,New
14140,Neha,Martin,Kolkata,Karnataka,2021-12-17,Regular
14141,Aisha,Reddy,Jaipur,West Bengal,2023-10-16,Premium
14142,Olivia,Taylor,Vijayawada,Rajasthan,2022-10-20,Premium
14143,Vikram,Thomas,Vijayawada,Andhra Pradesh,2022-07-14,Regular
14144,Ananya,Singh,Bengaluru,Karnataka,2021-07-10,New
14145,Rahul,Wilson,Delhi,Delhi,2024-07-04,Regular
14146,Aditya,Rao,Mumbai,Telangana,2024-01-09,Regular
14147,Ananya,Nair,Visakhapatnam,Maharashtra,2022-07-02,Regular
14148,Olivia,Brown,Hyderabad,Tamil Nadu,2024-03-26,New
14149,Olivia,Singh,Hyderabad,Delhi,2025-04-28,Regular
14150,Kiran,Thomas,Delhi,Maharashtra,2024-02-29,Regular
14151,Rohan,Nair,Jaipur,West Bengal,2025-02-28,Premium
14152,Neha,Mehta,Jaipur,Delhi,2023-01-23,Regular
14153,Daniel,Clark,Delhi,Rajasthan,2022-08-27,New
14154,Sophia,Singh,Pune,Telangana,2024-09-11,New
14155,Sanjay,Mehta,Chennai,Rajasthan,2023-11-27,Regular
14156,Vikram,White,Jaipur,Andhra Pradesh,2023-08-28,Regular
14157,Aisha,Nair,Bengaluru,West Bengal,2023-10-25,New
14158,Rohan,Kumar,Bengaluru,Andhra Pradesh,2025-05-09,Premium
14159,Vikram,Gupta,Delhi,Telangana,2024-01-05,Premium
14160,Aarav,White,Mumbai,Karnataka,2024-07-28,Premium
14161,Ananya,Thomas,Pune,Telangana,2021-02-27,Regular
14162,Kiran,Clark,Jaipur,Andhra Pradesh,2024-03-01,Regular
14163,Sneha,Gupta,Chennai,Tamil Nadu,2022-05-24,Regular
14164,Sanjay,Clark,Visakhapatnam,Tamil Nadu,2021-07-17,Regular
14165,Aisha,Nair,Chennai,Delhi,2022-03-19,New
14166,Meera,Thomas,Mumbai,Maharashtra,2024-08-25,New
14167,Priya,Lewis,Hyderabad,West Bengal,2024-08-01,New
14168,Vikram,Singh,Kolkata,Rajasthan,2022-05-04,Premium
14169,Neha,Walker,Visakhapatnam,Tamil Nadu,2021-11-04,Regular
14170,Meera,Wilson,Visakhapatnam,Rajasthan,2022-11-02,Premium
14171,Kiran,Martin,Bengaluru,Delhi,2022-06-15,Regular
14172,Aditya,Thomas,Vijayawada,Maharashtra,2023-01-11,New
14173,Neha,Patel,Bengaluru,Rajasthan,2024-06-08,Regular
14174,Kiran,Martin,Kolkata,Maharashtra,2022-06-15,New
14175,Ananya,Singh,Vijayawada,Karnataka,2021-10-05,Premium
14176,Rohan,Gupta,Bengaluru,Tamil Nadu,2021-06-23,New
14177,Rohan,Kumar,Bengaluru,Andhra Pradesh,2024-01-02,New
14178,Aisha,Patel,Hyderabad,Delhi,2021-11-15,Regular
14179,Priya,White,Vijayawada,Delhi,2021-12-18,Regular
14180,Priya,Rao,Kolkata,West Bengal,2024-07-09,Regular
14181,Meera,Nair,Bengaluru,Karnataka,2021-05-29,New
14182,Kiran,Mehta,Delhi,Telangana,2023-11-10,Regular
14183,Rahul,Martin,Vijayawada,Maharashtra,2021-01-19,New
14184,Olivia,Smith,Chennai,Rajasthan,2025-02-17,Regular
14185,Arjun,Brown,Kolkata,Karnataka,2024-02-16,Regular
14186,Sneha,Clark,Chennai,West Bengal,2024-08-06,New
14187,Aditya,Mehta,Chennai,Rajasthan,2023-12-03,Regular
14188,Sanjay,Thomas,Mumbai,Telangana,2022-10-06,New
14189,Aarav,Walker,Mumbai,Karnataka,2025-05-12,New
14190,Daniel,Taylor,Pune,Andhra Pradesh,2024-06-11,Regular
14191,Ananya,Sharma,Chennai,Telangana,2021-05-23,New
14192,Rohan,Gupta,Mumbai,West Bengal,2023-07-12,New
14193,Aisha,Wilson,Kolkata,Andhra Pradesh,2023-05-19,Regular
14194,Aarav,Mehta,Mumbai,Tamil Nadu,2022-04-04,Regular
14195,Sneha,Gupta,Kolkata,Tamil Nadu,2022-12-31,Premium
14196,Priya,Rao,Bengaluru,Delhi,2025-04-10,Premium
14197,Sneha,Reddy,Bengaluru,Delhi,2021-05-19,Regular
14198,Rahul,Singh,Visakhapatnam,Andhra Pradesh,2025-01-25,Regular
14199,Sophia,Thomas,Pune,Delhi,2024-01-26,Regular
14200,Sanjay,Sharma,Kolkata,Rajasthan,2021-06-29,Regular
14201,Meera,Clark,Vijayawada,Karnataka,2022-05-04,Regular
14202,Aisha,Rao,Bengaluru,Tamil Nadu,2024-09-05,Premium
14203,Rohan,Clark,Jaipur,Karnataka,2024-01-31,Regular
14204,Rahul,Gupta,Pune,West Bengal,2021-05-05,New
14205,Aditya,Clark,Visakhapatnam,Telangana,2021-08-24,Regular
14206,Emma,Smith,Pune,Andhra Pradesh,2025-01-26,New
14207,Daniel,Lewis,Pune,Andhra Pradesh,2021-09-10,Premium
14208,Daniel,Reddy,Kolkata,Rajasthan,2023-09-26,New
14209,Sanjay,Thomas,Bengaluru,Rajasthan,2025-05-12,Regular
14210,Kavya,Gupta,Kolkata,Telangana,2021-09-24,Regular
14211,Vikram,Nair,Jaipur,West Bengal,2021-03-13,New
14212,Aisha,Sharma,Kolkata,Delhi,2024-07-31,Regular
14213,Ananya,White,Hyderabad,West Bengal,2025-02-28,New
14214,Aisha,Wilson,Kolkata,Andhra Pradesh,2023-04-06,Regular
14215,Meera,White,Hyderabad,Delhi,2022-01-09,New
14216,Sophia,Smith,Bengaluru,Telangana,2021-04-06,Regular
14217,Priya,Patel,Chennai,Andhra Pradesh,2024-12-29,Premium
14218,Rohan,Rao,Mumbai,Maharashtra,2024-07-01,New
14219,Neha,Verma,Hyderabad,Maharashtra,2024-12-05,Regular
14220,Vikram,Kumar,Hyderabad,Delhi,2024-06-15,Premium
14221,Rahul,Walker,Vijayawada,Rajasthan,2022-11-24,New
14222,Neha,White,Pune,Delhi,2023-02-11,Premium
14223,Emma,Smith,Bengaluru,Karnataka,2022-09-04,New
14224,Neha,Smith,Pune,West Bengal,2024-03-15,Regular
14225,Riya,Martin,Kolkata,West Bengal,2021-06-10,Regular
14226,Vikram,Taylor,Vijayawada,Telangana,2021-03-06,Premium
14227,Ananya,Reddy,Chennai,Delhi,2025-03-19,New
14228,Kavya,Brown,Bengaluru,Andhra Pradesh,2022-05-24,Regular
14229,Rohan,Thomas,Jaipur,Rajasthan,2021-02-25,Regular
14230,Aarav,Clark,Kolkata,Tamil Nadu,2023-12-14,Regular
14231,Arjun,Smith,Jaipur,Delhi,2022-10-01,Regular
14232,Daniel,Lewis,Mumbai,Andhra Pradesh,2022-01-04,Regular
14233,Kavya,Smith,Bengaluru,Delhi,2022-11-27,Regular
14234,Aditya,Nair,Mumbai,Maharashtra,2022-12-22,New
14235,Aditya,Verma,Mumbai,Karnataka,2023-09-07,New
14236,Aarav,Taylor,Vijayawada,Telangana,2025-01-31,New
14237,Daniel,Lewis,Vijayawada,West Bengal,2024-11-10,New
14238,Rahul,Singh,Hyderabad,Rajasthan,2024-08-15,Regular
14239,Riya,Gupta,Delhi,Delhi,2023-02-27,Regular
14240,Sanjay,Taylor,Mumbai,Andhra Pradesh,2023-06-12,Regular
14241,Rohan,Thomas,Kolkata,West Bengal,2021-07-31,New
14242,Aditya,Nair,Mumbai,Tamil Nadu,2023-07-12,Premium
14243,Emma,Wilson,Delhi,Delhi,2023-12-11,New
14244,Aarav,Sharma,Vijayawada,Tamil Nadu,2024-11-20,New
14245,Kiran,Gupta,Chennai,Karnataka,2021-03-16,Regular
14246,Aditya,White,Bengaluru,Delhi,2024-10-12,New
14247,Aditya,Smith,Vijayawada,West Bengal,2023-04-10,Regular
14248,Vikram,Lewis,Jaipur,Rajasthan,2021-05-22,Regular
14249,Daniel,Singh,Pune,Karnataka,2025-05-12,Regular
14250,Kiran,Gupta,Jaipur,Tamil Nadu,2023-01-15,New
14251,Ananya,White,Bengaluru,Karnataka,2022-10-21,New
14252,Kiran,White,Visakhapatnam,Rajasthan,2021-11-02,Regular
14253,Sophia,Lewis,Jaipur,Andhra Pradesh,2021-04-28,Regular
14254,Rohan,Rao,Chennai,Tamil Nadu,2021-05-14,Regular
14255,Rohan,Clark,Bengaluru,Rajasthan,2022-03-04,New
14256,Rohan,Mehta,Kolkata,West Bengal,2022-04-13,Regular
14257,Rohan,Clark,Visakhapatnam,Maharashtra,2023-01-11,New
14258,Arjun,Lewis,Hyderabad,Maharashtra,2023-09-05,Regular
14259,Kavya,Verma,Kolkata,Delhi,2025-05-06,Premium
14260,Aarav,Rao,Visakhapatnam,Telangana,2024-06-24,New
14261,Sanjay,White,Hyderabad,Karnataka,2023-02-17,New
14262,Sanjay,Mehta,Delhi,Rajasthan,2024-12-30,Regular
14263,Aditya,Verma,Hyderabad,Karnataka,2023-06-12,Premium
14264,Riya,Taylor,Bengaluru,Karnataka,2022-11-08,Regular
14265,Sneha,Walker,Pune,Andhra Pradesh,2021-12-14,Regular
14266,Sophia,Kumar,Mumbai,Rajasthan,2022-11-07,Regular
14267,Kiran,White,Hyderabad,Andhra Pradesh,2021-03-07,New
14268,Daniel,Verma,Visakhapatnam,Telangana,2021-09-03,Premium
14269,Aarav,Sharma,Chennai,Andhra Pradesh,2025-02-20,Regular
14270,Neha,Rao,Visakhapatnam,Tamil Nadu,2021-11-08,Premium
14271,Riya,Mehta,Bengaluru,Telangana,2023-06-27,Premium
14272,Neha,Taylor,Delhi,Rajasthan,2021-06-13,Premium
14273,Daniel,Smith,Vijayawada,Tamil Nadu,2023-08-20,New
14274,Rohan,Kumar,Pune,West Bengal,2025-04-11,Premium
14275,Aarav,Mehta,Pune,Telangana,2023-01-03,New
14276,Riya,Singh,Vijayawada,Karnataka,2021-07-24,Regular
14277,Arjun,Gupta,Hyderabad,Rajasthan,2021-02-06,Regular
14278,Riya,Martin,Visakhapatnam,Delhi,2024-04-25,New
14279,Aisha,Clark,Kolkata,Rajasthan,2021-06-14,Regular
14280,Emma,Patel,Vijayawada,Karnataka,2022-05-24,Regular
14281,Priya,Wilson,Pune,Rajasthan,2024-09-11,New
14282,Olivia,Verma,Mumbai,Andhra Pradesh,2023-05-10,Regular
14283,Vikram,Rao,Delhi,Rajasthan,2024-10-28,New
14284,Ananya,Martin,Kolkata,Telangana,2024-10-28,Regular
14285,Rahul,Singh,Jaipur,Telangana,2023-11-25,Regular
14286,Riya,Thomas,Visakhapatnam,Delhi,2025-02-06,Regular
14287,Aisha,Verma,Hyderabad,Telangana,2021-02-28,Regular
14288,Emma,Reddy,Bengaluru,Telangana,2022-01-20,Regular
14289,Riya,Thomas,Jaipur,Andhra Pradesh,2022-03-20,New
14290,Rohan,Lewis,Mumbai,West Bengal,2024-12-29,Regular
14291,Arjun,Smith,,Andhra Pradesh,2023-09-22,Regular
14292,Daniel,Martin,Hyderabad,Rajasthan,2022-02-08,New
14293,Priya,Kumar,Bengaluru,Karnataka,2021-11-30,Premium
14294,Arjun,Rao,Pune,Andhra Pradesh,2024-07-11,New
14295,Daniel,Rao,Vijayawada,Telangana,2024-10-06,Premium
14296,Sophia,Thomas,Vijayawada,Tamil Nadu,2021-01-25,New
14297,Ananya,Nair,Visakhapatnam,Tamil Nadu,2022-08-08,Regular
14298,Riya,Martin,Bengaluru,Karnataka,2023-05-07,New
14299,Aarav,Rao,Chennai,West Bengal,2022-01-12,Premium
14300,Arjun,Wilson,Delhi,Telangana,2024-03-07,Regular
14301,Aditya,Singh,Delhi,Andhra Pradesh,2024-04-27,New
14302,Meera,Smith,Hyderabad,Andhra Pradesh,2024-09-04,New
14303,Rahul,Reddy,Pune,West Bengal,2024-06-11,Regular
14304,Aarav,Martin,Visakhapatnam,Telangana,2024-09-07,New
14305,Meera,Sharma,Bengaluru,Delhi,2022-08-09,New
14306,Riya,White,Visakhapatnam,West Bengal,2022-04-24,Premium
14307,Aisha,Clark,Pune,Tamil Nadu,2022-05-21,Regular
14308,Riya,Smith,Delhi,Tamil Nadu,2024-09-27,New
14309,Emma,Walker,Kolkata,Maharashtra,2023-11-05,Regular
14310,Kavya,Clark,Vijayawada,Rajasthan,2022-06-02,New
14311,Neha,Kumar,Kolkata,Telangana,2024-02-29,Regular
14312,Olivia,Martin,Bengaluru,Delhi,2022-01-10,New
14313,Rohan,Nair,Chennai,Tamil Nadu,2022-03-03,Regular
14314,Arjun,Lewis,Visakhapatnam,Delhi,2021-01-03,New
14315,Riya,Lewis,Hyderabad,Telangana,2025-03-27,Premium
14316,Aditya,White,Vijayawada,Rajasthan,2022-01-13,New
14317,Sophia,Mehta,Delhi,Maharashtra,2024-04-18,Regular
14318,Ananya,Patel,Bengaluru,Rajasthan,2021-07-09,Regular
14319,Olivia,Kumar,Bengaluru,Karnataka,2021-02-27,Regular
14320,Aarav,Patel,Jaipur,Delhi,2023-12-16,New
14321,Meera,White,Hyderabad,West Bengal,2021-06-07,Premium
14322,Ananya,Smith,Hyderabad,Andhra Pradesh,2021-08-20,Premium
14323,Priya,Nair,Hyderabad,Telangana,2022-06-13,New
14324,Aditya,Verma,Kolkata,West Bengal,2023-07-26,New
14325,Sophia,Patel,Jaipur,Karnataka,2021-01-30,Premium
14326,Kiran,Smith,Bengaluru,Maharashtra,2021-07-22,Regular
14327,Olivia,Verma,Vijayawada,Telangana,2022-06-25,Regular
14328,Ananya,Thomas,Vijayawada,Telangana,2024-02-02,Regular
14329,Aarav,Sharma,Chennai,Andhra Pradesh,2021-06-06,New
14330,Olivia,Walker,Hyderabad,West Bengal,2022-04-02,New
14331,Vikram,Reddy,Pune,Rajasthan,2021-11-05,Regular
14332,Aditya,Verma,Hyderabad,West Bengal,2022-05-09,Regular
14333,Olivia,Rao,Bengaluru,Delhi,2022-02-17,Regular
14334,Olivia,Martin,Pune,Telangana,2023-10-22,Regular
14335,Daniel,Taylor,Visakhapatnam,Andhra Pradesh,2021-04-18,Regular
14336,Ananya,Patel,Jaipur,Karnataka,2025-02-11,Regular
14337,Riya,Mehta,Kolkata,Telangana,2022-01-27,New
14338,Rohan,Brown,Chennai,West Bengal,2025-05-06,Regular
14339,Aisha,Mehta,Mumbai,Delhi,2024-03-12,New
14340,Neha,Sharma,Kolkata,Karnataka,2022-07-26,New
14341,Arjun,Patel,Bengaluru,Delhi,2022-04-29,New
14342,Ananya,Brown,Delhi,West Bengal,2025-02-23,Premium
14343,Priya,Gupta,Vijayawada,Maharashtra,2025-05-14,Regular
14344,Aditya,Brown,Visakhapatnam,West Bengal,2023-09-07,New
14345,Kiran,Patel,Hyderabad,Delhi,2021-03-17,Regular
14346,Neha,Martin,Chennai,Tamil Nadu,2024-12-21,Regular
14347,Aarav,Patel,Chennai,Karnataka,2023-02-02,Regular
14348,Vikram,Wilson,Delhi,Tamil Nadu,2021-02-14,New
14349,Riya,Clark,Bengaluru,Andhra Pradesh,2024-07-07,New
14350,Kiran,Nair,Jaipur,Tamil Nadu,2021-02-23,New
14351,Kavya,Kumar,Jaipur,West Bengal,2022-08-18,Regular
14352,Sneha,Sharma,Mumbai,Tamil Nadu,2021-04-30,New
14353,Sneha,Nair,Pune,Delhi,2022-12-01,Regular
14354,Ananya,Kumar,Pune,Delhi,2024-07-11,Premium
14355,Priya,Lewis,Hyderabad,Maharashtra,2021-07-26,New
14356,Emma,White,Visakhapatnam,West Bengal,2021-08-09,New
14357,Sophia,White,Vijayawada,Rajasthan,2025-03-11,Premium
14358,Aditya,Walker,Mumbai,Andhra Pradesh,2021-10-10,Regular
14359,Meera,Smith,Delhi,Rajasthan,2021-06-30,Regular
14360,Sophia,Rao,Mumbai,Telangana,2023-07-26,Premium
14361,Aarav,Verma,Chennai,Andhra Pradesh,2022-03-19,Regular
14362,Riya,Gupta,Mumbai,West Bengal,2025-03-12,Regular
14363,Priya,Clark,Bengaluru,Maharashtra,2021-09-19,Regular
14364,Sophia,Verma,Visakhapatnam,Tamil Nadu,2023-06-27,Premium
14365,Sneha,Nair,Kolkata,Telangana,2025-01-13,Regular
14366,Emma,Taylor,Jaipur,Andhra Pradesh,2024-03-18,New
14367,Vikram,Nair,Hyderabad,Andhra Pradesh,2021-02-16,Regular
14368,Rahul,Nair,Kolkata,Telangana,2021-10-28,New
14369,Daniel,Singh,Delhi,Delhi,2021-07-20,Regular
14370,Neha,Reddy,Kolkata,Delhi,2025-01-02,New
14371,Sneha,Sharma,Jaipur,Karnataka,2021-11-20,Regular
14372,Vikram,Verma,Mumbai,Delhi,2021-03-31,Regular
14373,Sanjay,White,Bengaluru,Andhra Pradesh,2022-09-05,Regular
14374,Emma,Gupta,Hyderabad,Tamil Nadu,2022-03-29,Regular
14375,Rohan,Wilson,Pune,West Bengal,2021-09-20,New
14376,Sneha,Rao,Bengaluru,Rajasthan,2022-12-27,New
14377,Rohan,Rao,Bengaluru,Maharashtra,2024-12-11,Regular
14378,Aditya,Patel,Bengaluru,Telangana,2021-12-28,Regular
14379,Vikram,Smith,Chennai,Tamil Nadu,2025-04-20,Premium
14380,Daniel,Taylor,Bengaluru,Karnataka,2023-11-29,Regular
14381,Daniel,Nair,Pune,Tamil Nadu,2022-09-04,Regular
14382,Rahul,Brown,Kolkata,West Bengal,2023-12-23,Premium
14383,Kiran,Mehta,Chennai,Karnataka,2022-07-12,Regular
14384,Sneha,Gupta,Bengaluru,Delhi,2021-12-05,New
14385,Kiran,Taylor,Delhi,Rajasthan,2022-01-11,Regular
14386,Aisha,Smith,Hyderabad,Tamil Nadu,2021-01-14,Premium
14387,Aditya,Reddy,Vijayawada,Rajasthan,2023-11-04,Regular
14388,Arjun,Mehta,Mumbai,Tamil Nadu,2021-04-29,New
14389,Rohan,Nair,Pune,Delhi,2021-11-14,Regular
14390,Sneha,Thomas,Chennai,Karnataka,2021-01-01,New
14391,Vikram,Rao,Chennai,Tamil Nadu,2021-04-15,Regular
14392,Emma,White,Bengaluru,Andhra Pradesh,2024-12-19,Premium
14393,Aarav,Wilson,Delhi,Delhi,2021-02-08,Premium
14394,Arjun,Kumar,Bengaluru,Delhi,2023-09-22,Regular
14395,Neha,Verma,Kolkata,Delhi,2022-06-09,Premium
14396,Neha,Lewis,Chennai,Karnataka,2021-08-10,Regular
14397,Aditya,Gupta,Delhi,Rajasthan,2022-04-25,Premium
14398,Aditya,Martin,Delhi,Maharashtra,2021-05-29,Premium
14399,Arjun,Thomas,Kolkata,Telangana,2022-05-16,Premium
14400,Meera,Taylor,Vijayawada,Rajasthan,2024-08-01,New
14401,Kiran,Reddy,Delhi,Telangana,2023-09-20,New
14402,Rahul,Nair,Visakhapatnam,Rajasthan,2024-07-21,New
14403,Kiran,Rao,Chennai,Tamil Nadu,2024-01-20,Regular
14404,Daniel,Rao,Vijayawada,Telangana,2025-01-23,Premium
14405,Aditya,Lewis,Mumbai,Karnataka,2021-06-22,Premium
14406,Olivia,Sharma,Kolkata,West Bengal,2021-09-12,Premium
14407,Aditya,Brown,Pune,Delhi,2022-10-21,Regular
14408,Vikram,White,Jaipur,Karnataka,2023-04-16,Regular
14409,Aditya,Lewis,Chennai,Tamil Nadu,2024-06-08,Regular
14410,Rohan,Wilson,Delhi,Karnataka,2021-07-14,Regular
14411,Rahul,White,Bengaluru,West Bengal,2021-06-26,New
14412,Sneha,Verma,Kolkata,Andhra Pradesh,2024-06-27,Regular
14413,Rohan,Wilson,Hyderabad,Tamil Nadu,2023-05-29,Regular
14414,Aisha,Brown,Pune,Rajasthan,2022-10-22,New
14415,Priya,Sharma,Hyderabad,Maharashtra,2021-12-22,Regular
14416,Ananya,Sharma,Mumbai,Telangana,2024-01-19,Regular
14417,Priya,Lewis,Pune,Tamil Nadu,2024-07-07,Regular
14418,Vikram,Patel,Mumbai,Andhra Pradesh,2021-02-18,Regular
14419,Aisha,Nair,Mumbai,Andhra Pradesh,2021-03-28,New
14420,Rahul,Wilson,Bengaluru,West Bengal,2024-05-29,Regular
14421,Aisha,Smith,Vijayawada,Maharashtra,2024-11-15,New
14422,Sophia,Brown,Vijayawada,Andhra Pradesh,2022-01-03,Regular
14423,Riya,White,Pune,West Bengal,2024-02-04,Regular
14424,Priya,Thomas,Hyderabad,Andhra Pradesh,2024-09-10,Regular
14425,Rohan,Walker,Hyderabad,Delhi,2021-07-01,Premium
14426,Olivia,Taylor,Kolkata,Delhi,2021-10-25,New
14427,Aditya,White,Jaipur,Rajasthan,2021-07-28,Regular
14428,Priya,Wilson,Visakhapatnam,Rajasthan,2024-06-18,Premium
14429,Riya,Brown,Pune,Delhi,2024-05-19,Premium
14430,Daniel,Clark,Pune,Karnataka,2021-08-03,New
14431,Daniel,Lewis,Bengaluru,Maharashtra,2021-10-07,New
14432,Arjun,Reddy,Hyderabad,Delhi,2023-11-28,Regular
14433,Olivia,Walker,Vijayawada,West Bengal,2024-12-06,Premium
14434,Rahul,Taylor,Pune,Tamil Nadu,2024-05-31,New
14435,Sneha,Lewis,Pune,Telangana,2021-09-26,Regular
14436,Daniel,Martin,Mumbai,Andhra Pradesh,2022-09-10,Premium
14437,Meera,Walker,Mumbai,Rajasthan,2021-04-17,Regular
14438,Daniel,Gupta,Jaipur,Telangana,2022-01-26,Regular
14439,Rohan,Patel,Visakhapatnam,Tamil Nadu,2023-06-21,Premium
14440,Rohan,Patel,Kolkata,Maharashtra,2022-07-06,Regular
14441,Rohan,Gupta,Mumbai,Andhra Pradesh,2023-08-29,New
14442,Kiran,Singh,Vijayawada,Andhra Pradesh,2022-04-20,New
14443,Meera,Verma,Mumbai,Tamil Nadu,2023-06-21,Regular
14444,Priya,Patel,Delhi,Tamil Nadu,2023-10-10,New
14445,Aisha,Patel,Bengaluru,Maharashtra,2021-11-08,New
14446,Ananya,Brown,Vijayawada,Karnataka,2021-03-13,New
14447,Rohan,Thomas,Hyderabad,Maharashtra,2022-06-25,Regular
14448,Vikram,Kumar,Vijayawada,Tamil Nadu,2021-03-08,Regular
14449,Sneha,Brown,Kolkata,Telangana,2021-09-13,Regular
14450,Olivia,Taylor,Hyderabad,West Bengal,2022-04-06,Regular
14451,Olivia,Martin,Delhi,Andhra Pradesh,2022-06-26,Premium
14452,Aditya,Kumar,Chennai,Tamil Nadu,2022-03-20,Regular
14453,Priya,Martin,Pune,Maharashtra,2021-03-27,Regular
14454,Aisha,Sharma,Hyderabad,Maharashtra,2021-10-11,New
14455,Kavya,Singh,Vijayawada,Telangana,2024-11-13,Regular
14456,Arjun,Rao,Delhi,Delhi,2024-02-21,New
14457,Sneha,Lewis,Mumbai,Maharashtra,2022-12-12,Regular
14458,Aarav,Patel,Visakhapatnam,Rajasthan,2021-02-08,Premium
14459,Rahul,Thomas,Kolkata,Tamil Nadu,2022-07-27,New
14460,Meera,White,Kolkata,Andhra Pradesh,2025-01-18,New
14461,Rahul,White,Bengaluru,Maharashtra,2024-07-19,Regular
14462,Rohan,Rao,Delhi,Karnataka,2024-04-26,Premium
14463,Sneha,Reddy,Vijayawada,Tamil Nadu,2022-02-02,Regular
14464,Meera,Singh,Jaipur,Rajasthan,2022-10-07,New
14465,Ananya,Thomas,Kolkata,Tamil Nadu,2021-02-15,Regular
14466,Arjun,Patel,Bengaluru,Andhra Pradesh,2024-10-06,Regular
14467,Riya,Wilson,Kolkata,West Bengal,2021-06-30,Regular
14468,Daniel,Nair,Hyderabad,West Bengal,2023-09-17,Regular
14469,Olivia,Thomas,Mumbai,Andhra Pradesh,2022-03-28,Regular
14470,Aisha,Wilson,Jaipur,Delhi,2023-07-02,New
14471,Ananya,Smith,Visakhapatnam,Delhi,2024-08-16,Premium
14472,Olivia,Thomas,Jaipur,Telangana,2022-05-16,New
14473,Priya,White,Mumbai,West Bengal,2021-01-27,New
14474,Rahul,Nair,Kolkata,West Bengal,2023-11-27,Regular
14475,Olivia,Brown,Vijayawada,Telangana,2023-05-02,Regular
14476,Rohan,Wilson,Chennai,Delhi,2021-08-12,Regular
14477,Daniel,Clark,Jaipur,Delhi,2021-03-19,New
14478,Kiran,Mehta,Jaipur,Tamil Nadu,2023-04-20,New
14479,Olivia,Nair,Bengaluru,Telangana,2023-09-09,New
14480,Neha,Clark,Vijayawada,Telangana,2021-07-05,Regular
14481,Priya,White,Pune,Karnataka,2023-08-17,New
14482,Aditya,Smith,Kolkata,Karnataka,2022-12-14,Premium
14483,Emma,Kumar,Delhi,Karnataka,2021-08-08,Regular
14484,Arjun,Gupta,Chennai,Delhi,2023-09-14,Regular
14485,Priya,Mehta,Hyderabad,Maharashtra,2023-10-30,Premium
14486,Kiran,Martin,Delhi,Telangana,2021-09-06,Regular
14487,Neha,Taylor,Visakhapatnam,Telangana,2023-12-14,Regular
14488,Aditya,Clark,Visakhapatnam,West Bengal,2021-12-22,Premium
14489,Meera,Sharma,Chennai,Rajasthan,2023-08-14,Regular
14490,Kiran,Mehta,Visakhapatnam,Andhra Pradesh,2024-07-25,New
14491,Vikram,Martin,Mumbai,Andhra Pradesh,2025-02-08,Regular
14492,Vikram,White,Delhi,Tamil Nadu,2022-02-14,New
14493,Meera,Kumar,Mumbai,West Bengal,2022-06-27,Regular
14494,Aditya,Lewis,Delhi,Telangana,2021-06-02,Premium
14495,Rohan,Sharma,Delhi,Karnataka,2025-03-31,Regular
14496,Kavya,Patel,Kolkata,Karnataka,2022-06-14,New
14497,Rohan,Clark,Pune,Karnataka,2024-07-07,New
14498,Kiran,Thomas,,Tamil Nadu,2025-02-05,Regular
14499,Sanjay,White,Kolkata,Telangana,2023-02-01,New
14500,Rohan,Wilson,Pune,Andhra Pradesh,2024-01-16,Regular
14501,Meera,Wilson,Delhi,West Bengal,2023-01-26,Regular
14502,Neha,Brown,Hyderabad,West Bengal,2023-07-10,Regular
14503,Sophia,Brown,Visakhapatnam,Karnataka,2022-02-04,Regular
14504,Riya,Brown,Bengaluru,Andhra Pradesh,2024-09-06,Regular
14505,Aarav,Gupta,Visakhapatnam,Telangana,2021-07-16,New
14506,Kiran,Lewis,Vijayawada,Rajasthan,2023-11-23,Regular
14507,Aditya,Nair,Jaipur,West Bengal,2025-01-11,Regular
14508,Sneha,Wilson,Hyderabad,Karnataka,2024-07-21,New
14509,Aditya,Taylor,Chennai,Karnataka,2024-04-28,Regular
14510,Sophia,Brown,Hyderabad,West Bengal,2023-11-18,Regular
14511,Aditya,Wilson,Pune,Andhra Pradesh,2025-02-22,New
14512,Neha,Sharma,Jaipur,Maharashtra,2024-10-14,Regular
14513,Rahul,Rao,Vijayawada,Telangana,2022-03-16,New
14514,Daniel,Verma,Vijayawada,Maharashtra,2023-09-26,Regular
14515,Daniel,Nair,Visakhapatnam,Maharashtra,2022-11-17,New
14516,Riya,Walker,Hyderabad,Tamil Nadu,2022-02-28,Premium
14517,Kiran,Lewis,Vijayawada,Rajasthan,2024-08-02,Regular
14518,Arjun,Martin,Mumbai,Tamil Nadu,2021-03-07,New
14519,Aisha,Nair,Kolkata,Karnataka,2021-07-25,New
14520,Ananya,Reddy,Vijayawada,West Bengal,2021-06-18,Premium
14521,Sophia,Thomas,Kolkata,Delhi,2021-11-20,Regular
14522,Meera,Lewis,Pune,Delhi,2023-03-31,Regular
14523,Neha,Mehta,Kolkata,Delhi,2025-02-16,Premium
14524,Sophia,Clark,Pune,Tamil Nadu,2025-04-04,New
14525,Emma,Walker,Kolkata,Tamil Nadu,2024-12-11,Regular
14526,Priya,Brown,Pune,Telangana,2024-04-30,Regular
14527,Aarav,Singh,Mumbai,Karnataka,2023-01-06,Regular
14528,Arjun,Sharma,Chennai,Delhi,2024-05-25,Regular
14529,Ananya,Thomas,Mumbai,Maharashtra,2022-03-06,Premium
14530,Sneha,Smith,Vijayawada,West Bengal,2023-11-29,Regular
14531,Aarav,Patel,Visakhapatnam,Andhra Pradesh,2021-01-14,Premium
14532,Rahul,Reddy,Bengaluru,Delhi,2024-12-16,New
14533,Aisha,White,Bengaluru,Telangana,2025-04-04,Regular
14534,Riya,Rao,Delhi,Telangana,2024-03-22,New
14535,Aarav,Rao,Vijayawada,Karnataka,2021-10-07,Premium
14536,Neha,Wilson,Bengaluru,Tamil Nadu,2022-02-18,New
14537,Arjun,Nair,Mumbai,Telangana,2024-03-29,Regular
14538,Aisha,Walker,Hyderabad,Andhra Pradesh,2023-03-11,New
14539,Emma,Taylor,Hyderabad,Tamil Nadu,2023-05-27,New
14540,Olivia,Nair,Bengaluru,West Bengal,2022-10-09,New
14541,Sneha,Gupta,Vijayawada,Karnataka,2024-08-30,Regular
14542,Kavya,Lewis,Visakhapatnam,Telangana,2021-09-22,New
14543,Daniel,Smith,Pune,Karnataka,2022-12-08,Regular
14544,Kavya,Walker,,Maharashtra,2021-12-22,Regular
14545,Ananya,Rao,Jaipur,Maharashtra,2024-01-12,Premium
14546,Riya,Sharma,Chennai,Maharashtra,2022-04-02,Regular
14547,Sneha,Lewis,Bengaluru,Rajasthan,2022-04-25,Regular
14548,Emma,Singh,Bengaluru,West Bengal,2021-10-05,Regular
14549,Neha,Clark,Mumbai,West Bengal,2024-10-13,New
14550,Olivia,Martin,Vijayawada,Telangana,2021-12-14,Regular
14551,Aarav,Singh,Mumbai,Maharashtra,2024-10-21,Premium
14552,Aarav,Thomas,Pune,Delhi,2025-01-06,New
14553,Arjun,Reddy,Mumbai,Delhi,2025-03-23,New
14554,Sneha,Nair,Jaipur,Rajasthan,2022-07-04,Regular
14555,Aisha,Nair,Kolkata,Maharashtra,2023-11-14,Regular
14556,Sanjay,Taylor,Kolkata,Tamil Nadu,2024-08-17,New
14557,Vikram,Brown,Pune,Rajasthan,2021-05-06,Premium
14558,Olivia,Wilson,Delhi,Tamil Nadu,2021-04-14,New
14559,Riya,Mehta,Visakhapatnam,Delhi,2021-11-28,Regular
14560,Kavya,Martin,Kolkata,Telangana,2025-04-20,Premium
14561,Priya,Patel,Visakhapatnam,Karnataka,2021-05-24,Regular
14562,Ananya,Martin,Hyderabad,Telangana,2024-05-08,Regular
14563,Aarav,Reddy,Visakhapatnam,Maharashtra,2024-09-04,Premium
14564,Vikram,Reddy,Jaipur,Rajasthan,2024-12-21,New
14565,Olivia,Martin,Kolkata,Telangana,2023-04-26,New
14566,Rohan,Patel,Jaipur,Rajasthan,2023-04-22,Premium
14567,Aisha,Thomas,Delhi,Andhra Pradesh,2024-04-02,Regular
14568,Aisha,Kumar,Chennai,Telangana,2023-10-13,Premium
14569,Rohan,Kumar,Kolkata,Telangana,2024-06-12,Premium
14570,Sanjay,Walker,Kolkata,Rajasthan,2022-08-01,Regular
14571,Meera,Patel,Bengaluru,Delhi,2025-02-02,Regular
14572,Arjun,Walker,Chennai,Karnataka,2022-11-23,Regular
14573,Priya,Rao,Chennai,Rajasthan,2022-02-02,New
14574,Olivia,Thomas,Delhi,Delhi,2024-04-16,Regular
14575,Aisha,Walker,Bengaluru,West Bengal,2023-09-21,Regular
14576,Riya,Kumar,Vijayawada,West Bengal,2021-03-21,Premium
14577,Arjun,Rao,Bengaluru,Karnataka,2021-09-24,Premium
14578,Vikram,Smith,Jaipur,Tamil Nadu,2021-02-28,Premium
14579,Aditya,Lewis,Kolkata,Karnataka,2023-07-11,New
14580,Aditya,Patel,Mumbai,Delhi,2024-10-31,Regular
14581,Vikram,Patel,Mumbai,Rajasthan,2022-06-01,New
14582,Sophia,Nair,Kolkata,West Bengal,2021-06-26,Regular
14583,Vikram,Singh,Hyderabad,West Bengal,2024-09-24,Premium
14584,Aisha,Gupta,Vijayawada,Karnataka,2024-02-28,Premium
14585,Sneha,Kumar,Delhi,Delhi,2023-05-23,Premium
14586,Kavya,Clark,Chennai,Rajasthan,2021-11-16,Regular
14587,Sanjay,Thomas,Visakhapatnam,Telangana,2023-12-12,Regular
14588,Rohan,Kumar,Kolkata,Karnataka,2022-08-09,New
14589,Kavya,Brown,Bengaluru,West Bengal,2022-01-28,Regular
14590,Aditya,Wilson,Kolkata,Telangana,2022-04-15,New
14591,Meera,Wilson,Pune,Karnataka,2021-04-09,Regular
14592,Aarav,White,Vijayawada,Rajasthan,2023-02-24,Regular
14593,Arjun,Wilson,Pune,Telangana,2024-04-19,Regular
14594,Aisha,Taylor,Jaipur,Maharashtra,2024-08-15,Premium
14595,Kavya,Sharma,Jaipur,Tamil Nadu,2024-03-04,New
14596,Aarav,Reddy,Hyderabad,Maharashtra,2024-11-01,Regular
14597,Olivia,Wilson,Pune,Tamil Nadu,2025-03-22,Regular
14598,Aarav,Walker,Chennai,Tamil Nadu,2021-12-22,Premium
14599,Sophia,Nair,Pune,Andhra Pradesh,2022-11-25,New
14600,Aisha,Wilson,Bengaluru,Telangana,2022-06-25,Regular
14601,Sophia,Singh,Delhi,Karnataka,2024-01-01,Regular
14602,Daniel,Mehta,Bengaluru,Tamil Nadu,2024-09-01,New
14603,Rohan,Thomas,Kolkata,Andhra Pradesh,2024-11-24,New
14604,Riya,Taylor,Pune,Maharashtra,2021-05-24,Regular
14605,Sanjay,Kumar,Jaipur,Telangana,2023-04-04,New
14606,Priya,Lewis,Visakhapatnam,Delhi,2021-07-07,Regular
14607,Sanjay,Walker,Kolkata,West Bengal,2022-06-12,New
14608,Priya,Mehta,Pune,Maharashtra,2023-02-07,New
14609,Olivia,Rao,Vijayawada,Telangana,2023-09-19,Regular
14610,Ananya,Brown,Kolkata,Rajasthan,2024-06-18,New
14611,Arjun,Clark,Bengaluru,Andhra Pradesh,2025-05-11,New
14612,Rohan,Mehta,Mumbai,Rajasthan,2022-06-22,New
14613,Riya,Sharma,Jaipur,Rajasthan,2023-06-15,New
14614,Neha,Reddy,Mumbai,Tamil Nadu,2021-04-22,Regular
14615,Sneha,Clark,Hyderabad,Maharashtra,2021-06-28,Regular
14616,Ananya,Thomas,Visakhapatnam,Rajasthan,2025-03-29,Regular
14617,Aditya,Thomas,Jaipur,Maharashtra,2025-02-10,New
14618,Sneha,Kumar,Kolkata,Andhra Pradesh,2025-02-11,New
14619,Kavya,Patel,Kolkata,West Bengal,2022-02-23,Regular
14620,Olivia,Nair,Mumbai,Rajasthan,2023-11-10,New
14621,Kavya,Singh,Mumbai,Telangana,2022-01-02,New
14622,Sophia,Nair,Jaipur,West Bengal,2023-12-28,New
14623,Emma,Smith,Visakhapatnam,Andhra Pradesh,2023-02-15,Regular
14624,Arjun,Gupta,Pune,Karnataka,2025-02-02,Regular
14625,Kiran,Kumar,Mumbai,West Bengal,2022-08-21,New
14626,Kiran,Verma,Bengaluru,Karnataka,2023-10-28,New
14627,Aarav,Martin,Hyderabad,Rajasthan,2023-11-21,Regular
14628,Vikram,Wilson,Pune,Rajasthan,2024-06-15,New
14629,Riya,Rao,Delhi,Telangana,2021-03-25,Regular
14630,Kiran,Rao,Kolkata,Delhi,2023-01-12,Regular
14631,Rahul,Smith,Visakhapatnam,Maharashtra,2022-12-25,New
14632,Aditya,Patel,Mumbai,Rajasthan,2021-12-31,Regular
14633,Aditya,Clark,Bengaluru,Tamil Nadu,2024-07-11,Regular
14634,Vikram,Lewis,Visakhapatnam,West Bengal,2024-08-25,Regular
14635,Rahul,Sharma,Vijayawada,Telangana,2021-05-11,Regular
14636,Riya,White,Delhi,Karnataka,2024-01-01,Regular
14637,Emma,Sharma,Hyderabad,Rajasthan,2024-10-10,Regular
14638,Priya,Mehta,Pune,Maharashtra,2022-04-09,Regular
14639,Kavya,Taylor,Kolkata,Andhra Pradesh,2023-10-09,New
14640,Daniel,Rao,Visakhapatnam,Rajasthan,2023-09-25,New
14641,Emma,Singh,Delhi,Rajasthan,2021-01-30,New
14642,Aarav,Sharma,Pune,Telangana,2024-07-30,Regular
14643,Sophia,Martin,Mumbai,Karnataka,2024-04-15,Regular
14644,Arjun,Sharma,Pune,West Bengal,2022-03-09,Regular
14645,Aarav,Mehta,Hyderabad,Rajasthan,2022-05-18,Regular
14646,Ananya,Nair,Bengaluru,Rajasthan,2024-05-14,Premium
14647,Aisha,White,Vijayawada,West Bengal,2024-07-06,Regular
14648,Arjun,Walker,Mumbai,Telangana,2021-04-26,Regular
14649,Aditya,Clark,Visakhapatnam,West Bengal,2022-07-29,New
14650,Aditya,Martin,Mumbai,Tamil Nadu,2023-09-27,Regular
14651,Kiran,Brown,Jaipur,Andhra Pradesh,2021-07-23,Regular
14652,Sophia,Rao,Bengaluru,Delhi,2025-05-18,Premium
14653,Rohan,Patel,Bengaluru,Karnataka,2021-12-01,Premium
14654,Sanjay,White,Delhi,Andhra Pradesh,2024-10-18,New
14655,Rahul,Nair,Visakhapatnam,Rajasthan,2021-04-14,Premium
14656,Vikram,Verma,Bengaluru,Delhi,2024-11-02,Regular
14657,Rahul,Kumar,Delhi,Andhra Pradesh,2021-03-06,Regular
14658,Sneha,Gupta,Chennai,Telangana,2023-12-25,Regular
14659,Ananya,Wilson,Vijayawada,Tamil Nadu,2022-07-31,Regular
14660,Priya,Verma,Delhi,Karnataka,2023-01-08,Regular
14661,Emma,Smith,Kolkata,Tamil Nadu,2021-06-23,New
14662,Sneha,Singh,Chennai,Maharashtra,2023-12-20,Regular
14663,Vikram,Reddy,Chennai,Maharashtra,2023-09-23,New
14664,Kiran,Lewis,Kolkata,Tamil Nadu,2022-05-29,New
14665,Rohan,Verma,Mumbai,Delhi,2023-01-26,Regular
14666,Emma,Nair,Kolkata,Karnataka,2023-06-04,Regular
14667,Rohan,Gupta,Bengaluru,Tamil Nadu,2024-01-06,Premium
14668,Rahul,Taylor,Mumbai,Andhra Pradesh,2023-05-14,Regular
14669,Aisha,Smith,Bengaluru,Delhi,2021-04-05,Regular
14670,Ananya,Nair,Hyderabad,Telangana,2023-05-20,Premium
14671,Arjun,Walker,Chennai,Tamil Nadu,2022-07-12,Regular
14672,Meera,Walker,Pune,Andhra Pradesh,2022-10-22,Regular
14673,Sanjay,Patel,Bengaluru,Karnataka,2022-08-17,Premium
14674,Olivia,Wilson,Hyderabad,Rajasthan,2022-07-19,Regular
14675,Emma,White,Visakhapatnam,Tamil Nadu,2022-01-13,Regular
14676,Kiran,Mehta,Delhi,West Bengal,2022-06-13,Regular
14677,Sneha,Sharma,Vijayawada,Maharashtra,2024-02-14,Regular
14678,Sneha,Kumar,Vijayawada,West Bengal,2021-12-26,Regular
14679,Meera,Taylor,Bengaluru,Andhra Pradesh,2024-04-29,Regular
14680,Arjun,Walker,Kolkata,Karnataka,2022-12-03,Regular
14681,Rohan,Kumar,Visakhapatnam,Tamil Nadu,2023-09-04,New
14682,Vikram,Brown,Pune,Delhi,2021-07-08,New
14683,Meera,Mehta,Visakhapatnam,Tamil Nadu,2021-11-28,Regular
14684,Arjun,Gupta,Jaipur,Maharashtra,2024-12-13,New
14685,Neha,Wilson,Delhi,Rajasthan,2024-08-22,Regular
14686,Aisha,Lewis,Bengaluru,Karnataka,2021-04-22,New
14687,Daniel,Singh,Kolkata,Karnataka,2024-12-16,New
14688,Aditya,Reddy,Visakhapatnam,Delhi,2024-09-01,Regular
14689,Aarav,Nair,Delhi,Telangana,2021-08-08,Regular
14690,Aisha,Rao,Visakhapatnam,Telangana,2022-01-21,Regular
14691,Aarav,Martin,Delhi,Andhra Pradesh,2021-10-12,New
14692,Arjun,Brown,Pune,Tamil Nadu,2024-09-27,New
14693,Sophia,Sharma,Jaipur,Telangana,2024-09-27,New
14694,Olivia,Rao,Bengaluru,West Bengal,2024-02-27,New
14695,Aisha,Martin,Pune,Maharashtra,2022-02-05,New
14696,Emma,Mehta,Bengaluru,Maharashtra,2025-01-13,Regular
14697,Arjun,Smith,Kolkata,Maharashtra,2024-09-17,New
14698,Arjun,Gupta,Jaipur,Karnataka,2024-10-24,Regular
14699,Rohan,Rao,Jaipur,Andhra Pradesh,2022-07-30,Regular
14700,Aarav,Kumar,Chennai,Telangana,2024-01-27,New
14701,Olivia,Reddy,Vijayawada,Maharashtra,2023-12-17,Regular
14702,Arjun,Sharma,Visakhapatnam,Tamil Nadu,2021-08-31,Regular
14703,Neha,Wilson,Visakhapatnam,West Bengal,2023-07-22,Regular
14704,Olivia,Patel,Delhi,Delhi,2023-05-29,Regular
14705,Aisha,Smith,Bengaluru,Maharashtra,2023-07-25,Regular
14706,Sanjay,White,Pune,Delhi,2022-06-28,Regular
14707,Priya,Taylor,Vijayawada,Karnataka,2023-12-07,Premium
14708,Neha,Smith,Kolkata,Karnataka,2024-11-18,Regular
14709,Riya,Kumar,Mumbai,Rajasthan,2023-08-26,Regular
14710,Ananya,Mehta,Chennai,Delhi,2024-10-27,Premium
14711,Aditya,Lewis,Kolkata,West Bengal,2024-05-19,Regular
14712,Riya,Nair,Pune,Rajasthan,2022-05-18,Premium
14713,Olivia,Clark,Pune,Rajasthan,2024-03-23,Regular
14714,Priya,Martin,Jaipur,Delhi,2023-12-11,Regular
14715,Aarav,Gupta,Hyderabad,Andhra Pradesh,2025-02-18,Regular
14716,Neha,Kumar,Chennai,Delhi,2022-06-26,Regular
14717,Olivia,Sharma,Jaipur,Karnataka,2021-09-20,New
14718,Sophia,Gupta,Jaipur,Delhi,2023-12-22,Regular
14719,Ananya,Rao,Mumbai,Rajasthan,2023-10-09,New
14720,Vikram,Taylor,Jaipur,Rajasthan,2023-09-10,Regular
14721,Sneha,Smith,Chennai,Delhi,2024-03-29,Regular
14722,Emma,Mehta,Hyderabad,Rajasthan,2023-03-29,Premium
14723,Daniel,Martin,Mumbai,Karnataka,2021-02-18,New
14724,Arjun,Thomas,Delhi,Telangana,2024-11-06,Regular
14725,Aditya,Martin,Hyderabad,Maharashtra,2022-03-20,Regular
14726,Priya,Lewis,Bengaluru,Karnataka,2022-01-29,Regular
14727,Arjun,Nair,Vijayawada,Rajasthan,2024-07-26,New
14728,Olivia,Clark,Kolkata,Telangana,2024-06-29,Regular
14729,Rahul,Verma,Kolkata,Delhi,2023-03-20,Regular
14730,Meera,Patel,Jaipur,Andhra Pradesh,2024-01-09,New
14731,Daniel,Kumar,Chennai,Telangana,2021-05-10,Regular
14732,Meera,Reddy,Visakhapatnam,Telangana,2022-03-27,New
14733,Riya,White,Mumbai,Delhi,2022-01-24,Regular
14734,Aditya,Patel,Jaipur,Rajasthan,2022-11-06,Premium
14735,Emma,Clark,Vijayawada,Telangana,2022-07-26,New
14736,Ananya,Thomas,Chennai,Telangana,2021-04-21,New
14737,Arjun,Verma,Chennai,Rajasthan,2024-01-07,Premium
14738,Kiran,Walker,Delhi,Delhi,2023-08-15,New
14739,Rohan,Walker,Delhi,West Bengal,2022-08-30,Regular
14740,Neha,Walker,Chennai,Tamil Nadu,2024-11-21,Regular
14741,Aditya,Mehta,Chennai,Tamil Nadu,2022-08-01,Regular
14742,Priya,Gupta,Visakhapatnam,Maharashtra,2021-07-08,Regular
14743,Ananya,Sharma,Vijayawada,Karnataka,2024-09-18,Regular
14744,Rohan,Clark,Bengaluru,Maharashtra,2021-07-31,Premium
14745,Meera,Lewis,Vijayawada,Rajasthan,2021-04-25,Regular
14746,Rohan,Brown,Bengaluru,West Bengal,2023-01-30,Regular
14747,Riya,Reddy,Pune,Andhra Pradesh,2023-07-16,Premium
14748,Aditya,Clark,Hyderabad,Maharashtra,2022-03-26,New
14749,Olivia,Gupta,Kolkata,Andhra Pradesh,2024-09-04,Premium
14750,Kiran,Brown,,Maharashtra,2022-03-20,Premium
14751,Aarav,Taylor,Chennai,Delhi,2025-03-22,Premium
14752,Rahul,Kumar,Bengaluru,West Bengal,2023-10-19,New
14753,Emma,Reddy,Bengaluru,Andhra Pradesh,2021-10-23,Regular
14754,Olivia,Reddy,Hyderabad,Rajasthan,2022-10-19,Regular
14755,Sanjay,White,Delhi,Telangana,2021-05-02,New
14756,Kavya,White,Visakhapatnam,Andhra Pradesh,2024-09-13,Regular
14757,Sneha,Verma,Mumbai,West Bengal,2023-11-03,New
14758,Rahul,Verma,Vijayawada,West Bengal,2022-11-18,New
14759,Priya,Verma,Delhi,Telangana,2023-12-23,Premium
14760,Meera,Nair,Chennai,Maharashtra,2023-09-12,Premium
14761,Sophia,Brown,Hyderabad,Rajasthan,2023-08-18,New
14762,Emma,Nair,Vijayawada,Rajasthan,2022-09-29,New
14763,Arjun,Wilson,Hyderabad,Karnataka,2022-07-17,Regular
14764,Sanjay,Nair,Pune,Maharashtra,2022-02-14,New
14765,Ananya,Wilson,Hyderabad,Andhra Pradesh,2024-06-12,Regular
14766,Vikram,Walker,Vijayawada,Rajasthan,2023-01-25,Regular
14767,Sneha,Singh,Jaipur,Tamil Nadu,2023-01-21,Regular
14768,Aarav,Reddy,Mumbai,Andhra Pradesh,2024-02-27,Regular
14769,Rahul,Brown,Mumbai,Andhra Pradesh,2023-04-30,New
14770,Aarav,Kumar,Delhi,Karnataka,2025-03-05,New
14771,Aditya,Singh,Delhi,Telangana,2022-01-21,Regular
14772,Riya,Thomas,Mumbai,Telangana,2021-03-09,New
14773,Vikram,Verma,Mumbai,Karnataka,2022-11-06,New
14774,Sophia,Brown,Bengaluru,West Bengal,2023-05-01,Regular
14775,Aditya,Thomas,Chennai,Maharashtra,2024-08-06,New
14776,Aarav,Kumar,Delhi,West Bengal,2023-10-15,Regular
14777,Rohan,Mehta,Vijayawada,Telangana,2025-02-11,Regular
14778,Aisha,Sharma,Vijayawada,Delhi,2021-05-18,New
14779,Rahul,Mehta,Delhi,West Bengal,2023-05-10,Regular
14780,Arjun,Singh,,Rajasthan,2024-08-19,New
14781,Emma,Walker,Delhi,Tamil Nadu,2023-03-15,Regular
14782,Sneha,Gupta,Mumbai,Delhi,2022-03-18,Regular
14783,Rohan,Singh,Mumbai,Maharashtra,2024-05-14,Premium
14784,Riya,Sharma,Delhi,Tamil Nadu,2024-10-31,New
14785,Emma,Kumar,Mumbai,West Bengal,2022-02-19,Regular
14786,Kiran,Singh,Vijayawada,Delhi,2023-06-04,Regular
14787,Sneha,Singh,Bengaluru,Andhra Pradesh,2024-07-11,Regular
14788,Aarav,Martin,Hyderabad,Telangana,2021-09-01,Regular
14789,Rohan,Lewis,Pune,Karnataka,2021-01-18,New
14790,Sneha,Lewis,Hyderabad,Delhi,2024-03-28,Regular
14791,Vikram,White,Bengaluru,Delhi,2024-04-18,Regular
14792,Sophia,Lewis,Mumbai,Rajasthan,2021-09-09,New
14793,Sophia,Mehta,Hyderabad,West Bengal,2023-08-14,Regular
14794,Aditya,Nair,Chennai,Telangana,2024-02-27,Regular
14795,Kiran,Wilson,Delhi,Maharashtra,2025-03-21,Regular
14796,Vikram,Rao,Mumbai,Andhra Pradesh,2024-07-17,Premium
14797,Neha,Wilson,Visakhapatnam,Andhra Pradesh,2021-12-18,Regular
14798,Rahul,White,Hyderabad,Andhra Pradesh,2023-07-10,Regular
14799,Kiran,Patel,Vijayawada,Maharashtra,2024-03-19,Regular
14800,Sneha,Thomas,Delhi,Telangana,2022-03-10,Regular
14801,Kavya,Walker,Kolkata,Karnataka,2021-09-18,Regular
14802,Sneha,Brown,Kolkata,Andhra Pradesh,2022-12-01,New
14803,Sanjay,Nair,Hyderabad,Tamil Nadu,2024-02-26,Regular
14804,Riya,Gupta,Vijayawada,Andhra Pradesh,2023-04-25,Regular
14805,Meera,Patel,Mumbai,Telangana,2023-08-26,Regular
14806,Riya,Rao,Kolkata,Maharashtra,2023-12-02,New
14807,Priya,Martin,Chennai,Rajasthan,2025-03-09,New
14808,Olivia,Brown,Mumbai,Karnataka,2023-10-12,Regular
14809,Kiran,Singh,Vijayawada,Telangana,2021-08-04,New
14810,Emma,Brown,Jaipur,Tamil Nadu,2022-10-03,Regular
14811,Sanjay,Clark,Visakhapatnam,Telangana,2021-09-29,Regular
14812,Sanjay,Sharma,Vijayawada,Delhi,2024-04-28,New
14813,Neha,Sharma,Delhi,Karnataka,2025-05-15,Premium
14814,Sneha,White,Delhi,Karnataka,2024-05-19,Regular
14815,Aisha,Martin,Jaipur,Delhi,2022-01-29,New
14816,Aditya,Smith,Chennai,Tamil Nadu,2024-01-20,Regular
14817,Olivia,Walker,Jaipur,West Bengal,2021-02-03,Regular
14818,Rohan,Smith,Kolkata,Rajasthan,2022-03-12,Regular
14819,Neha,Brown,Kolkata,Rajasthan,2022-05-01,New
14820,Daniel,Singh,Delhi,West Bengal,2023-01-22,Regular
14821,Neha,Clark,Visakhapatnam,Rajasthan,2022-05-28,New
14822,Meera,Thomas,Kolkata,West Bengal,2022-11-24,Regular
14823,Daniel,Gupta,Hyderabad,Telangana,2021-01-16,Regular
14824,Sophia,Martin,Vijayawada,Rajasthan,2024-07-30,Regular
14825,Priya,Martin,Vijayawada,Delhi,2022-09-25,Regular
14826,Ananya,Reddy,Jaipur,Telangana,2024-07-17,New
14827,Vikram,Patel,Jaipur,Delhi,2021-04-03,New
14828,Neha,Smith,Jaipur,Karnataka,2024-10-17,Premium
14829,Daniel,Wilson,Hyderabad,Delhi,2023-09-30,Regular
14830,Priya,Taylor,Kolkata,West Bengal,2022-01-05,Regular
14831,Rohan,Nair,Jaipur,Telangana,2024-04-19,New
14832,Rahul,Clark,Jaipur,Maharashtra,2024-04-12,Premium
14833,Kiran,Verma,Delhi,Telangana,2024-03-08,New
14834,Sanjay,Singh,Jaipur,Telangana,2024-10-24,New
14835,Sophia,Kumar,Visakhapatnam,Karnataka,2025-03-07,Regular
14836,Neha,Lewis,Hyderabad,Andhra Pradesh,2021-09-24,Regular
14837,Rahul,Martin,Visakhapatnam,Maharashtra,2022-03-28,Regular
14838,Arjun,Mehta,Kolkata,Telangana,2021-03-05,Regular
14839,Olivia,Singh,Delhi,West Bengal,2021-04-17,Premium
14840,Daniel,Reddy,Bengaluru,Delhi,2021-06-18,New
14841,Riya,Patel,Jaipur,Karnataka,2024-01-13,New
14842,Rahul,Kumar,Chennai,Delhi,2023-08-28,Regular
14843,Arjun,Brown,Pune,Karnataka,2021-02-25,Regular
14844,Vikram,Patel,Chennai,West Bengal,2022-11-06,Premium
14845,Riya,Kumar,Jaipur,Rajasthan,2021-06-26,Regular
14846,Riya,Gupta,Pune,Tamil Nadu,2021-11-09,Regular
14847,Emma,Taylor,Bengaluru,West Bengal,2021-03-30,Regular
14848,Arjun,Mehta,Hyderabad,Telangana,2023-04-26,New
14849,Vikram,Patel,Jaipur,Maharashtra,2021-05-11,New
14850,Daniel,Martin,Chennai,Rajasthan,2024-06-10,New
14851,Daniel,Mehta,Vijayawada,Telangana,2025-01-31,New
14852,Aisha,Patel,Hyderabad,Rajasthan,2024-10-01,New
14853,Rahul,Taylor,,Telangana,2024-08-10,New
14854,Arjun,White,Kolkata,Maharashtra,2024-04-17,Premium
14855,Arjun,Brown,Chennai,Karnataka,2024-12-28,New
14856,Meera,Patel,Visakhapatnam,Telangana,2024-11-17,Regular
14857,Emma,Rao,Chennai,Tamil Nadu,2021-12-12,Premium
14858,Kavya,Smith,Jaipur,Delhi,2023-08-25,Regular
14859,Aditya,White,Delhi,West Bengal,2022-05-05,Regular
14860,Riya,Walker,Pune,Tamil Nadu,2024-09-01,New
14861,Arjun,Walker,Hyderabad,Maharashtra,2021-01-17,New
14862,Emma,Clark,Chennai,Karnataka,2022-10-30,Regular
14863,Olivia,Smith,Hyderabad,West Bengal,2022-08-30,Regular
14864,Aisha,Wilson,Visakhapatnam,Karnataka,2024-09-25,Regular
14865,Olivia,Martin,Bengaluru,Andhra Pradesh,2022-04-17,Premium
14866,Sneha,Martin,Bengaluru,Karnataka,2024-12-04,Regular
14867,Priya,Wilson,Bengaluru,West Bengal,2023-03-06,Regular
14868,Rohan,Kumar,Jaipur,Tamil Nadu,2024-01-04,New
14869,Daniel,Lewis,Jaipur,Rajasthan,2023-04-30,Premium
14870,Meera,Sharma,Vijayawada,Tamil Nadu,2022-11-21,Premium
14871,Vikram,Verma,Hyderabad,Rajasthan,2022-05-02,Regular
14872,Sophia,Verma,Delhi,Andhra Pradesh,2022-03-27,Regular
14873,Arjun,White,Jaipur,Maharashtra,2023-10-22,Regular
14874,Sneha,Reddy,Hyderabad,Maharashtra,2022-06-05,New
14875,Vikram,Mehta,Vijayawada,Tamil Nadu,2024-10-14,Premium
14876,Meera,Nair,Hyderabad,Maharashtra,2021-07-31,Regular
14877,Ananya,Reddy,Visakhapatnam,Maharashtra,2021-12-11,Regular
14878,Ananya,Singh,Delhi,Karnataka,2021-03-17,Regular
14879,Meera,Verma,Visakhapatnam,Tamil Nadu,2024-10-13,Regular
14880,Riya,Walker,Pune,Rajasthan,2022-10-26,New
14881,Kiran,Nair,Vijayawada,Rajasthan,2021-02-26,Regular
14882,Sophia,Lewis,Visakhapatnam,Telangana,2021-03-10,New
14883,Priya,Martin,Mumbai,West Bengal,2025-01-08,New
14884,Vikram,Clark,Kolkata,Karnataka,2024-11-09,New
14885,Aarav,Lewis,Pune,West Bengal,2022-03-20,New
14886,Sanjay,Martin,Pune,Delhi,2023-11-06,Premium
14887,Meera,Martin,Vijayawada,Rajasthan,2022-02-09,New
14888,Neha,Patel,Chennai,West Bengal,2024-09-11,Regular
14889,Rohan,Martin,Bengaluru,Andhra Pradesh,2024-02-19,Regular
14890,Priya,Sharma,Pune,Andhra Pradesh,2022-12-13,Premium
14891,Emma,Martin,Visakhapatnam,West Bengal,2025-01-25,Regular
14892,Sneha,Taylor,Bengaluru,Maharashtra,2021-12-25,Premium
14893,Arjun,Thomas,Mumbai,Tamil Nadu,2025-05-14,Regular
14894,Aarav,Wilson,Kolkata,Tamil Nadu,2022-04-10,Regular
14895,Priya,Nair,Pune,Tamil Nadu,2024-11-22,Regular
14896,Ananya,Nair,Kolkata,Tamil Nadu,2024-09-29,New
14897,Olivia,Smith,Delhi,Tamil Nadu,2023-06-20,Regular
14898,Sneha,Mehta,Visakhapatnam,Delhi,2021-07-15,Regular
14899,Riya,Rao,Visakhapatnam,Tamil Nadu,2024-04-16,Regular
14900,Sneha,Mehta,Pune,Tamil Nadu,2024-01-23,Regular
14901,Rohan,Brown,Pune,West Bengal,2024-10-16,Regular
14902,Meera,Singh,Chennai,Tamil Nadu,2021-12-28,Regular
14903,Kavya,Wilson,Pune,Telangana,2022-01-18,New
14904,Aisha,Rao,Visakhapatnam,Telangana,2022-07-20,New
14905,Vikram,Gupta,Delhi,Andhra Pradesh,2022-08-14,Regular
14906,Kavya,Verma,Kolkata,Rajasthan,2021-01-05,New
14907,Aditya,Kumar,Pune,West Bengal,2021-09-03,Premium
14908,Riya,Wilson,Vijayawada,Telangana,2023-02-06,New
14909,Riya,Martin,Vijayawada,Delhi,2025-03-28,New
14910,Kavya,White,Delhi,Tamil Nadu,2021-07-25,Regular
14911,Daniel,Gupta,Jaipur,Tamil Nadu,2022-01-21,New
14912,Neha,Brown,Visakhapatnam,Rajasthan,2024-10-07,Regular
14913,Aarav,Brown,Bengaluru,Andhra Pradesh,2021-03-04,New
14914,Kavya,Martin,Chennai,West Bengal,2021-06-06,New
14915,Riya,Wilson,Jaipur,Delhi,2024-11-24,Regular
14916,Rahul,Clark,Pune,Delhi,2022-02-05,Regular
14917,Rahul,Lewis,Mumbai,Rajasthan,2022-05-08,Regular
14918,Aditya,Kumar,Vijayawada,West Bengal,2021-01-24,New
14919,Emma,Nair,Kolkata,Delhi,2022-10-13,Regular
14920,Neha,Taylor,Bengaluru,Telangana,2025-05-08,Regular
14921,Sophia,Brown,Hyderabad,Rajasthan,2025-04-26,New
14922,Olivia,Mehta,Visakhapatnam,Andhra Pradesh,2023-10-24,Regular
14923,Sneha,Patel,Vijayawada,Tamil Nadu,2023-12-17,Regular
14924,Meera,Smith,Mumbai,Tamil Nadu,2023-10-27,Premium
14925,Rohan,Martin,Visakhapatnam,Rajasthan,2024-01-17,Regular
14926,Arjun,Sharma,Bengaluru,Rajasthan,2023-04-11,Regular
14927,Kiran,Smith,Visakhapatnam,Maharashtra,2021-11-26,New
14928,Sneha,Walker,Hyderabad,Karnataka,2024-10-20,Regular
14929,Vikram,Smith,Kolkata,Andhra Pradesh,2024-11-08,Regular
14930,Sanjay,White,Visakhapatnam,West Bengal,2021-08-19,Regular
14931,Aarav,Nair,Kolkata,Rajasthan,2021-06-01,Regular
14932,Aisha,Sharma,Vijayawada,Delhi,2024-06-22,New
14933,Olivia,Taylor,Mumbai,Delhi,2021-03-18,Regular
14934,Emma,Singh,Chennai,Karnataka,2024-07-15,Regular
14935,Kiran,Sharma,Chennai,Delhi,2025-04-20,New
14936,Sneha,Patel,Bengaluru,Tamil Nadu,2021-02-27,Regular
14937,Sophia,Walker,Chennai,Karnataka,2024-07-02,Regular
14938,Sneha,Thomas,Chennai,Andhra Pradesh,2021-08-01,Regular
14939,Aditya,Gupta,Vijayawada,Tamil Nadu,2022-04-10,Premium
14940,Rohan,Smith,Chennai,Karnataka,2023-05-26,New
14941,Aisha,Rao,Bengaluru,Rajasthan,2023-12-25,New
14942,Ananya,Patel,Vijayawada,Rajasthan,2021-05-25,New
14943,Emma,White,Delhi,Maharashtra,2021-06-24,Premium
14944,Olivia,Clark,Chennai,Tamil Nadu,2022-03-28,New
14945,Aarav,Nair,Vijayawada,Karnataka,2023-12-27,Regular
14946,Aisha,Nair,Chennai,West Bengal,2022-10-08,Regular
14947,Kiran,Clark,Vijayawada,Delhi,2022-03-17,Regular
14948,Neha,Mehta,Hyderabad,Delhi,2021-09-09,New
14949,Aditya,Nair,Delhi,Andhra Pradesh,2025-03-30,New
14950,Kiran,Nair,Delhi,Maharashtra,2024-02-01,Premium
14951,Rohan,Verma,Mumbai,West Bengal,2025-04-27,Regular
14952,Arjun,Brown,Kolkata,West Bengal,2023-03-04,New
14953,Riya,Sharma,Mumbai,Andhra Pradesh,2024-08-02,New
14954,Rahul,Mehta,Kolkata,West Bengal,2023-10-21,Regular
14955,Kiran,Verma,Chennai,Telangana,2023-04-21,Premium
14956,Vikram,Gupta,Delhi,Delhi,2023-01-29,Regular
14957,Vikram,Nair,Vijayawada,Rajasthan,2023-03-12,Regular
14958,Kiran,Verma,Jaipur,Delhi,2022-10-22,Regular
14959,Daniel,Nair,Mumbai,Delhi,2023-10-21,New
14960,Daniel,Walker,Pune,Delhi,2023-02-27,Premium
14961,Kiran,Brown,Pune,Delhi,2025-04-03,New
14962,Neha,Brown,Visakhapatnam,Maharashtra,2024-12-10,New
14963,Sophia,Gupta,Jaipur,Rajasthan,2023-01-13,New
14964,Sanjay,Walker,Kolkata,Telangana,2022-09-26,New
14965,Daniel,Sharma,Visakhapatnam,Andhra Pradesh,2024-04-29,Regular
14966,Rahul,Smith,Hyderabad,Karnataka,2023-10-25,Regular
14967,Sanjay,Patel,Vijayawada,Karnataka,2022-01-06,Regular
14968,Rohan,Thomas,Visakhapatnam,Delhi,2024-08-27,Regular
14969,Aarav,Nair,Vijayawada,West Bengal,2023-12-28,New
14970,Emma,Gupta,Delhi,Rajasthan,2023-09-21,Regular
14971,Olivia,Reddy,Visakhapatnam,Tamil Nadu,2024-06-05,Regular
14972,Kiran,Thomas,Kolkata,Telangana,2021-12-28,Regular
14973,Emma,Nair,Visakhapatnam,Tamil Nadu,2024-07-03,New
14974,Riya,Gupta,Bengaluru,Delhi,2021-07-15,Regular
14975,Emma,Clark,Kolkata,Tamil Nadu,2024-06-23,New
14976,Emma,Sharma,Pune,Tamil Nadu,2023-08-04,New
14977,Sneha,Mehta,Visakhapatnam,Rajasthan,2023-07-21,New
14978,Rahul,Patel,Visakhapatnam,Delhi,2024-03-09,Regular
14979,Daniel,Kumar,Visakhapatnam,West Bengal,2022-05-13,New
14980,Kavya,Sharma,Chennai,West Bengal,2024-05-14,New
14981,Daniel,Patel,Pune,Maharashtra,2021-02-10,Regular
14982,Sophia,Walker,Hyderabad,West Bengal,2024-01-16,New
14983,Vikram,Verma,Jaipur,Rajasthan,2024-06-25,New
14984,Ananya,White,Chennai,West Bengal,2021-01-06,Regular
14985,Vikram,Gupta,Kolkata,Tamil Nadu,2024-01-17,Regular
14986,Arjun,Thomas,Pune,Andhra Pradesh,2024-05-23,New
14987,Sophia,Reddy,Jaipur,Karnataka,2023-04-16,New
14988,Daniel,Kumar,Visakhapatnam,Telangana,2023-08-26,Regular
14989,Daniel,Sharma,Vijayawada,Maharashtra,2021-04-06,Premium
14990,Olivia,Lewis,Kolkata,Delhi,2025-05-01,Regular
14991,Kavya,Taylor,Bengaluru,Maharashtra,2025-03-27,New
14992,Neha,Martin,Jaipur,Tamil Nadu,2024-05-08,Premium
14993,Sophia,Walker,Hyderabad,Tamil Nadu,2021-01-25,Regular
14994,Sneha,Rao,Pune,Rajasthan,2022-11-20,Regular
14995,Kavya,Martin,Mumbai,Tamil Nadu,2024-08-01,Premium
14996,Sanjay,Brown,Mumbai,Andhra Pradesh,2023-12-18,Regular
14997,Aisha,Brown,Jaipur,Tamil Nadu,2024-12-18,Regular
14998,Emma,Taylor,Chennai,Telangana,2023-09-13,Regular
14999,Meera,Mehta,Delhi,Telangana,2024-02-17,Premium
15000,Priya,Sharma,Chennai,Karnataka,2022-06-24,New
15001,Vikram,Reddy,Jaipur,Andhra Pradesh,2024-07-24,New
15002,Aarav,Brown,Vijayawada,Maharashtra,2023-05-04,Regular
15003,Kavya,Smith,Pune,West Bengal,2024-07-04,Premium
15004,Meera,Martin,Hyderabad,Rajasthan,2021-11-24,New
15005,Riya,Smith,Bengaluru,Telangana,2022-03-06,New
15006,Sophia,Patel,Chennai,Telangana,2021-05-21,Regular
15007,Priya,Nair,Pune,Rajasthan,2023-12-17,New
15008,Emma,Verma,Visakhapatnam,Delhi,2024-03-18,Regular
15009,Aisha,White,Bengaluru,Delhi,2022-03-30,Regular
15010,Aditya,Brown,Delhi,Tamil Nadu,2022-09-07,Regular
15011,Emma,Wilson,Mumbai,Andhra Pradesh,2023-07-01,Regular
15012,Arjun,Martin,Hyderabad,West Bengal,2024-04-24,Regular
15013,Sneha,Nair,Kolkata,Tamil Nadu,2022-04-30,Regular
15014,Daniel,White,Vijayawada,West Bengal,2023-02-21,New
15015,Meera,Taylor,Jaipur,Telangana,2021-10-24,Regular
15016,Daniel,Clark,Delhi,Karnataka,2024-07-19,Regular
15017,Arjun,Martin,Mumbai,Karnataka,2024-10-29,New
15018,Neha,Wilson,Visakhapatnam,Andhra Pradesh,2024-03-29,New
15019,Riya,Sharma,Chennai,West Bengal,2024-07-28,Regular
15020,Kavya,Smith,Kolkata,Telangana,2024-05-07,Regular
15021,Olivia,Kumar,Jaipur,Rajasthan,2024-08-30,Regular
15022,Priya,Wilson,Hyderabad,Andhra Pradesh,2022-11-18,New
15023,Meera,Martin,Jaipur,Maharashtra,2021-11-25,New
15024,Ananya,Brown,Chennai,Karnataka,2025-03-18,Premium
15025,Olivia,Rao,Pune,Maharashtra,2021-01-04,New
15026,Rahul,Reddy,Chennai,Delhi,2022-10-11,Premium
15027,Aditya,Taylor,Bengaluru,West Bengal,2024-03-08,Regular
15028,Arjun,Taylor,Vijayawada,Tamil Nadu,2024-06-23,Regular
15029,Aisha,Mehta,Pune,Telangana,2024-01-02,New
15030,Sanjay,Martin,Delhi,Delhi,2023-02-23,Premium
15031,Rohan,Thomas,Pune,West Bengal,2025-01-15,Premium
15032,Emma,Brown,Vijayawada,Tamil Nadu,2022-01-12,Regular
15033,Kiran,Sharma,Jaipur,West Bengal,2021-08-16,Regular
15034,Rahul,Lewis,Delhi,Delhi,2023-10-04,Regular
15035,Aarav,Mehta,Bengaluru,Delhi,2022-05-28,New
15036,Sanjay,Taylor,Mumbai,Telangana,2023-01-21,Premium
15037,Daniel,Walker,Pune,Tamil Nadu,2023-01-02,New
15038,Neha,Nair,Bengaluru,Tamil Nadu,2022-02-27,Regular
15039,Sophia,Wilson,Chennai,Andhra Pradesh,2025-05-17,Regular
15040,Sanjay,Sharma,Chennai,Andhra Pradesh,2022-09-05,Regular
15041,Kiran,Lewis,Jaipur,Andhra Pradesh,2023-12-09,Regular
15042,Vikram,Reddy,Pune,Maharashtra,2021-09-13,Regular
15043,Kiran,Brown,Visakhapatnam,Tamil Nadu,2025-05-05,New
15044,Sneha,Nair,Delhi,Maharashtra,2025-04-29,New
15045,Emma,Sharma,Delhi,Andhra Pradesh,2021-04-21,New
15046,Kiran,Mehta,Jaipur,Delhi,2023-10-27,Premium
15047,Riya,Walker,Kolkata,Delhi,2023-08-10,New
15048,Kavya,Patel,Chennai,Maharashtra,2021-10-05,Premium
15049,Aditya,Gupta,Chennai,West Bengal,2024-05-16,New
15050,Daniel,Patel,Kolkata,Andhra Pradesh,2024-05-08,Premium
15051,Ananya,Kumar,Hyderabad,West Bengal,2024-09-12,Regular
15052,Vikram,Singh,Bengaluru,Maharashtra,2023-08-22,Regular
15053,Sophia,Smith,Hyderabad,Andhra Pradesh,2024-02-06,Regular
15054,Daniel,Thomas,Vijayawada,Rajasthan,2024-03-02,Regular
15055,Aarav,Taylor,Pune,Andhra Pradesh,2024-05-12,Regular
15056,Daniel,Thomas,Hyderabad,Rajasthan,2023-07-25,New
15057,Daniel,Martin,Vijayawada,Tamil Nadu,2024-04-06,Premium
15058,Emma,Nair,Kolkata,Maharashtra,2021-04-07,Regular
15059,Aditya,Walker,Vijayawada,Karnataka,2023-09-16,New
15060,Kavya,Patel,Bengaluru,Tamil Nadu,2021-11-22,New
15061,Neha,Taylor,Visakhapatnam,West Bengal,2022-10-14,Regular
15062,Kavya,Kumar,Bengaluru,West Bengal,2024-05-14,Premium
15063,Kavya,Thomas,Delhi,Telangana,2021-07-02,Regular
15064,Kavya,Reddy,Delhi,Andhra Pradesh,2024-04-21,New
15065,Neha,Singh,Chennai,Karnataka,2022-02-20,Regular
15066,Meera,Nair,Mumbai,Karnataka,2024-04-21,New
15067,Neha,Taylor,Hyderabad,Delhi,2024-05-11,New
15068,Aarav,Sharma,Pune,Karnataka,2021-01-25,Regular
15069,Aarav,Gupta,Kolkata,Rajasthan,2022-01-10,New
15070,Sophia,Rao,Mumbai,Karnataka,2024-07-12,Regular
15071,Daniel,Martin,Delhi,Karnataka,2022-07-02,New
15072,Sneha,White,Jaipur,Andhra Pradesh,2022-12-04,New
15073,Vikram,Wilson,Chennai,Tamil Nadu,2021-01-26,New
15074,Riya,Brown,Chennai,West Bengal,2024-01-15,New
15075,Rahul,Rao,Bengaluru,West Bengal,2021-05-30,Regular
15076,Kiran,Clark,Delhi,Karnataka,2022-03-12,Premium
15077,Rohan,Kumar,Chennai,Delhi,2023-02-02,New
15078,Aarav,Kumar,Visakhapatnam,Delhi,2024-05-16,Premium
15079,Emma,Singh,Chennai,Telangana,2023-03-09,Regular
15080,Neha,Gupta,Kolkata,Andhra Pradesh,2025-04-21,New
15081,Rohan,Mehta,Bengaluru,Andhra Pradesh,2023-04-16,New
15082,Neha,Walker,Mumbai,Rajasthan,2022-02-10,New
15083,Aarav,Taylor,Bengaluru,Telangana,2021-11-02,Regular
15084,Ananya,Nair,Delhi,Karnataka,2024-06-08,Regular
15085,Neha,Singh,Hyderabad,Andhra Pradesh,2023-01-06,New
15086,Rohan,Wilson,Hyderabad,Tamil Nadu,2023-08-26,New
15087,Emma,Gupta,Delhi,West Bengal,2022-08-16,New
15088,Sanjay,White,Delhi,Tamil Nadu,2022-03-13,Regular
15089,Rahul,Mehta,Mumbai,Karnataka,2023-08-18,New
15090,Neha,Smith,Pune,Delhi,2022-04-16,Regular
15091,Olivia,Walker,Pune,Karnataka,2025-05-19,Regular
15092,Kiran,Rao,Vijayawada,Karnataka,2024-03-16,Regular
15093,Aarav,Mehta,Pune,Delhi,2024-08-04,New
15094,Sophia,Brown,Visakhapatnam,Karnataka,2022-03-31,Regular
15095,Ananya,Gupta,Chennai,Karnataka,2021-02-16,Regular
15096,Vikram,Reddy,Bengaluru,Andhra Pradesh,2021-03-18,Regular
15097,Kavya,Gupta,Pune,Delhi,2024-10-06,Regular
15098,Rohan,Kumar,Hyderabad,Delhi,2024-10-30,Regular
15099,Daniel,Taylor,Kolkata,Karnataka,2023-12-24,New
15100,Aditya,Sharma,Mumbai,Karnataka,2023-08-01,Regular
15101,Sneha,Rao,Mumbai,Maharashtra,2021-12-01,Regular
15102,Neha,Lewis,Delhi,Maharashtra,2024-04-28,Regular
15103,Sanjay,Smith,Hyderabad,Maharashtra,2023-04-07,Regular
15104,Priya,Taylor,Mumbai,Karnataka,2023-08-24,Premium
15105,Rahul,Taylor,Jaipur,Rajasthan,2021-02-08,Premium
15106,Kavya,Gupta,Kolkata,Tamil Nadu,2023-04-07,New
15107,Riya,Wilson,Delhi,Andhra Pradesh,2024-01-15,New
15108,Sophia,Singh,Delhi,Maharashtra,2024-05-16,Premium
15109,Rohan,Wilson,Pune,Maharashtra,2021-08-21,Regular
15110,Aditya,Taylor,Jaipur,Telangana,2021-02-21,Premium
15111,Neha,Lewis,Jaipur,West Bengal,2024-09-30,Regular
15112,Meera,Walker,Pune,Telangana,2022-05-15,Premium
15113,Sophia,Sharma,Jaipur,West Bengal,2023-01-27,New
15114,Aarav,Gupta,Hyderabad,Rajasthan,2023-10-01,Regular
15115,Sanjay,Brown,Mumbai,Tamil Nadu,2023-02-26,Regular
15116,Aditya,Rao,Mumbai,Rajasthan,2025-02-19,New
15117,Aditya,Wilson,Kolkata,West Bengal,2024-09-09,New
15118,Priya,Lewis,Kolkata,Telangana,2022-09-22,New
15119,Olivia,Gupta,Pune,Karnataka,2021-11-02,New
15120,Aarav,Lewis,Chennai,West Bengal,2025-04-10,Premium
15121,Emma,Lewis,Delhi,West Bengal,2024-02-08,Premium
15122,Kavya,Walker,Chennai,Telangana,2024-04-23,Premium
15123,Kavya,Reddy,Pune,West Bengal,2023-01-13,Premium
15124,Meera,Gupta,Mumbai,Andhra Pradesh,2023-02-15,Regular
15125,Rahul,Kumar,Visakhapatnam,Telangana,2021-10-18,Premium
15126,Aisha,Kumar,Vijayawada,Rajasthan,2022-11-18,New
15127,Sanjay,Reddy,Bengaluru,Delhi,2023-05-19,New
15128,Neha,Verma,Jaipur,Delhi,2021-07-27,Premium
15129,Meera,Reddy,Kolkata,Telangana,2023-10-14,Regular
15130,Kavya,Gupta,Mumbai,Delhi,2023-09-12,Regular
15131,Rohan,White,Delhi,Maharashtra,2024-09-07,Regular
15132,Kiran,Lewis,Bengaluru,Tamil Nadu,2021-03-25,New
15133,Priya,Walker,Hyderabad,Andhra Pradesh,2021-12-28,New
15134,Aarav,Sharma,Pune,Karnataka,2022-11-18,Regular
15135,Aisha,Taylor,Vijayawada,Telangana,2024-11-08,Regular
15136,Arjun,Wilson,Mumbai,Maharashtra,2022-01-16,Regular
15137,Priya,Kumar,Mumbai,West Bengal,2025-04-05,Regular
15138,Meera,Walker,Jaipur,Karnataka,2025-03-11,Regular
15139,Arjun,Verma,Jaipur,Rajasthan,2021-06-01,Regular
15140,Sophia,White,Pune,West Bengal,2022-08-05,Regular
15141,Kiran,Kumar,Hyderabad,Rajasthan,2022-02-19,Regular
15142,Aarav,Taylor,Kolkata,Maharashtra,2023-02-22,Premium
15143,Meera,Kumar,Vijayawada,Telangana,2025-01-18,Regular
15144,Sneha,Walker,Jaipur,Karnataka,2022-08-24,Premium
15145,Kavya,Wilson,Jaipur,Delhi,2023-11-27,Regular
15146,Riya,Reddy,Kolkata,Delhi,2021-08-08,Premium
15147,Priya,Singh,Bengaluru,West Bengal,2023-07-02,Regular
15148,Emma,Nair,Chennai,Andhra Pradesh,2022-07-19,Regular
15149,Kiran,Sharma,Vijayawada,Andhra Pradesh,2025-01-08,Regular
15150,Neha,Sharma,Kolkata,Delhi,2024-05-31,Regular
15151,Vikram,Walker,Pune,Telangana,2021-12-11,New
15152,Kavya,White,Pune,Delhi,2023-09-21,New
15153,Aditya,Brown,Vijayawada,Andhra Pradesh,2022-07-02,New
15154,Meera,Walker,Pune,Andhra Pradesh,2022-12-01,Regular
15155,Emma,Taylor,Bengaluru,Andhra Pradesh,2023-01-11,New
15156,Olivia,Sharma,Jaipur,Telangana,2024-08-05,Regular
15157,Daniel,Martin,Mumbai,Maharashtra,2022-04-10,New
15158,Rahul,Sharma,Chennai,Delhi,2021-01-07,New
15159,Rahul,Clark,Hyderabad,Karnataka,2021-11-05,Regular
15160,Daniel,Nair,Pune,Maharashtra,2024-08-15,Premium
15161,Kiran,Kumar,Jaipur,Telangana,2022-04-20,Regular
15162,Aarav,Gupta,Bengaluru,Karnataka,2021-04-06,Premium
15163,Aditya,Taylor,Chennai,Telangana,2022-10-03,New
15164,Emma,Clark,Bengaluru,Rajasthan,2024-10-24,Regular
15165,Kiran,Smith,Hyderabad,Andhra Pradesh,2024-10-29,New
15166,Arjun,Patel,Kolkata,Maharashtra,2025-02-25,New
15167,Aisha,Walker,Chennai,Telangana,2023-12-31,New
15168,Vikram,Thomas,Vijayawada,Tamil Nadu,2024-08-03,New
15169,Kiran,Verma,Pune,Maharashtra,2024-05-21,Regular
15170,Aarav,Smith,Kolkata,Karnataka,2021-02-01,Regular
15171,Kavya,White,Hyderabad,West Bengal,2022-10-31,New
15172,Ananya,Nair,Mumbai,Rajasthan,2023-04-22,Premium
15173,Olivia,Sharma,Pune,Andhra Pradesh,2023-01-13,Regular
15174,Rohan,Kumar,Hyderabad,Andhra Pradesh,2024-08-19,New
15175,Sanjay,Wilson,Pune,Andhra Pradesh,2025-04-21,Regular
15176,Vikram,White,Pune,Telangana,2023-05-23,New
15177,Sanjay,Martin,Pune,Delhi,2021-06-04,Regular
15178,Priya,Wilson,Delhi,Delhi,2022-07-30,Regular
15179,Arjun,Rao,Vijayawada,Telangana,2021-11-13,New
15180,Ananya,Verma,Vijayawada,Karnataka,2023-01-24,New
15181,Olivia,Sharma,Hyderabad,Delhi,2022-01-10,New
15182,Riya,Nair,Kolkata,West Bengal,2021-05-10,Regular
15183,Kavya,Wilson,Jaipur,Karnataka,2021-10-02,Regular
15184,Olivia,Walker,Visakhapatnam,Maharashtra,2023-03-06,Premium
15185,Riya,Walker,Mumbai,Telangana,2021-08-15,New
15186,Meera,Clark,Vijayawada,Telangana,2021-02-14,New
15187,Olivia,Sharma,Visakhapatnam,Delhi,2022-03-25,New
15188,Rahul,Clark,Mumbai,Delhi,2023-10-28,Regular
15189,Emma,Singh,Visakhapatnam,Andhra Pradesh,2023-10-07,Regular
15190,Aditya,Wilson,Kolkata,Rajasthan,2022-09-17,Premium
15191,Aisha,Walker,Vijayawada,Karnataka,2023-11-28,Regular
15192,Daniel,Lewis,Vijayawada,Tamil Nadu,2021-11-03,New
15193,Priya,Taylor,Vijayawada,Andhra Pradesh,2024-03-02,Premium
15194,Arjun,Gupta,Jaipur,Telangana,2021-01-28,Regular
15195,Kiran,Brown,Visakhapatnam,Andhra Pradesh,2021-08-05,New
15196,Ananya,Martin,Pune,Rajasthan,2025-01-15,Premium
15197,Daniel,Brown,Delhi,Telangana,2023-01-19,Regular
15198,Daniel,Verma,Kolkata,Karnataka,2023-06-10,Regular
15199,Sneha,Verma,Visakhapatnam,West Bengal,2022-09-28,Regular
15200,Sophia,Smith,Mumbai,Maharashtra,2023-11-02,New
15201,Ananya,Sharma,Mumbai,Rajasthan,2024-04-11,Regular
15202,Ananya,White,Vijayawada,Delhi,2024-05-31,Regular
15203,Emma,Kumar,Jaipur,West Bengal,2022-02-03,Premium
15204,Meera,White,Jaipur,Karnataka,2023-09-30,New
15205,Neha,Sharma,Bengaluru,Tamil Nadu,2024-06-09,Regular
15206,Priya,Brown,Jaipur,Karnataka,2022-10-23,Regular
15207,Aisha,Verma,Vijayawada,Karnataka,2022-09-04,Regular
15208,Riya,Smith,Bengaluru,Telangana,2023-10-02,Regular
15209,Priya,Verma,Hyderabad,Rajasthan,2023-07-08,Regular
15210,Aarav,Lewis,Chennai,Telangana,2022-02-09,Regular
15211,Rahul,Sharma,Jaipur,Delhi,2025-03-13,Regular
15212,Rahul,White,Vijayawada,Delhi,2023-06-18,New
15213,Priya,Taylor,Delhi,Telangana,2023-06-23,Regular
15214,Kavya,Thomas,Kolkata,Andhra Pradesh,2021-11-25,Regular
15215,Emma,Kumar,Pune,Delhi,2023-12-17,Regular
15216,Sanjay,Reddy,Jaipur,Karnataka,2025-01-07,Regular
15217,Riya,Nair,Bengaluru,Karnataka,2024-03-07,Regular
15218,Meera,Rao,Mumbai,West Bengal,2023-03-27,New
15219,Arjun,Thomas,Chennai,Delhi,2023-10-16,New
15220,Kiran,Lewis,Visakhapatnam,Maharashtra,2022-01-10,New
15221,Rohan,Verma,Delhi,Maharashtra,2021-04-07,Regular
15222,Olivia,Thomas,Kolkata,Telangana,2023-10-21,Regular
15223,Daniel,Reddy,Jaipur,Telangana,2021-10-18,Premium
15224,Emma,Martin,Bengaluru,Delhi,2021-05-25,Regular
15225,Neha,Reddy,Jaipur,Tamil Nadu,2024-05-24,Regular
15226,Priya,Taylor,Bengaluru,Tamil Nadu,2022-11-26,Regular
15227,Rohan,Nair,Vijayawada,Maharashtra,2024-09-27,Regular
15228,Riya,Verma,Vijayawada,Delhi,2024-10-17,Regular
15229,Arjun,Gupta,Visakhapatnam,Tamil Nadu,2021-07-16,Regular
15230,Aditya,Verma,Bengaluru,Tamil Nadu,2024-05-13,Regular
15231,Rahul,Lewis,Jaipur,Tamil Nadu,2022-06-20,Premium
15232,Priya,Clark,Vijayawada,West Bengal,2024-01-31,Regular
15233,Aditya,Rao,Bengaluru,Telangana,2021-03-12,New
15234,Vikram,Gupta,Delhi,Rajasthan,2023-01-23,Regular
15235,Kiran,Brown,Visakhapatnam,Delhi,2023-10-03,Premium
15236,Olivia,Taylor,Pune,Karnataka,2022-12-17,New
15237,Sneha,Patel,Mumbai,Andhra Pradesh,2023-06-02,Premium
15238,Emma,Martin,Chennai,Rajasthan,2021-01-19,Premium
15239,Daniel,Walker,Delhi,Telangana,2021-01-12,Regular
15240,Daniel,Clark,Jaipur,Karnataka,2023-08-19,New
15241,Kiran,Brown,Kolkata,Karnataka,2022-10-28,New
15242,Olivia,Rao,Vijayawada,Telangana,2023-07-13,New
15243,Daniel,Rao,Vijayawada,West Bengal,2022-07-30,Regular
15244,Sophia,Martin,Vijayawada,Karnataka,2021-01-09,Regular
15245,Kiran,Mehta,Pune,Maharashtra,2024-01-26,Premium
15246,Sanjay,Kumar,Vijayawada,Andhra Pradesh,2021-08-08,New
15247,Sneha,Taylor,Mumbai,Delhi,2024-06-09,Regular
15248,Daniel,Kumar,Delhi,West Bengal,2021-01-20,Regular
15249,Daniel,White,Mumbai,Telangana,2025-01-26,Regular
15250,Sneha,Verma,Jaipur,Rajasthan,2022-02-10,Regular
15251,Rahul,Rao,Vijayawada,Telangana,2024-11-29,Premium
15252,Ananya,Reddy,Delhi,West Bengal,2021-01-07,Regular
15253,Aisha,Patel,Pune,West Bengal,2022-12-22,New
15254,Sneha,Walker,Delhi,Maharashtra,2022-10-30,Regular
15255,Rohan,Brown,Vijayawada,Andhra Pradesh,2021-09-20,New
15256,Rohan,Walker,Chennai,Rajasthan,2023-02-02,Premium
15257,Arjun,White,Visakhapatnam,Telangana,2021-12-11,Premium
15258,Aditya,Sharma,Chennai,Rajasthan,2022-12-01,New
15259,Meera,Nair,Bengaluru,Karnataka,2022-08-23,Regular
15260,Sanjay,Clark,Vijayawada,Andhra Pradesh,2021-11-16,Regular
15261,Sophia,Mehta,Vijayawada,Andhra Pradesh,2024-06-15,Regular
15262,Arjun,Brown,Mumbai,Delhi,2023-04-18,Regular
15263,Sneha,Smith,Kolkata,Andhra Pradesh,2024-09-03,Premium
15264,Priya,Martin,Vijayawada,Andhra Pradesh,2024-07-26,New
15265,Emma,Walker,Vijayawada,Delhi,2022-02-24,Regular
15266,Olivia,Lewis,Jaipur,Karnataka,2022-04-11,New
15267,Neha,Wilson,Visakhapatnam,Maharashtra,2025-03-03,New
15268,Kavya,Smith,Pune,Rajasthan,2022-05-16,Premium
15269,Meera,Nair,Chennai,Karnataka,2021-06-01,Regular
15270,Neha,Kumar,Hyderabad,Rajasthan,2023-05-19,Regular
15271,Vikram,Martin,Delhi,Karnataka,2025-03-27,New
15272,Ananya,Sharma,Kolkata,West Bengal,2022-01-10,Premium
15273,Sanjay,Taylor,Kolkata,West Bengal,2023-10-18,New
15274,Priya,Mehta,Hyderabad,Karnataka,2022-06-25,Regular
15275,Kavya,Thomas,Vijayawada,Maharashtra,2022-09-08,New
15276,Sanjay,Walker,Vijayawada,Karnataka,2022-12-25,Regular
15277,Sanjay,Smith,Vijayawada,Tamil Nadu,2021-08-18,Regular
15278,Emma,Smith,Delhi,Rajasthan,2022-09-11,New
15279,Kiran,Mehta,Hyderabad,Telangana,2022-03-13,Regular
15280,Vikram,Nair,Pune,Andhra Pradesh,2024-08-02,Regular
15281,Aisha,Reddy,Kolkata,West Bengal,2021-12-31,Regular
15282,Aisha,Sharma,Delhi,West Bengal,2024-09-20,Regular
15283,Emma,Martin,Delhi,Tamil Nadu,2021-01-27,Premium
15284,Riya,Walker,Delhi,Rajasthan,2022-10-07,New
15285,Sophia,Reddy,Delhi,Tamil Nadu,2022-03-06,New
15286,Sneha,Rao,Mumbai,Delhi,2022-12-18,New
15287,Aditya,Wilson,Kolkata,Telangana,2024-05-18,New
15288,Olivia,Martin,Chennai,Rajasthan,2025-03-12,Regular
15289,Aditya,Martin,Pune,West Bengal,2024-03-10,New
15290,Aditya,Taylor,Pune,Karnataka,2023-03-16,New
15291,Emma,Reddy,Vijayawada,West Bengal,2023-03-31,New
15292,Olivia,Gupta,Visakhapatnam,Karnataka,2025-05-08,Regular
15293,Rohan,Mehta,Kolkata,Maharashtra,2025-05-06,Regular
15294,Aisha,Reddy,Bengaluru,Delhi,2024-05-05,Regular
15295,Daniel,Rao,Kolkata,Rajasthan,2021-09-20,Premium
15296,Riya,Nair,Mumbai,Tamil Nadu,2022-02-27,New
15297,Aarav,White,Hyderabad,Telangana,2022-03-12,Regular
15298,Meera,Rao,Bengaluru,Maharashtra,2022-01-02,New
15299,Vikram,White,Jaipur,Rajasthan,2025-03-29,Regular
15300,Emma,Martin,Pune,Andhra Pradesh,2021-09-12,New
15301,Arjun,Taylor,Chennai,Telangana,2024-09-26,Premium
15302,Sophia,Clark,Bengaluru,Telangana,2024-07-13,Regular
15303,Vikram,Clark,Kolkata,Andhra Pradesh,2023-04-26,Regular
15304,Ananya,Singh,Vijayawada,West Bengal,2022-05-06,Regular
15305,Sanjay,Verma,Mumbai,Delhi,2022-03-02,Regular
15306,Emma,Brown,Bengaluru,Telangana,2023-12-18,New
15307,Kiran,White,Mumbai,Tamil Nadu,2023-12-10,Premium
15308,Aisha,Sharma,Kolkata,Andhra Pradesh,2023-05-15,Regular
15309,Arjun,Mehta,Bengaluru,Karnataka,2023-06-29,New
15310,Priya,Singh,Chennai,Karnataka,2024-08-14,New
15311,Daniel,Singh,Hyderabad,Maharashtra,2024-04-22,New
15312,Daniel,Thomas,Pune,West Bengal,2024-04-16,Regular
15313,Sanjay,Singh,Bengaluru,Andhra Pradesh,2022-03-25,Regular
15314,Kiran,Thomas,Bengaluru,Delhi,2021-04-12,Regular
15315,Ananya,White,Bengaluru,Maharashtra,2023-01-04,New
15316,Sneha,Thomas,Vijayawada,Maharashtra,2022-06-26,Premium
15317,Neha,Patel,Pune,Telangana,2022-06-20,New
15318,Rahul,Kumar,Jaipur,Tamil Nadu,2023-04-13,New
15319,Riya,Verma,Mumbai,Karnataka,2025-01-20,Premium
15320,Sanjay,Smith,Chennai,Telangana,2024-07-09,Regular
15321,Rohan,Thomas,Chennai,West Bengal,2023-12-17,Regular
15322,Emma,Verma,Jaipur,Tamil Nadu,2024-02-17,Premium
15323,Meera,Patel,Delhi,Delhi,2022-10-25,New
15324,Kiran,White,Mumbai,Karnataka,2023-05-30,New
15325,Daniel,Walker,Kolkata,Delhi,2022-11-25,New
15326,Kiran,Taylor,,Karnataka,2024-07-17,New
15327,Sneha,Taylor,Bengaluru,West Bengal,2025-05-04,Regular
15328,Sanjay,Walker,Vijayawada,West Bengal,2022-11-27,Regular
15329,Vikram,Mehta,Bengaluru,Tamil Nadu,2024-02-28,Regular
15330,Priya,Kumar,Bengaluru,Karnataka,2021-03-31,Regular
15331,Sneha,Wilson,Vijayawada,Andhra Pradesh,2022-10-05,New
15332,Emma,Mehta,Pune,Karnataka,2024-10-24,New
15333,Kiran,Thomas,Chennai,Karnataka,2024-01-04,Regular
15334,Olivia,Thomas,Hyderabad,Tamil Nadu,2023-04-23,Regular
15335,Kavya,Mehta,Delhi,Rajasthan,2021-12-09,Regular
15336,Arjun,Nair,Kolkata,Maharashtra,2024-07-17,Premium
15337,Aisha,Verma,Chennai,Tamil Nadu,2025-04-02,Premium
15338,Sneha,Wilson,Pune,Delhi,2022-09-20,Regular
15339,Kiran,Wilson,Mumbai,Tamil Nadu,2024-07-19,Regular
15340,Priya,Brown,Visakhapatnam,West Bengal,2023-07-31,Regular
15341,Rohan,Brown,Vijayawada,Maharashtra,2022-09-28,Premium
15342,Kavya,White,Chennai,Delhi,2022-06-14,Regular
15343,Sneha,Gupta,Delhi,Maharashtra,2023-03-16,Regular
15344,Ananya,Patel,Jaipur,Maharashtra,2022-10-18,New
15345,Aditya,Thomas,Mumbai,Maharashtra,2023-09-15,Regular
15346,Kiran,Walker,Bengaluru,Maharashtra,2021-08-24,Regular
15347,Priya,Wilson,Chennai,Rajasthan,2023-02-03,Regular
15348,Priya,Verma,Kolkata,Tamil Nadu,2024-04-01,Premium
15349,Rohan,Rao,Jaipur,Andhra Pradesh,2024-09-14,Regular
15350,Sneha,Mehta,Mumbai,West Bengal,2022-03-25,New
15351,Sanjay,Reddy,Hyderabad,Delhi,2023-08-19,New
15352,Neha,Brown,Bengaluru,Tamil Nadu,2022-04-28,Regular
15353,Rahul,Gupta,Pune,Maharashtra,2024-06-17,Regular
15354,Priya,Gupta,Hyderabad,Andhra Pradesh,2022-07-21,New
15355,Riya,Smith,Hyderabad,Karnataka,2023-12-14,Regular
15356,Emma,White,Kolkata,Delhi,2022-11-23,Regular
15357,Meera,Singh,Visakhapatnam,Andhra Pradesh,2022-03-04,New
15358,Aisha,Walker,Chennai,West Bengal,2023-07-11,New
15359,Arjun,Brown,Delhi,Karnataka,2023-09-26,New
15360,Rohan,White,Delhi,Delhi,2023-12-29,Regular
15361,Meera,Nair,Kolkata,Karnataka,2024-06-20,New
15362,Emma,White,Jaipur,Rajasthan,2023-12-18,New
15363,Sneha,Taylor,Visakhapatnam,Tamil Nadu,2024-09-24,Regular
15364,Olivia,Taylor,Mumbai,Maharashtra,2022-11-09,Regular
15365,Aditya,Smith,Jaipur,Andhra Pradesh,2023-03-25,Regular
15366,Vikram,Mehta,Hyderabad,Maharashtra,2023-02-11,Regular
15367,Arjun,Brown,Jaipur,Karnataka,2023-07-15,Regular
15368,Sneha,Lewis,Bengaluru,Rajasthan,2021-08-13,Regular
15369,Meera,Thomas,Bengaluru,West Bengal,2024-09-28,Premium
15370,Aditya,Sharma,Bengaluru,Delhi,2023-04-15,Regular
15371,Riya,Taylor,Bengaluru,Telangana,2023-06-05,Regular
15372,Aisha,Clark,Pune,Maharashtra,2024-11-04,New
15373,Kiran,Martin,Kolkata,Maharashtra,2023-01-14,Regular
15374,Sanjay,Mehta,Vijayawada,Tamil Nadu,2023-01-07,Premium
15375,Aisha,Rao,Hyderabad,Delhi,2023-06-24,New
15376,Meera,Taylor,Chennai,Karnataka,2025-02-09,New
15377,Vikram,Taylor,Bengaluru,Maharashtra,2022-02-10,Regular
15378,Aditya,Nair,Bengaluru,Andhra Pradesh,2021-09-07,Premium
15379,Priya,Verma,Vijayawada,West Bengal,2021-06-22,New
15380,Neha,Nair,Kolkata,Tamil Nadu,2024-03-25,Premium
15381,Vikram,Sharma,Chennai,Karnataka,2021-01-18,New
15382,Daniel,Sharma,Mumbai,Telangana,2024-02-07,Premium
15383,Kiran,Reddy,Jaipur,Tamil Nadu,2024-11-16,Premium
15384,Kiran,Verma,Delhi,Telangana,2023-12-27,Regular
15385,Arjun,Brown,Chennai,Karnataka,2021-09-30,Premium
15386,Olivia,Verma,Jaipur,Rajasthan,2023-11-27,Premium
15387,Sanjay,White,Bengaluru,Andhra Pradesh,2022-12-10,Premium
15388,Sophia,Singh,Chennai,Delhi,2021-02-05,Regular
15389,Priya,Nair,Kolkata,Andhra Pradesh,2021-11-13,Regular
15390,Olivia,Singh,Delhi,Maharashtra,2024-04-02,New
15391,Vikram,Gupta,Hyderabad,Delhi,2023-06-17,New
15392,Vikram,Smith,Visakhapatnam,Rajasthan,2023-03-11,Regular
15393,Emma,Rao,Chennai,Telangana,2024-05-27,New
15394,Emma,Rao,Kolkata,Tamil Nadu,2023-04-19,Premium
15395,Neha,Taylor,Mumbai,Telangana,2025-03-30,New
15396,Aarav,Clark,Vijayawada,Andhra Pradesh,2021-03-23,New
15397,Daniel,Singh,Visakhapatnam,Andhra Pradesh,2022-04-04,New
15398,Kiran,Kumar,Vijayawada,West Bengal,2021-10-29,New
15399,Daniel,Singh,Jaipur,Delhi,2022-10-25,New
15400,Olivia,Smith,Delhi,Maharashtra,2024-12-28,Regular
15401,Olivia,White,Hyderabad,Telangana,2022-10-17,New
15402,Meera,Patel,Delhi,Andhra Pradesh,2022-05-20,Regular
15403,Meera,Sharma,Pune,Rajasthan,2021-05-16,Regular
15404,Neha,Brown,Vijayawada,Rajasthan,2022-09-23,Regular
15405,Aarav,White,Chennai,Tamil Nadu,2022-01-02,Regular
15406,Kiran,Smith,Kolkata,Karnataka,2021-10-30,New
15407,Aisha,Walker,Pune,West Bengal,2021-08-03,New
15408,Emma,Wilson,Kolkata,Telangana,2023-10-09,Regular
15409,Sneha,Sharma,Pune,Telangana,2024-02-09,Regular
15410,Aisha,Verma,Mumbai,Andhra Pradesh,2024-03-31,New
15411,Aarav,Thomas,Chennai,Rajasthan,2021-03-27,Regular
15412,Priya,Brown,Visakhapatnam,Maharashtra,2025-01-14,New
15413,Neha,Patel,Hyderabad,Delhi,2023-03-23,New
15414,Olivia,Patel,Chennai,Delhi,2023-06-19,New
15415,Rohan,Taylor,Pune,Karnataka,2024-11-04,Regular
15416,Sanjay,Mehta,Bengaluru,Karnataka,2022-03-18,Regular
15417,Kiran,Smith,Jaipur,Tamil Nadu,2023-03-17,Regular
15418,Vikram,Nair,Mumbai,Andhra Pradesh,2021-04-24,New
15419,Sneha,Rao,Chennai,Maharashtra,2023-02-27,New
15420,Kavya,Taylor,Chennai,West Bengal,2022-03-02,New
15421,Emma,Sharma,Bengaluru,Karnataka,2021-10-19,Regular
15422,Sophia,Verma,Kolkata,Rajasthan,2023-09-17,Regular
15423,Arjun,Nair,Pune,Rajasthan,2021-07-28,Regular
15424,Sanjay,Thomas,Chennai,Maharashtra,2025-04-08,New
15425,Rohan,Martin,Visakhapatnam,Karnataka,2022-01-07,New
15426,Sanjay,Verma,Kolkata,Rajasthan,2021-05-07,New
15427,Emma,Gupta,,Andhra Pradesh,2022-12-16,Premium
15428,Rahul,Singh,Delhi,Delhi,2022-09-14,Regular
15429,Aarav,Singh,Kolkata,Tamil Nadu,2023-11-19,Regular
15430,Olivia,Gupta,Bengaluru,Delhi,2023-12-04,Regular
15431,Sophia,Thomas,Visakhapatnam,Tamil Nadu,2023-08-06,Regular
15432,Sanjay,Sharma,Chennai,West Bengal,2023-07-09,Regular
15433,Rohan,Sharma,Hyderabad,Andhra Pradesh,2024-05-28,Regular
15434,Neha,Brown,Delhi,Maharashtra,2023-11-09,Regular
15435,Neha,Singh,Visakhapatnam,Telangana,2021-08-12,New
15436,Sophia,Clark,Vijayawada,Delhi,2023-01-12,Regular
15437,Ananya,Thomas,Mumbai,Andhra Pradesh,2024-01-06,Premium
15438,Aarav,Thomas,Mumbai,Karnataka,2022-03-04,New
15439,Ananya,Mehta,Delhi,Rajasthan,2024-10-13,Regular
15440,Sneha,Verma,Chennai,Tamil Nadu,2023-02-12,Premium
15441,Neha,Verma,Visakhapatnam,West Bengal,2022-05-30,Regular
15442,Neha,Patel,Chennai,West Bengal,2022-09-03,Regular
15443,Daniel,Smith,Chennai,Karnataka,2023-09-18,New
15444,Emma,Lewis,Hyderabad,Telangana,2024-02-09,Regular
15445,Aditya,Gupta,Kolkata,Rajasthan,2022-02-14,Premium
15446,Kiran,Reddy,Hyderabad,West Bengal,2021-10-02,Premium
15447,Meera,Smith,Visakhapatnam,West Bengal,2021-05-27,New
15448,Ananya,Nair,Jaipur,Tamil Nadu,2023-03-05,Premium
15449,Ananya,Thomas,Bengaluru,Telangana,2025-01-23,Regular
15450,Vikram,Lewis,Hyderabad,Tamil Nadu,2025-03-15,Regular
15451,Aditya,White,Jaipur,Delhi,2023-06-15,New
15452,Aisha,Nair,Bengaluru,West Bengal,2023-05-01,New
15453,Emma,Walker,Pune,Tamil Nadu,2023-03-17,Regular
15454,Riya,Kumar,Visakhapatnam,Karnataka,2022-01-15,Regular
15455,Rohan,Nair,Bengaluru,Karnataka,2022-10-28,Premium
15456,Rahul,Gupta,Kolkata,Rajasthan,2025-02-06,New
15457,Vikram,Walker,Mumbai,West Bengal,2023-09-13,Premium
15458,Kiran,Wilson,Pune,Rajasthan,2022-01-26,Regular
15459,Neha,Nair,Jaipur,Telangana,2021-05-21,New
15460,Olivia,Patel,Kolkata,Maharashtra,2024-04-16,New
15461,Olivia,Thomas,Mumbai,Maharashtra,2024-12-15,Regular
15462,Aarav,Taylor,Jaipur,Maharashtra,2021-06-25,Regular
15463,Aisha,Lewis,Delhi,Maharashtra,2022-08-24,New
15464,Aditya,Verma,Hyderabad,Telangana,2024-09-25,Regular
15465,Vikram,Kumar,Mumbai,Telangana,2022-02-10,Regular
15466,Sneha,Rao,Chennai,Andhra Pradesh,2021-10-16,Regular
15467,Aarav,Wilson,Kolkata,Maharashtra,2022-09-23,Regular
15468,Rohan,Singh,Visakhapatnam,Karnataka,2022-09-23,Regular
15469,Sneha,Reddy,Hyderabad,Tamil Nadu,2023-02-10,New
15470,Aditya,Clark,Vijayawada,Rajasthan,2025-03-25,New
15471,Sneha,Brown,Jaipur,Maharashtra,2025-04-05,New
15472,Priya,Nair,Jaipur,Rajasthan,2023-07-17,Premium
15473,Riya,Smith,Kolkata,Karnataka,2021-05-01,Regular
15474,Vikram,Martin,Mumbai,Telangana,2022-02-27,New
15475,Arjun,Sharma,Bengaluru,Delhi,2021-10-17,Regular
15476,Neha,Verma,Jaipur,West Bengal,2021-01-02,Regular
15477,Aditya,Gupta,Pune,Rajasthan,2022-09-05,Regular
15478,Aisha,Reddy,Mumbai,Maharashtra,2021-01-11,New
15479,Arjun,Sharma,Vijayawada,Karnataka,2023-07-08,Regular
15480,Sneha,Verma,Vijayawada,Delhi,2022-03-16,Regular
15481,Sophia,Brown,Visakhapatnam,Tamil Nadu,2024-03-05,New
15482,Arjun,Brown,Visakhapatnam,Karnataka,2023-04-23,New
15483,Rohan,Thomas,Visakhapatnam,Telangana,2025-03-02,New
15484,Emma,Mehta,Bengaluru,West Bengal,2023-02-15,Regular
15485,Neha,Smith,Bengaluru,West Bengal,2021-09-08,New
15486,Vikram,Clark,Chennai,Karnataka,2025-01-15,New
15487,Sanjay,Taylor,Kolkata,Delhi,2022-05-10,Regular
15488,Riya,Walker,Delhi,Rajasthan,2024-05-07,Premium
15489,Olivia,Singh,Visakhapatnam,Andhra Pradesh,2024-06-06,Regular
15490,Kiran,Thomas,Visakhapatnam,Maharashtra,2025-01-19,Regular
15491,Priya,Taylor,Visakhapatnam,Telangana,2023-10-22,Regular
15492,Riya,Smith,Hyderabad,West Bengal,2023-03-30,Regular
15493,Vikram,Sharma,Kolkata,Delhi,2022-09-08,Premium
15494,Sanjay,Brown,Visakhapatnam,Rajasthan,2022-12-16,Premium
15495,Riya,Lewis,Jaipur,Delhi,2024-06-02,Regular
15496,Vikram,Wilson,Mumbai,West Bengal,2023-06-25,Regular
15497,Riya,Sharma,Vijayawada,Delhi,2021-03-20,New
15498,Priya,Gupta,Pune,Delhi,2022-08-19,Regular
15499,Sophia,Smith,Bengaluru,Tamil Nadu,2025-01-02,Regular
15500,Aarav,Clark,Mumbai,Maharashtra,2021-12-04,Regular
15501,Daniel,Verma,Chennai,Tamil Nadu,2023-01-26,Regular
15502,Sanjay,Lewis,Jaipur,Maharashtra,2024-08-31,New
15503,Aarav,Thomas,Bengaluru,Rajasthan,2022-04-10,Regular
15504,Aisha,Gupta,Bengaluru,Tamil Nadu,2023-12-25,New
15505,Neha,Patel,Delhi,Maharashtra,2024-06-10,New
15506,Emma,Walker,Delhi,Rajasthan,2022-06-06,New
15507,Rahul,Smith,Delhi,Karnataka,2024-12-04,New
15508,Arjun,Clark,Bengaluru,Tamil Nadu,2022-12-16,New
15509,Sneha,Walker,Pune,Maharashtra,2022-04-19,Regular
15510,Olivia,Verma,Jaipur,Maharashtra,2021-12-27,Regular
15511,Ananya,Sharma,Hyderabad,Tamil Nadu,2022-03-03,Regular
15512,Riya,Walker,Vijayawada,Andhra Pradesh,2023-06-20,Regular
15513,Daniel,Smith,Bengaluru,Maharashtra,2021-12-27,Premium
15514,Olivia,Kumar,Chennai,Tamil Nadu,2022-07-28,Premium
15515,Neha,Brown,Visakhapatnam,Maharashtra,2024-02-12,Regular
15516,Meera,Sharma,Chennai,Rajasthan,2024-11-01,Regular
15517,Neha,Gupta,Delhi,Rajasthan,2023-12-23,Regular
15518,Meera,Rao,Mumbai,Karnataka,2023-04-26,Regular
15519,Sneha,Mehta,Kolkata,Telangana,2024-01-19,New
15520,Neha,Smith,Pune,Telangana,2022-10-21,Regular
15521,Ananya,Clark,Pune,Maharashtra,2022-03-10,New
15522,Meera,Nair,Visakhapatnam,West Bengal,2024-04-14,Regular
15523,Riya,Martin,,Telangana,2021-08-05,Regular
15524,Daniel,Walker,Delhi,Delhi,2024-12-19,Premium
15525,Kavya,Martin,Visakhapatnam,Maharashtra,2022-11-17,New
15526,Rahul,Gupta,Pune,Rajasthan,2024-07-31,Regular
15527,Sneha,Taylor,Visakhapatnam,Delhi,2021-06-08,Regular
15528,Rohan,Gupta,Vijayawada,Maharashtra,2023-03-03,Premium
15529,Aarav,Mehta,Visakhapatnam,Delhi,2022-11-07,Premium
15530,Arjun,Wilson,Pune,Karnataka,2022-07-25,New
15531,Sneha,Gupta,Delhi,Maharashtra,2023-03-31,Premium
15532,Daniel,Sharma,Bengaluru,Tamil Nadu,2023-11-26,Premium
15533,Neha,Clark,Bengaluru,Karnataka,2025-02-16,Premium
15534,Ananya,Martin,Bengaluru,Maharashtra,2024-07-30,Regular
15535,Arjun,Kumar,Kolkata,West Bengal,2022-01-06,Regular
15536,Meera,Nair,Mumbai,Delhi,2025-04-15,New
15537,Arjun,Gupta,Chennai,Rajasthan,2023-03-09,New
15538,Emma,White,Kolkata,Tamil Nadu,2023-01-02,New
15539,Emma,Walker,Mumbai,West Bengal,2021-01-18,Regular
15540,Sophia,Taylor,Bengaluru,Delhi,2023-12-06,Premium
15541,Aditya,Verma,Delhi,Andhra Pradesh,2024-11-19,Regular
15542,Vikram,Reddy,Delhi,Rajasthan,2022-04-14,Regular
15543,Aditya,Singh,Bengaluru,West Bengal,2024-10-19,Regular
15544,Riya,Reddy,Chennai,Maharashtra,2021-05-20,Regular
15545,Sanjay,Thomas,Chennai,Delhi,2025-03-27,Regular
15546,Olivia,Reddy,Kolkata,West Bengal,2022-02-09,Regular
15547,Vikram,Taylor,Chennai,Andhra Pradesh,2023-02-10,Regular
15548,Aarav,White,Hyderabad,Karnataka,2021-01-24,Regular
15549,Sanjay,Rao,Chennai,Andhra Pradesh,2024-12-08,Regular
15550,Riya,Taylor,Pune,Andhra Pradesh,2023-03-27,Regular
15551,Kavya,Lewis,Vijayawada,Telangana,2025-04-03,Regular
15552,Kiran,Verma,Hyderabad,Tamil Nadu,2022-08-21,Regular
15553,Meera,Verma,Visakhapatnam,Karnataka,2021-04-06,Premium
15554,Kavya,Singh,Mumbai,Delhi,2023-12-22,Regular
15555,Sneha,Verma,Mumbai,Karnataka,2021-09-18,Regular
15556,Neha,Lewis,Hyderabad,Tamil Nadu,2023-09-12,Regular
15557,Rahul,Taylor,Chennai,Karnataka,2021-02-25,New
15558,Aditya,Singh,Pune,Telangana,2021-09-26,Regular
15559,Neha,Brown,Kolkata,Maharashtra,2023-10-18,New
15560,Rahul,Martin,Vijayawada,Tamil Nadu,2023-12-15,New
15561,Priya,Reddy,Delhi,Delhi,2021-09-01,New
15562,Rahul,Thomas,Bengaluru,Karnataka,2021-10-27,Regular
15563,Riya,Singh,Mumbai,Tamil Nadu,2024-10-05,Regular
15564,Rahul,Gupta,Vijayawada,Rajasthan,2021-01-10,Regular
15565,Arjun,Verma,Kolkata,Andhra Pradesh,2022-01-04,Regular
15566,Kavya,Brown,Delhi,Tamil Nadu,2025-04-02,Regular
15567,Sanjay,Walker,Delhi,Karnataka,2023-05-27,Premium
15568,Kiran,Singh,Delhi,Rajasthan,2021-02-13,Premium
15569,Rohan,Gupta,Jaipur,West Bengal,2024-11-29,Regular
15570,Sanjay,Nair,Delhi,Maharashtra,2022-07-01,New
15571,Riya,Lewis,Delhi,West Bengal,2024-02-19,Premium
15572,Meera,White,Mumbai,Karnataka,2023-10-18,Regular
15573,Sanjay,Mehta,Pune,Maharashtra,2022-08-11,New
15574,Meera,Taylor,Vijayawada,Maharashtra,2022-08-16,New
15575,Aisha,Walker,Visakhapatnam,West Bengal,2023-05-31,New
15576,Neha,Clark,Vijayawada,Karnataka,2022-09-02,Regular
15577,Sneha,Taylor,Kolkata,Maharashtra,2021-10-06,Regular
15578,Daniel,Brown,Vijayawada,Andhra Pradesh,2024-03-02,New
15579,Priya,White,Hyderabad,Karnataka,2023-12-15,New
15580,Kiran,Singh,Chennai,Telangana,2023-08-22,Regular
15581,Neha,Nair,Chennai,Andhra Pradesh,2024-04-01,Regular
15582,Emma,Martin,Kolkata,Andhra Pradesh,2023-04-10,Regular
15583,Aisha,Sharma,Vijayawada,Maharashtra,2025-01-25,New
15584,Arjun,Brown,Bengaluru,Telangana,2024-11-19,Regular
15585,Priya,Lewis,Bengaluru,Delhi,2025-04-19,Premium
15586,Aisha,Patel,Pune,Tamil Nadu,2021-06-22,New
15587,Sanjay,Clark,Jaipur,Delhi,2021-06-13,Regular
15588,Sophia,Verma,Hyderabad,Karnataka,2023-01-22,Regular
15589,Emma,Lewis,Visakhapatnam,Andhra Pradesh,2024-01-14,New
15590,Emma,Wilson,Bengaluru,West Bengal,2022-01-18,Premium
15591,Arjun,Patel,Chennai,West Bengal,2021-07-04,Premium
15592,Sneha,Martin,Kolkata,Delhi,2021-02-28,Regular
15593,Neha,Reddy,Vijayawada,Karnataka,2023-06-07,New
15594,Kavya,Singh,Visakhapatnam,Rajasthan,2025-04-16,New
15595,Olivia,Lewis,Hyderabad,Tamil Nadu,2023-01-14,Regular
15596,Kiran,Lewis,Hyderabad,Tamil Nadu,2024-03-20,New
15597,Neha,Sharma,Pune,Rajasthan,2021-03-24,Regular
15598,Meera,Nair,Delhi,Telangana,2021-12-12,New
15599,Riya,Reddy,Chennai,Karnataka,2023-12-25,Regular
15600,Riya,Gupta,Kolkata,Andhra Pradesh,2022-10-06,Premium
15601,Rohan,White,Chennai,Tamil Nadu,2021-02-12,New
15602,Sophia,Patel,Jaipur,Delhi,2021-12-28,Regular
15603,Aarav,Wilson,Bengaluru,Delhi,2024-06-23,Regular
15604,Priya,Clark,Kolkata,Andhra Pradesh,2024-01-01,New
15605,Kavya,Lewis,Delhi,Delhi,2024-07-19,Premium
15606,Arjun,Nair,Bengaluru,Maharashtra,2022-07-15,Regular
15607,Priya,Taylor,Kolkata,Delhi,2025-01-26,Regular
15608,Sneha,Mehta,Bengaluru,West Bengal,2025-01-11,Regular
15609,Kavya,Kumar,Delhi,Maharashtra,2022-08-12,New
15610,Rahul,Singh,Kolkata,Karnataka,2021-11-29,New
15611,Aditya,Martin,Hyderabad,Maharashtra,2025-03-19,Regular
15612,Sanjay,Taylor,Chennai,Rajasthan,2022-07-14,Regular
15613,Kavya,Brown,Chennai,Telangana,2023-03-05,Premium
15614,Rohan,Thomas,Jaipur,Karnataka,2025-01-30,Regular
15615,Sneha,Taylor,Chennai,Rajasthan,2022-03-07,New
15616,Aisha,Rao,Jaipur,Andhra Pradesh,2024-11-16,New
15617,Riya,Gupta,Delhi,Telangana,2021-09-15,Premium
15618,Vikram,Walker,Jaipur,Karnataka,2022-04-15,New
15619,Daniel,White,Visakhapatnam,West Bengal,2022-09-14,Premium
15620,Vikram,Sharma,Chennai,Andhra Pradesh,2023-02-12,New
15621,Aarav,Thomas,Delhi,West Bengal,2022-01-25,New
15622,Aarav,Kumar,Vijayawada,Andhra Pradesh,2024-11-14,New
15623,Sanjay,Lewis,Hyderabad,Delhi,2023-11-30,Regular
15624,Olivia,Smith,Kolkata,Rajasthan,2023-12-10,New
15625,Sanjay,Taylor,Pune,Delhi,2024-03-16,Premium
15626,Meera,Martin,Hyderabad,Maharashtra,2023-10-17,Regular
15627,Ananya,Wilson,Visakhapatnam,West Bengal,2023-10-27,New
15628,Aarav,Gupta,Chennai,Maharashtra,2023-11-23,Regular
15629,Ananya,Clark,Visakhapatnam,Delhi,2024-02-27,Regular
15630,Aarav,Smith,Chennai,Andhra Pradesh,2025-01-13,Regular
15631,Priya,Brown,Delhi,Rajasthan,2021-11-11,Regular
15632,Sneha,Rao,Mumbai,Delhi,2023-04-08,Premium
15633,Neha,Sharma,Visakhapatnam,Telangana,2021-10-22,Regular
15634,Aditya,Smith,Jaipur,Delhi,2021-10-18,Regular
15635,Riya,Rao,Vijayawada,Tamil Nadu,2025-02-28,Regular
15636,Sneha,Taylor,Visakhapatnam,Karnataka,2023-01-27,Regular
15637,Aditya,Nair,Vijayawada,Rajasthan,2024-02-01,Regular
15638,Ananya,White,Chennai,Maharashtra,2024-03-12,New
15639,Rahul,Taylor,Jaipur,Andhra Pradesh,2021-02-20,New
15640,Daniel,Mehta,Delhi,Tamil Nadu,2023-02-27,Premium
15641,Riya,Martin,Mumbai,Delhi,2021-10-16,Premium
15642,Aditya,Wilson,Bengaluru,West Bengal,2022-05-17,New
15643,Meera,Wilson,Vijayawada,Rajasthan,2021-10-29,Premium
15644,Meera,Smith,Chennai,Karnataka,2023-12-03,Regular
15645,Kavya,Walker,Kolkata,Delhi,2021-07-31,New
15646,Arjun,Rao,Hyderabad,Maharashtra,2022-12-22,Premium
15647,Olivia,Verma,Kolkata,Maharashtra,2022-05-05,Premium
15648,Sophia,Gupta,Kolkata,Andhra Pradesh,2025-03-21,Regular
15649,Sophia,Smith,Delhi,Karnataka,2024-06-14,Regular
15650,Sophia,White,Kolkata,Delhi,2022-07-18,New
15651,Daniel,Wilson,Jaipur,Maharashtra,2022-04-15,Regular
15652,Aisha,Singh,Visakhapatnam,Rajasthan,2024-02-22,Regular
15653,Arjun,Walker,Pune,Karnataka,2023-10-08,Regular
15654,Priya,Thomas,Visakhapatnam,Karnataka,2023-06-08,New
15655,Sanjay,Verma,Jaipur,Telangana,2021-04-26,Regular
15656,Sanjay,Kumar,Bengaluru,Maharashtra,2021-05-05,Regular
15657,Emma,Verma,Mumbai,Telangana,2023-10-16,Regular
15658,Emma,Clark,Vijayawada,Delhi,2023-01-22,New
15659,Neha,Smith,Delhi,Karnataka,2024-08-20,Regular
15660,Aisha,Patel,Bengaluru,Maharashtra,2021-02-16,New
15661,Rahul,Patel,Pune,Delhi,2021-10-25,Regular
15662,Sanjay,White,Mumbai,West Bengal,2024-06-17,New
15663,Olivia,Verma,Vijayawada,Telangana,2025-04-16,Premium
15664,Priya,Taylor,Delhi,Karnataka,2024-03-21,Regular
15665,Neha,Nair,Bengaluru,Tamil Nadu,2021-01-21,Regular
15666,Priya,Reddy,Hyderabad,Delhi,2021-03-22,Regular
15667,Sanjay,Verma,Chennai,Rajasthan,2024-11-06,New
15668,Emma,Taylor,Bengaluru,Karnataka,2023-03-11,New
15669,Riya,Rao,Visakhapatnam,Telangana,2023-03-06,New
15670,Meera,Wilson,Chennai,West Bengal,2025-03-19,Regular
15671,Kiran,Verma,Kolkata,Rajasthan,2022-02-01,Premium
15672,Kavya,Rao,Bengaluru,Andhra Pradesh,2022-04-01,New
15673,Sophia,Gupta,Pune,Delhi,2024-01-03,Regular
15674,Kavya,Gupta,Jaipur,Telangana,2024-12-17,New
15675,Priya,Gupta,Kolkata,Delhi,2022-08-09,Regular
15676,Aditya,Martin,Chennai,Maharashtra,2021-08-30,Regular
15677,Neha,Rao,Vijayawada,Maharashtra,2021-03-31,Regular
15678,Kiran,Martin,Delhi,Maharashtra,2021-01-11,Premium
15679,Kavya,Rao,Chennai,Delhi,2022-08-22,Regular
15680,Aarav,Rao,Jaipur,West Bengal,2023-04-29,Regular
15681,Vikram,Walker,Jaipur,Karnataka,2023-02-22,New
15682,Riya,Lewis,Delhi,Telangana,2022-01-18,New
15683,Kiran,Verma,Hyderabad,Telangana,2023-12-19,Premium
15684,Ananya,Gupta,Pune,Maharashtra,2024-11-07,Regular
15685,Neha,Martin,Delhi,Delhi,2022-01-08,New
15686,Ananya,Reddy,Jaipur,Andhra Pradesh,2023-12-15,New
15687,Riya,Mehta,Vijayawada,Maharashtra,2023-05-22,New
15688,Sanjay,Smith,Chennai,Delhi,2024-01-05,Regular
15689,Riya,Taylor,Delhi,Rajasthan,2021-01-24,Regular
15690,Sanjay,Kumar,Bengaluru,West Bengal,2023-12-14,Premium
15691,Kiran,Sharma,Pune,West Bengal,2024-04-10,Regular
15692,Sneha,Gupta,Delhi,Tamil Nadu,2023-12-23,Regular
15693,Olivia,Kumar,Delhi,Karnataka,2024-09-06,New
15694,Sanjay,Brown,Pune,Rajasthan,2024-04-10,New
15695,Sneha,Walker,Pune,Delhi,2025-04-25,New
15696,Arjun,Gupta,Vijayawada,Telangana,2023-12-08,New
15697,Arjun,Mehta,Delhi,Maharashtra,2022-12-16,Premium
15698,Riya,Singh,Hyderabad,Telangana,2024-08-27,Regular
15699,Aisha,Sharma,Vijayawada,Rajasthan,2024-01-17,New
15700,Kiran,Martin,Kolkata,Delhi,2023-06-12,Regular
15701,Kavya,Gupta,Kolkata,Andhra Pradesh,2023-07-15,Regular
15702,Kiran,Brown,Vijayawada,Maharashtra,2022-07-16,Regular
15703,Aditya,Taylor,Bengaluru,Telangana,2023-09-09,New
15704,Ananya,Clark,Jaipur,West Bengal,2023-01-17,New
15705,Rohan,Patel,Jaipur,West Bengal,2021-07-29,New
15706,Emma,Smith,Bengaluru,Karnataka,2022-12-06,Premium
15707,Ananya,Walker,Chennai,West Bengal,2025-02-28,Regular
15708,Rohan,Mehta,Chennai,Karnataka,2022-06-17,Regular
15709,Neha,Sharma,Jaipur,West Bengal,2023-12-20,Premium
15710,Riya,Gupta,Jaipur,West Bengal,2022-10-27,New
15711,Aditya,Thomas,Chennai,Karnataka,2022-04-03,New
15712,Daniel,Thomas,Kolkata,Tamil Nadu,2022-09-08,New
15713,Priya,Rao,Chennai,Karnataka,2025-03-15,Regular
15714,Meera,Patel,Hyderabad,West Bengal,2021-06-27,Regular
15715,Sophia,Gupta,Chennai,Karnataka,2023-12-05,New
15716,Ananya,Singh,Hyderabad,West Bengal,2024-08-21,New
15717,Vikram,Martin,Visakhapatnam,Maharashtra,2021-10-24,Regular
15718,Aisha,Clark,Vijayawada,Telangana,2024-04-25,Regular
15719,Aarav,Sharma,Bengaluru,Rajasthan,2023-10-16,New
15720,Priya,Martin,Delhi,West Bengal,2022-06-25,Regular
15721,Sophia,Thomas,Chennai,Tamil Nadu,2021-10-10,New
15722,Ananya,Wilson,Delhi,Rajasthan,2025-02-21,New
15723,Meera,Lewis,Visakhapatnam,West Bengal,2021-11-12,New
15724,Neha,Sharma,Visakhapatnam,Andhra Pradesh,2025-02-27,Regular
15725,Sanjay,Taylor,Visakhapatnam,Karnataka,2023-11-04,Regular
15726,Rohan,Kumar,Chennai,Telangana,2024-10-02,Regular
15727,Neha,Lewis,Bengaluru,Telangana,2022-04-20,New
15728,Rahul,Mehta,Bengaluru,Delhi,2021-02-16,Regular
15729,Ananya,Reddy,Bengaluru,Andhra Pradesh,2023-11-15,Regular
15730,Ananya,Martin,Kolkata,Rajasthan,2022-08-17,Regular
15731,Emma,Martin,Kolkata,Rajasthan,2023-05-31,Regular
15732,Rahul,Mehta,Visakhapatnam,Delhi,2023-01-02,Regular
15733,Emma,Rao,Hyderabad,West Bengal,2022-05-30,New
15734,Ananya,Sharma,Chennai,Tamil Nadu,2024-02-24,New
15735,Meera,Walker,Vijayawada,Telangana,2023-03-13,New
15736,Sneha,Patel,Kolkata,Karnataka,2023-10-13,Regular
15737,Aditya,Clark,Pune,Telangana,2023-12-12,Regular
15738,Daniel,Smith,Bengaluru,West Bengal,2023-12-22,Regular
15739,Sanjay,Taylor,Pune,Delhi,2022-06-13,New
15740,Aarav,Taylor,Bengaluru,Andhra Pradesh,2024-05-12,New
15741,Riya,Lewis,Delhi,Karnataka,2021-12-18,New
15742,Kavya,Sharma,Jaipur,Rajasthan,2025-02-26,New
15743,Olivia,White,Bengaluru,West Bengal,2024-07-18,Regular
15744,Priya,Sharma,Bengaluru,Rajasthan,2023-06-02,New
15745,Aarav,White,Vijayawada,West Bengal,2021-10-16,New
15746,Aarav,Gupta,Hyderabad,Tamil Nadu,2024-12-17,Regular
15747,Ananya,Clark,Jaipur,West Bengal,2023-06-07,New
15748,Sanjay,Reddy,Vijayawada,Delhi,2024-07-27,Premium
15749,Daniel,Mehta,Pune,Karnataka,2021-02-13,Premium
15750,Rahul,Brown,Mumbai,Telangana,2022-06-25,Regular
15751,Olivia,White,Mumbai,West Bengal,2022-04-25,New
15752,Sanjay,Kumar,Mumbai,Telangana,2024-07-25,Regular
15753,Rahul,Sharma,Visakhapatnam,Telangana,2023-01-14,Regular
15754,Aditya,Wilson,Vijayawada,Telangana,2021-07-07,Regular
15755,Rahul,Sharma,Chennai,Delhi,2023-09-12,New
15756,Ananya,Thomas,Bengaluru,Rajasthan,2021-09-12,New
15757,Rohan,Sharma,Delhi,Maharashtra,2022-12-16,New
15758,Neha,White,Kolkata,Karnataka,2025-05-07,Regular
15759,Neha,Brown,Vijayawada,Delhi,2022-11-27,Regular
15760,Aarav,Walker,Mumbai,Maharashtra,2022-11-17,Premium
15761,Rahul,Kumar,Pune,Delhi,2021-03-06,New
15762,Vikram,Gupta,Bengaluru,Maharashtra,2023-01-07,Regular
15763,Vikram,Mehta,Pune,Delhi,2025-03-13,New
15764,Arjun,Sharma,Kolkata,Tamil Nadu,2025-03-02,New
15765,Rohan,Kumar,Mumbai,Rajasthan,2025-03-22,Regular
15766,Neha,Rao,Mumbai,Delhi,2022-08-02,New
15767,Rohan,Martin,Pune,Tamil Nadu,2021-04-15,Premium
15768,Rohan,Martin,Visakhapatnam,Telangana,2022-01-15,Premium
15769,Priya,Reddy,Kolkata,West Bengal,2021-12-05,New
15770,Neha,Reddy,Jaipur,Maharashtra,2021-05-05,New
15771,Rohan,Taylor,Hyderabad,Karnataka,2024-02-10,New
15772,Sanjay,Nair,Visakhapatnam,Maharashtra,2023-04-17,Premium
15773,Ananya,Thomas,Hyderabad,Maharashtra,2024-02-29,New
15774,Aarav,Gupta,Mumbai,Andhra Pradesh,2021-11-16,Regular
15775,Priya,Nair,Pune,Delhi,2024-01-19,New
15776,Daniel,Singh,Chennai,West Bengal,2021-04-14,Regular
15777,Kiran,Gupta,Jaipur,West Bengal,2024-02-29,New
15778,Rahul,Martin,Visakhapatnam,Andhra Pradesh,2024-07-24,Regular
15779,Aisha,Mehta,Delhi,Telangana,2022-02-10,Regular
15780,Rahul,Taylor,Pune,Maharashtra,2022-06-10,New
15781,Vikram,Reddy,Vijayawada,West Bengal,2022-11-28,New
15782,Rahul,Brown,Vijayawada,Karnataka,2023-07-17,Regular
15783,Olivia,Mehta,Pune,Maharashtra,2023-04-27,Regular
15784,Sophia,Walker,Visakhapatnam,Maharashtra,2021-06-17,Regular
15785,Sneha,Verma,Bengaluru,Andhra Pradesh,2022-08-29,Regular
15786,Kavya,Kumar,Chennai,Rajasthan,2023-03-20,Premium
15787,Kavya,Taylor,Hyderabad,Telangana,2023-09-10,New
15788,Kavya,Kumar,Bengaluru,Karnataka,2023-10-08,Premium
15789,Neha,Walker,Bengaluru,Andhra Pradesh,2023-12-02,Premium
15790,Sophia,Nair,Kolkata,Karnataka,2022-12-21,Regular
15791,Aisha,Thomas,Visakhapatnam,Maharashtra,2023-03-15,Premium
15792,Arjun,Taylor,Delhi,Rajasthan,2022-06-24,Regular
15793,Kiran,Mehta,Pune,Rajasthan,2022-03-11,Regular
15794,Sophia,Smith,Chennai,Rajasthan,2022-05-13,New
15795,Ananya,Patel,Bengaluru,Karnataka,2022-12-03,New
15796,Sanjay,Reddy,Delhi,Karnataka,2021-06-25,Regular
15797,Olivia,Thomas,Bengaluru,Karnataka,2021-12-16,Premium
15798,Kavya,White,Vijayawada,Andhra Pradesh,2021-07-05,Premium
15799,Sneha,Lewis,Pune,Karnataka,2022-10-16,Regular
15800,Ananya,Rao,Mumbai,Maharashtra,2023-03-05,Premium
15801,Rahul,Nair,Hyderabad,Andhra Pradesh,2021-09-19,Regular
15802,Kiran,Nair,Chennai,Maharashtra,2021-08-11,Regular
15803,Ananya,Martin,Hyderabad,Rajasthan,2023-04-22,New
15804,Daniel,Wilson,Vijayawada,Maharashtra,2021-12-24,Regular
15805,Rohan,Thomas,Pune,Maharashtra,2024-10-20,Regular
15806,Rahul,Walker,Vijayawada,Rajasthan,2021-09-21,Regular
15807,Ananya,Nair,Delhi,Delhi,2023-02-10,Regular
15808,Sophia,Taylor,Jaipur,Karnataka,2024-07-07,Regular
15809,Priya,Brown,Vijayawada,West Bengal,2021-06-16,Premium
15810,Kiran,White,Bengaluru,Andhra Pradesh,2022-12-21,Regular
15811,Meera,Nair,Bengaluru,Andhra Pradesh,2023-01-25,Regular
15812,Kavya,Patel,Visakhapatnam,Telangana,2023-06-04,Regular
15813,Aditya,Nair,Chennai,Telangana,2024-11-18,Regular
15814,Sophia,Wilson,Vijayawada,West Bengal,2023-07-22,Regular
15815,Sneha,White,Kolkata,West Bengal,2022-08-27,Premium
15816,Arjun,Clark,Vijayawada,West Bengal,2022-09-27,Regular
15817,Ananya,Sharma,Chennai,Maharashtra,2023-09-26,Regular
15818,Daniel,Brown,Mumbai,Andhra Pradesh,2022-04-23,New
15819,Kiran,Patel,Delhi,Delhi,2024-01-01,Regular
15820,Sneha,Nair,Hyderabad,Rajasthan,2022-09-04,Premium
15821,Kavya,Walker,Mumbai,Tamil Nadu,2021-04-07,Premium
15822,Aisha,White,Delhi,Andhra Pradesh,2023-05-06,Premium
15823,Olivia,Patel,Chennai,Karnataka,2022-02-07,Regular
15824,Rahul,Kumar,Chennai,West Bengal,2022-07-28,Regular
15825,Neha,Taylor,Jaipur,West Bengal,2022-06-03,New
15826,Neha,Verma,Chennai,Tamil Nadu,2021-08-07,Regular
15827,Vikram,Verma,Jaipur,Telangana,2022-04-08,New
15828,Meera,Lewis,Jaipur,Rajasthan,2025-01-01,Premium
15829,Rahul,Walker,Kolkata,Telangana,2022-05-28,New
15830,Priya,Walker,Bengaluru,Maharashtra,2024-03-17,Premium
15831,Rohan,Thomas,Chennai,Telangana,2022-10-16,Regular
15832,Vikram,White,Jaipur,Maharashtra,2021-04-17,New
15833,Emma,Martin,Hyderabad,Andhra Pradesh,2024-09-02,Regular
15834,Sanjay,Lewis,Delhi,Delhi,2024-12-20,Regular
15835,Aditya,Brown,Delhi,Karnataka,2022-01-12,Regular
15836,Olivia,Reddy,Visakhapatnam,Maharashtra,2021-09-30,Regular
15837,Olivia,Clark,Visakhapatnam,Telangana,2025-01-29,Regular
15838,Aarav,Walker,,Delhi,2021-06-06,New
15839,Aditya,Rao,Delhi,Telangana,2024-11-23,Premium
15840,Aisha,Verma,Kolkata,Tamil Nadu,2021-10-05,Premium
15841,Riya,Smith,Jaipur,Telangana,2024-10-18,Regular
15842,Sophia,Taylor,Delhi,Karnataka,2025-02-01,New
15843,Sneha,Taylor,Bengaluru,Telangana,2022-01-20,Regular
15844,Aarav,Nair,Jaipur,Rajasthan,2021-12-21,New
15845,Olivia,Lewis,Delhi,Andhra Pradesh,2021-06-19,Premium
15846,Vikram,Clark,Bengaluru,Rajasthan,2024-06-13,New
15847,Rahul,Walker,Bengaluru,West Bengal,2022-07-14,New
15848,Meera,Smith,Chennai,Maharashtra,2023-10-26,New
15849,Kavya,Reddy,Vijayawada,Karnataka,2023-09-10,Regular
15850,Arjun,Clark,Jaipur,Rajasthan,2023-04-10,Regular
15851,Vikram,Reddy,Pune,Rajasthan,2022-01-24,Regular
15852,Sneha,Patel,Hyderabad,Maharashtra,2022-08-08,Regular
15853,Aditya,Gupta,Visakhapatnam,Karnataka,2023-03-13,Premium
15854,Meera,Patel,Kolkata,Maharashtra,2021-05-29,Regular
15855,Ananya,Martin,Delhi,Maharashtra,2022-10-09,New
15856,Sneha,Verma,Hyderabad,Rajasthan,2024-02-12,Regular
15857,Priya,Singh,Jaipur,Telangana,2022-11-06,Regular
15858,Kiran,Sharma,Hyderabad,West Bengal,2022-09-24,Regular
15859,Rohan,Singh,Kolkata,Andhra Pradesh,2024-09-06,Regular
15860,Meera,Taylor,Delhi,Andhra Pradesh,2023-05-06,Regular
15861,Neha,Thomas,Delhi,Karnataka,2024-03-25,New
15862,Sneha,Gupta,Delhi,Maharashtra,2021-03-24,Regular
15863,Sneha,Reddy,Mumbai,Tamil Nadu,2025-01-25,Regular
15864,Sanjay,Smith,Delhi,Maharashtra,2024-05-26,Regular
15865,Daniel,Thomas,Mumbai,Telangana,2024-08-15,New
15866,Sneha,Reddy,Pune,Telangana,2024-01-13,New
15867,Aisha,Thomas,Kolkata,Telangana,2023-05-12,New
15868,Olivia,Patel,Vijayawada,Rajasthan,2023-04-27,Regular
15869,Daniel,Gupta,Bengaluru,Maharashtra,2023-09-27,New
15870,Meera,Wilson,Jaipur,Karnataka,2023-03-06,Regular
15871,Riya,Reddy,Hyderabad,Andhra Pradesh,2024-03-13,New
15872,Priya,Rao,Chennai,Maharashtra,2022-06-24,Regular
15873,Aisha,Kumar,Mumbai,Tamil Nadu,2024-05-16,Regular
15874,Rohan,Singh,Mumbai,Telangana,2022-07-02,Regular
15875,Aisha,Thomas,Mumbai,Maharashtra,2023-02-01,Regular
15876,Arjun,Singh,Mumbai,West Bengal,2021-04-20,Regular
15877,Daniel,Sharma,Pune,Delhi,2024-12-11,Regular
15878,Sanjay,Singh,Vijayawada,Maharashtra,2024-01-04,Regular
15879,Meera,Reddy,Visakhapatnam,Delhi,2022-02-04,Regular
15880,Aarav,Wilson,Mumbai,Andhra Pradesh,2021-03-13,New
15881,Vikram,White,Chennai,Rajasthan,2024-09-25,Regular
15882,Sophia,Patel,Kolkata,Delhi,2021-01-03,Premium
15883,Emma,Martin,Hyderabad,Karnataka,2023-02-11,New
15884,Sanjay,Nair,Pune,Karnataka,2021-02-19,New
15885,Rahul,Reddy,Chennai,Karnataka,2024-01-15,Regular
15886,Emma,Taylor,Kolkata,Telangana,2021-11-22,Regular
15887,Sophia,Singh,Hyderabad,Delhi,2022-11-15,Premium
15888,Vikram,Brown,Visakhapatnam,Karnataka,2023-07-02,New
15889,Meera,Brown,Chennai,Karnataka,2022-08-16,Premium
15890,Aditya,Smith,Delhi,West Bengal,2023-12-26,Regular
15891,Aisha,Kumar,Delhi,Tamil Nadu,2023-03-25,Regular
15892,Ananya,Gupta,Pune,Andhra Pradesh,2022-11-05,Regular
15893,Rahul,Martin,Pune,Karnataka,2022-05-31,New
15894,Rohan,Walker,Chennai,Tamil Nadu,2022-10-16,New
15895,Neha,Sharma,Vijayawada,Telangana,2022-05-29,Regular
15896,Riya,Verma,Delhi,Delhi,2023-07-12,New
15897,Aarav,Lewis,Chennai,Telangana,2024-05-08,New
15898,Sophia,Gupta,Chennai,Karnataka,2023-08-13,New
15899,Kavya,Verma,Pune,West Bengal,2021-02-21,Premium
15900,Olivia,Walker,Visakhapatnam,Rajasthan,2024-09-13,New
15901,Daniel,White,Jaipur,Delhi,2024-06-11,Regular
15902,Vikram,Taylor,Mumbai,Rajasthan,2024-08-03,Regular
15903,Arjun,Taylor,Mumbai,Andhra Pradesh,2021-03-21,Premium
15904,Riya,Wilson,Bengaluru,Andhra Pradesh,2024-08-10,Regular
15905,Vikram,Gupta,Delhi,Rajasthan,2023-01-18,Regular
15906,Rahul,Lewis,Chennai,Telangana,2024-09-12,New
15907,Priya,Sharma,Visakhapatnam,Karnataka,2024-06-04,New
15908,Daniel,Reddy,Delhi,Maharashtra,2024-11-08,New
15909,Riya,Wilson,Chennai,Delhi,2021-07-15,Regular
15910,Neha,Clark,Jaipur,Rajasthan,2023-06-08,Regular
15911,Vikram,Clark,Visakhapatnam,Telangana,2024-03-11,Regular
15912,Rohan,Taylor,Mumbai,Karnataka,2023-08-11,Regular
15913,Meera,Nair,Bengaluru,Tamil Nadu,2024-07-22,Regular
15914,Vikram,Nair,Chennai,West Bengal,2024-03-09,New
15915,Neha,Verma,Mumbai,Rajasthan,2021-02-27,Premium
15916,Aarav,Gupta,Pune,Rajasthan,2021-11-15,Regular
15917,Rohan,Verma,Visakhapatnam,West Bengal,2023-10-13,New
15918,Sanjay,Kumar,Jaipur,Andhra Pradesh,2022-07-31,Regular
15919,Meera,Rao,Vijayawada,Maharashtra,2022-07-25,Premium
15920,Daniel,Walker,Visakhapatnam,Delhi,2024-12-31,Premium
15921,Rahul,Martin,Bengaluru,Karnataka,2021-05-24,Regular
15922,Riya,Kumar,Bengaluru,Delhi,2023-04-17,New
15923,Meera,Gupta,Jaipur,Tamil Nadu,2022-05-14,Premium
15924,Sophia,Gupta,Kolkata,Rajasthan,2021-03-24,Regular
15925,Daniel,Gupta,Chennai,Tamil Nadu,2022-08-23,Regular
15926,Rahul,Taylor,Vijayawada,Maharashtra,2022-10-11,New
15927,Aisha,Lewis,Bengaluru,Maharashtra,2022-12-29,Regular
15928,Sneha,Martin,Vijayawada,Rajasthan,2021-09-15,Regular
15929,Rahul,Mehta,Visakhapatnam,Rajasthan,2024-03-11,Regular
15930,Aditya,Patel,Pune,Maharashtra,2022-07-25,Regular
15931,Daniel,Kumar,Kolkata,Rajasthan,2023-07-07,Regular
15932,Neha,Clark,Vijayawada,Andhra Pradesh,2023-05-22,Regular
15933,Rohan,Taylor,Visakhapatnam,Andhra Pradesh,2023-06-23,Regular
15934,Rohan,Brown,Delhi,Rajasthan,2023-03-20,Regular
15935,Emma,Smith,Chennai,Tamil Nadu,2022-04-27,Premium
15936,Aditya,Clark,Chennai,Delhi,2023-02-24,Regular
15937,Vikram,Clark,Mumbai,Tamil Nadu,2023-04-29,New
15938,Sneha,Reddy,Hyderabad,Tamil Nadu,2021-01-30,New
15939,Sophia,Nair,Kolkata,Maharashtra,2024-03-04,Regular
15940,Vikram,Sharma,Mumbai,Telangana,2022-12-14,New
15941,Aditya,Nair,Vijayawada,Karnataka,2022-04-14,Regular
15942,Priya,Wilson,Hyderabad,Andhra Pradesh,2021-02-16,Regular
15943,Vikram,Singh,Mumbai,Karnataka,2022-05-03,Regular
15944,Meera,Patel,Mumbai,Delhi,2022-10-10,New
15945,Aditya,Mehta,Hyderabad,Andhra Pradesh,2024-08-31,Regular
15946,Rahul,Brown,Visakhapatnam,Tamil Nadu,2023-11-02,New
15947,Aditya,Martin,Delhi,Maharashtra,2022-11-01,Regular
15948,Daniel,Sharma,Visakhapatnam,Rajasthan,2021-07-21,New
15949,Daniel,Singh,Visakhapatnam,Andhra Pradesh,2022-03-16,Premium
15950,Neha,Thomas,Hyderabad,Rajasthan,2025-01-06,Regular
15951,Ananya,Taylor,Visakhapatnam,West Bengal,2021-07-24,Regular
15952,Emma,Lewis,Hyderabad,Rajasthan,2023-10-06,Premium
15953,Vikram,Clark,Visakhapatnam,Maharashtra,2023-04-08,Premium
15954,Meera,Clark,Kolkata,Delhi,2021-12-15,Premium
15955,Meera,Brown,Visakhapatnam,West Bengal,2024-10-29,New
15956,Aisha,White,Pune,Rajasthan,2022-09-23,New
15957,Sanjay,Verma,Bengaluru,Tamil Nadu,2023-11-24,Regular
15958,Aisha,Walker,Bengaluru,Andhra Pradesh,2021-06-05,Regular
15959,Kavya,Nair,Bengaluru,Delhi,2025-03-26,Regular
15960,Olivia,Verma,Visakhapatnam,Telangana,2021-02-05,Regular
15961,Vikram,Taylor,Delhi,West Bengal,2022-05-12,New
15962,Kavya,Nair,Chennai,Rajasthan,2025-01-05,New
15963,Emma,Kumar,Bengaluru,Maharashtra,2023-10-18,Regular
15964,Aditya,Lewis,Hyderabad,Delhi,2023-12-17,Regular
15965,Aisha,Mehta,Chennai,Rajasthan,2022-05-19,Regular
15966,Arjun,Walker,Vijayawada,Rajasthan,2024-06-01,Regular
15967,Aisha,Nair,Visakhapatnam,Maharashtra,2025-01-30,New
15968,Kavya,White,Kolkata,Andhra Pradesh,2023-09-23,New
15969,Vikram,Wilson,Jaipur,West Bengal,2021-12-16,Regular
15970,Arjun,Thomas,Mumbai,West Bengal,2024-12-21,Regular
15971,Aisha,Thomas,Mumbai,West Bengal,2021-01-07,Regular
15972,Sanjay,Singh,Kolkata,Tamil Nadu,2024-12-04,Regular
15973,Priya,Clark,Bengaluru,Tamil Nadu,2021-01-16,Premium
15974,Arjun,Walker,Jaipur,Telangana,2021-04-04,Regular
15975,Sophia,Taylor,Vijayawada,Andhra Pradesh,2021-03-09,New
15976,Neha,Walker,Hyderabad,Tamil Nadu,2021-10-31,Regular
15977,Daniel,Clark,Bengaluru,West Bengal,2024-03-09,New
15978,Vikram,Taylor,Kolkata,West Bengal,2022-09-26,New
15979,Sanjay,Mehta,Vijayawada,West Bengal,2021-05-07,Regular
15980,Kavya,Lewis,Chennai,Andhra Pradesh,2022-06-30,Regular
15981,Kavya,Patel,Vijayawada,Andhra Pradesh,2025-05-16,New
15982,Riya,Smith,Pune,Telangana,2023-04-21,Regular
15983,Daniel,Clark,Kolkata,Andhra Pradesh,2024-03-12,Regular
15984,Emma,Walker,Pune,Karnataka,2022-03-03,New
15985,Rahul,Gupta,Pune,West Bengal,2023-04-14,Regular
15986,Rohan,Reddy,Mumbai,West Bengal,2024-06-29,New
15987,Daniel,Rao,Bengaluru,Telangana,2023-12-16,Regular
15988,Neha,Lewis,Bengaluru,Tamil Nadu,2021-01-12,Regular
15989,Olivia,Brown,Bengaluru,Rajasthan,2023-08-30,Regular
15990,Sneha,Reddy,Visakhapatnam,Karnataka,2024-06-20,Regular
15991,Aarav,Kumar,Pune,Karnataka,2021-08-05,Regular
15992,Priya,Rao,Mumbai,Telangana,2022-09-22,New
15993,Emma,Rao,Visakhapatnam,Karnataka,2023-10-29,Regular
15994,Meera,Kumar,Visakhapatnam,West Bengal,2021-01-09,New
15995,Rahul,Mehta,Chennai,Andhra Pradesh,2024-02-12,New
15996,Sanjay,Mehta,Mumbai,Delhi,2024-09-17,Regular
15997,Olivia,Patel,Pune,Tamil Nadu,2023-04-23,New
15998,Sophia,Singh,Visakhapatnam,Andhra Pradesh,2022-12-16,Regular
15999,Riya,Taylor,Kolkata,Tamil Nadu,2021-05-27,Regular
16000,Arjun,White,Delhi,Tamil Nadu,2024-03-05,Regular
16001,Kavya,White,Chennai,Delhi,2025-02-18,Premium
16002,Emma,Smith,Mumbai,Karnataka,2024-11-06,Regular
16003,Kavya,Sharma,Hyderabad,Tamil Nadu,2023-05-30,Premium
16004,Sneha,Lewis,Vijayawada,Andhra Pradesh,2021-02-24,Regular
16005,Priya,White,Jaipur,Delhi,2022-04-03,Regular
16006,Sanjay,Gupta,Vijayawada,Rajasthan,2022-02-24,Regular
16007,Aditya,Verma,Mumbai,Andhra Pradesh,2021-01-12,Regular
16008,Aisha,Sharma,Pune,Tamil Nadu,2021-07-10,Regular
16009,Arjun,Clark,Jaipur,Andhra Pradesh,2023-07-09,Premium
16010,Arjun,Thomas,Pune,Andhra Pradesh,2021-06-06,Regular
16011,Kiran,Sharma,Visakhapatnam,West Bengal,2021-03-03,Premium
16012,Riya,Martin,Delhi,Andhra Pradesh,2025-02-22,Regular
16013,Meera,Verma,Pune,Delhi,2023-08-26,New
16014,Sneha,Brown,Delhi,Rajasthan,2024-07-12,New
16015,Neha,Singh,Chennai,Karnataka,2022-02-02,Regular
16016,Rahul,Clark,Pune,Maharashtra,2022-08-07,New
16017,Rohan,Verma,Mumbai,Tamil Nadu,2023-09-04,New
16018,Arjun,Clark,Vijayawada,Telangana,2024-01-05,Regular
16019,Riya,Kumar,Kolkata,Delhi,2022-08-13,Regular
16020,Riya,Smith,Mumbai,Telangana,2025-01-11,New
16021,Aditya,Rao,Visakhapatnam,Karnataka,2024-01-31,Regular
16022,Aditya,White,Pune,Andhra Pradesh,2021-12-20,Regular
16023,Rohan,Smith,Jaipur,Karnataka,2021-06-07,Regular
16024,Olivia,Martin,Kolkata,Andhra Pradesh,2021-01-23,Regular
16025,Priya,Reddy,Visakhapatnam,Telangana,2024-09-13,New
16026,Riya,Taylor,Jaipur,Maharashtra,2024-08-11,Premium
16027,Ananya,Kumar,Mumbai,Telangana,2023-02-06,Premium
16028,Meera,Nair,Chennai,Telangana,2024-03-02,Regular
16029,Neha,Singh,Visakhapatnam,Andhra Pradesh,2024-11-14,New
16030,Aditya,Sharma,Chennai,Telangana,2021-09-14,Regular
16031,Olivia,Smith,Vijayawada,Rajasthan,2025-04-19,Premium
16032,Aisha,Singh,Bengaluru,Delhi,2023-02-23,Regular
16033,Riya,Brown,Visakhapatnam,Maharashtra,2022-12-03,Premium
16034,Daniel,Thomas,Kolkata,Rajasthan,2021-09-14,Premium
16035,Sanjay,Patel,Delhi,Maharashtra,2023-12-12,Regular
16036,Arjun,Martin,Pune,Maharashtra,2023-08-23,New
16037,Sneha,Gupta,Kolkata,Maharashtra,2021-02-17,New
16038,Rohan,Rao,Mumbai,West Bengal,2023-11-03,New
16039,Ananya,Smith,Mumbai,Andhra Pradesh,2021-08-15,New
16040,Sanjay,Wilson,Chennai,Delhi,2022-03-19,New
16041,Kiran,Taylor,Bengaluru,Tamil Nadu,2023-09-06,Regular
16042,Kiran,Patel,Visakhapatnam,Rajasthan,2024-06-03,Regular
16043,Kiran,Smith,Vijayawada,Delhi,2021-08-03,New
16044,Aisha,Gupta,Pune,Andhra Pradesh,2023-01-28,Regular
16045,Sneha,Gupta,Visakhapatnam,Maharashtra,2022-04-02,Premium
16046,Priya,Walker,Kolkata,Karnataka,2024-02-05,New
16047,Rahul,Kumar,Delhi,Rajasthan,2024-08-18,New
16048,Sneha,Verma,Bengaluru,West Bengal,2023-10-21,Regular
16049,Vikram,Verma,Delhi,Tamil Nadu,2024-06-25,Premium
16050,Rohan,Singh,Bengaluru,Andhra Pradesh,2022-12-23,Regular
16051,Ananya,Thomas,Kolkata,Telangana,2023-08-15,New
16052,Rahul,Mehta,Hyderabad,Rajasthan,2022-04-14,Regular
16053,Kiran,Martin,Delhi,Delhi,2025-05-01,Regular
16054,Aditya,Nair,Mumbai,Delhi,2021-11-23,New
16055,Emma,Lewis,Bengaluru,Telangana,2025-01-13,Regular
16056,Olivia,Martin,Pune,Karnataka,2024-04-08,Regular
16057,Aarav,Rao,Chennai,West Bengal,2025-04-28,New
16058,Kavya,White,Chennai,Delhi,2023-10-25,Premium
16059,Kavya,Lewis,Visakhapatnam,Karnataka,2022-07-18,New
16060,Kiran,Smith,Mumbai,West Bengal,2022-03-26,Regular
16061,Priya,Sharma,Pune,West Bengal,2021-10-15,Regular
16062,Riya,Smith,Hyderabad,Tamil Nadu,2025-03-28,New
16063,Kiran,Taylor,Mumbai,West Bengal,2021-06-20,Regular
16064,Arjun,Nair,Mumbai,Rajasthan,2024-07-20,New
16065,Kiran,Kumar,Vijayawada,Maharashtra,2024-01-23,New
16066,Aditya,Smith,Bengaluru,Karnataka,2021-07-22,New
16067,Kiran,Clark,Jaipur,Rajasthan,2025-01-05,Premium
16068,Sanjay,Rao,Bengaluru,Rajasthan,2021-09-18,Premium
16069,Rahul,Mehta,Kolkata,Maharashtra,2021-09-15,New
16070,Sophia,Sharma,Hyderabad,Maharashtra,2023-05-21,Regular
16071,Rahul,Martin,Visakhapatnam,Andhra Pradesh,2021-06-15,Premium
16072,Aisha,Lewis,Kolkata,Telangana,2021-06-13,Regular
16073,Aisha,Thomas,Visakhapatnam,Tamil Nadu,2023-09-26,New
16074,Kavya,Verma,Jaipur,Delhi,2025-03-23,Regular
16075,Daniel,Sharma,Visakhapatnam,West Bengal,2021-03-27,Regular
16076,Aarav,Mehta,Kolkata,West Bengal,2023-10-18,New
16077,Rohan,Walker,Visakhapatnam,Tamil Nadu,2023-08-21,Regular
16078,Vikram,Reddy,Hyderabad,Andhra Pradesh,2021-04-16,Regular
16079,Sneha,Singh,Kolkata,West Bengal,2021-08-28,Regular
16080,Kavya,Clark,Jaipur,Delhi,2022-12-11,Regular
16081,Olivia,Smith,Mumbai,Rajasthan,2024-01-15,Regular
16082,Kiran,Patel,Jaipur,Telangana,2021-12-22,Regular
16083,Sanjay,Sharma,Delhi,West Bengal,2022-11-26,Regular
16084,Daniel,Verma,Pune,Rajasthan,2023-02-24,New
16085,Meera,Smith,Mumbai,West Bengal,2024-02-13,Regular
16086,Riya,Clark,Bengaluru,Delhi,2022-01-31,Regular
16087,Ananya,Lewis,Visakhapatnam,Tamil Nadu,2024-01-08,Regular
16088,Ananya,Mehta,Vijayawada,Tamil Nadu,2024-08-23,Regular
16089,Kiran,Verma,Pune,Delhi,2023-07-22,Regular
16090,Aisha,Walker,Jaipur,Rajasthan,2024-02-28,Regular
16091,Sanjay,Thomas,Bengaluru,Maharashtra,2021-09-25,Regular
16092,Sophia,Singh,Vijayawada,Telangana,2024-12-21,Regular
16093,Vikram,Taylor,Pune,Maharashtra,2022-04-28,Regular
16094,Priya,Martin,Kolkata,Telangana,2021-11-13,Regular
16095,Rohan,Singh,Hyderabad,Rajasthan,2023-05-28,Premium
16096,Kavya,White,Kolkata,Delhi,2022-09-09,Regular
16097,Meera,Gupta,Kolkata,Karnataka,2023-01-09,New
16098,Daniel,Brown,Jaipur,Delhi,2024-07-12,Regular
16099,Riya,Mehta,Mumbai,Delhi,2023-05-08,New
16100,Sanjay,Taylor,Hyderabad,Delhi,2022-08-22,Regular
16101,Sanjay,Walker,Hyderabad,Delhi,2024-07-04,Premium
16102,Olivia,Nair,Bengaluru,Rajasthan,2022-08-30,New
16103,Priya,Nair,Chennai,Andhra Pradesh,2025-03-14,New
16104,Arjun,Thomas,Visakhapatnam,Tamil Nadu,2025-04-27,New
16105,Emma,White,Bengaluru,Karnataka,2023-01-21,Premium
16106,Kavya,Walker,Bengaluru,Rajasthan,2024-05-18,Regular
16107,Aarav,Thomas,Hyderabad,West Bengal,2024-02-08,Regular
16108,Riya,Martin,Mumbai,Telangana,2024-10-09,New
16109,Kavya,Thomas,Kolkata,Delhi,2023-01-08,New
16110,Kavya,Walker,Chennai,Telangana,2022-10-14,New
16111,Olivia,Sharma,Pune,Telangana,2022-03-19,Regular
16112,Priya,Smith,Chennai,Karnataka,2023-07-27,New
16113,Priya,Sharma,Visakhapatnam,Tamil Nadu,2023-09-13,Premium
16114,Kavya,Smith,Hyderabad,Telangana,2022-12-22,Regular
16115,Vikram,Nair,Chennai,Andhra Pradesh,2022-05-12,Premium
16116,Vikram,Rao,Delhi,Maharashtra,2022-12-22,Regular
16117,Emma,Lewis,Visakhapatnam,Delhi,2023-03-15,Regular
16118,Sanjay,Martin,Pune,Andhra Pradesh,2021-07-24,New
16119,Neha,Smith,Hyderabad,Andhra Pradesh,2023-11-23,Regular
16120,Aditya,Lewis,Delhi,Andhra Pradesh,2024-09-09,Regular
16121,Sanjay,Reddy,Chennai,Karnataka,2022-05-30,New
16122,Sneha,Wilson,Mumbai,West Bengal,2022-09-17,Premium
16123,Emma,Patel,Jaipur,Rajasthan,2021-05-29,New
16124,Ananya,Singh,Jaipur,Telangana,2023-07-20,New
16125,Rahul,Patel,Chennai,Andhra Pradesh,2022-11-16,Regular
16126,Sanjay,Brown,Delhi,Andhra Pradesh,2024-10-03,Regular
16127,Vikram,Wilson,Delhi,Andhra Pradesh,2024-12-22,New
16128,Olivia,Thomas,Jaipur,Maharashtra,2024-05-22,Premium
16129,Rohan,Verma,Jaipur,Karnataka,2021-12-03,New
16130,Kiran,Walker,Mumbai,West Bengal,2021-11-14,Regular
16131,Arjun,Nair,Hyderabad,Delhi,2023-02-17,New
16132,Ananya,Patel,Hyderabad,West Bengal,2023-09-17,New
16133,Daniel,Sharma,Hyderabad,Tamil Nadu,2021-02-20,Regular
16134,Ananya,Kumar,Vijayawada,Karnataka,2023-03-05,Regular
16135,Meera,Verma,Vijayawada,Rajasthan,2021-05-19,Regular
16136,Vikram,Verma,Visakhapatnam,Delhi,2022-02-21,New
16137,Rahul,Lewis,Bengaluru,Andhra Pradesh,2022-07-29,New
16138,Aisha,Kumar,Hyderabad,Rajasthan,2021-03-07,Premium
16139,Arjun,Gupta,Bengaluru,Maharashtra,2022-02-24,New
16140,Ananya,White,Kolkata,Tamil Nadu,2023-10-05,Regular
16141,Rohan,Sharma,Hyderabad,Rajasthan,2025-05-16,New
16142,Aarav,Verma,Kolkata,West Bengal,2024-06-01,New
16143,Neha,Patel,Visakhapatnam,West Bengal,2022-05-06,New
16144,Sophia,Brown,Bengaluru,Rajasthan,2025-02-15,New
16145,Arjun,White,Vijayawada,Karnataka,2022-12-06,Regular
16146,Emma,Singh,Delhi,Tamil Nadu,2022-07-22,Regular
16147,Neha,Nair,Jaipur,Telangana,2024-09-17,Regular
16148,Aisha,Verma,Chennai,Maharashtra,2022-10-01,New
16149,Arjun,Thomas,Chennai,Maharashtra,2024-03-28,Regular
16150,Olivia,White,Hyderabad,Maharashtra,2021-09-18,Regular
16151,Aarav,Reddy,Vijayawada,Karnataka,2022-06-16,New
16152,Daniel,Mehta,Visakhapatnam,Andhra Pradesh,2025-04-25,New
16153,Meera,Thomas,Hyderabad,Maharashtra,2022-01-26,New
16154,Rohan,Sharma,Pune,Maharashtra,2024-09-21,New
16155,Aarav,Clark,Vijayawada,Andhra Pradesh,2023-01-17,Regular
16156,Kavya,Singh,Vijayawada,Maharashtra,2025-03-13,New
16157,Arjun,Brown,Jaipur,Rajasthan,2022-10-28,Regular
16158,Kavya,White,Vijayawada,Karnataka,2023-03-04,Regular
16159,Riya,Wilson,Jaipur,Andhra Pradesh,2022-09-24,Regular
16160,Aditya,White,Jaipur,Rajasthan,2021-12-02,New
16161,Sanjay,Wilson,Jaipur,Andhra Pradesh,2024-09-12,Regular
16162,Sanjay,Singh,Pune,Rajasthan,2023-07-07,Regular
16163,Sanjay,Taylor,Pune,West Bengal,2023-03-20,Premium
16164,Rahul,Wilson,Pune,Delhi,2022-08-19,New
16165,Sanjay,Rao,Jaipur,Andhra Pradesh,2024-05-20,New
16166,Meera,Reddy,Chennai,Rajasthan,2022-07-11,Regular
16167,Rohan,Wilson,Vijayawada,Delhi,2022-01-16,New
16168,Riya,Smith,Kolkata,West Bengal,2021-05-12,New
16169,Emma,Thomas,,Telangana,2024-10-29,Premium
16170,Riya,Kumar,Pune,Rajasthan,2021-04-28,Regular
16171,Neha,Brown,Bengaluru,Andhra Pradesh,2024-09-13,Regular
16172,Rohan,Clark,Vijayawada,Karnataka,2022-08-30,New
16173,Daniel,Lewis,Pune,Tamil Nadu,2021-01-05,New
16174,Sanjay,Walker,Mumbai,Karnataka,2025-01-21,New
16175,Priya,Singh,Hyderabad,Tamil Nadu,2024-03-31,Regular
16176,Priya,Patel,Bengaluru,Rajasthan,2024-03-02,Regular
16177,Aisha,Smith,Vijayawada,Maharashtra,2023-05-27,Regular
16178,Neha,Mehta,Visakhapatnam,Maharashtra,2024-05-01,Premium
16179,Riya,Singh,Chennai,Andhra Pradesh,2021-08-02,Premium
16180,Daniel,Kumar,Visakhapatnam,Tamil Nadu,2022-01-10,New
16181,Kiran,Kumar,Delhi,Rajasthan,2023-05-21,Regular
16182,Olivia,Rao,Mumbai,Andhra Pradesh,2024-03-21,Regular
16183,Vikram,Martin,Pune,Tamil Nadu,2023-07-31,Regular
16184,Daniel,Reddy,Kolkata,West Bengal,2022-10-13,Premium
16185,Vikram,Kumar,Jaipur,Maharashtra,2023-12-12,Regular
16186,Olivia,Gupta,Pune,Tamil Nadu,2021-04-06,Regular
16187,Kiran,Lewis,Mumbai,Rajasthan,2023-03-25,New
16188,Sophia,White,Vijayawada,Maharashtra,2022-09-24,Regular
16189,Rahul,Verma,Delhi,Telangana,2023-03-09,Regular
16190,Priya,Sharma,Mumbai,Maharashtra,2021-07-30,Regular
16191,Daniel,Sharma,Pune,Delhi,2024-12-16,Regular
16192,Aarav,Lewis,Delhi,Karnataka,2024-09-27,Regular
16193,Aditya,Verma,Bengaluru,West Bengal,2025-02-17,Regular
16194,Arjun,Reddy,Hyderabad,Karnataka,2024-09-06,Premium
16195,Rohan,Clark,Kolkata,Telangana,2023-11-29,New
16196,Kiran,Brown,Bengaluru,Delhi,2022-04-05,Regular
16197,Kavya,Rao,Delhi,Karnataka,2021-07-02,Regular
16198,Aditya,Mehta,Vijayawada,Andhra Pradesh,2023-09-07,Regular
16199,Vikram,Singh,Chennai,Telangana,2025-02-23,Regular
16200,Vikram,Walker,Mumbai,Maharashtra,2022-08-06,Regular
16201,Daniel,Thomas,Jaipur,Telangana,2025-05-08,Regular
16202,Sophia,Patel,Hyderabad,Maharashtra,2021-09-04,New
16203,Sanjay,Martin,Vijayawada,Rajasthan,2022-03-30,Premium
16204,Vikram,Patel,Bengaluru,West Bengal,2023-11-06,Regular
16205,Arjun,Mehta,Jaipur,Delhi,2023-02-28,New
16206,Sophia,Martin,Pune,Karnataka,2024-05-01,New
16207,Aisha,Sharma,Hyderabad,Tamil Nadu,2022-07-06,New
16208,Riya,Martin,Vijayawada,Maharashtra,2024-05-24,New
16209,Aditya,Singh,Bengaluru,Delhi,2022-04-27,New
16210,Kavya,Taylor,Mumbai,Karnataka,2021-08-27,New
16211,Arjun,Mehta,Delhi,Rajasthan,2023-06-30,Premium
16212,Meera,Sharma,Vijayawada,West Bengal,2023-04-01,Regular
16213,Sneha,Thomas,Pune,Tamil Nadu,2023-06-27,Regular
16214,Rohan,Gupta,Visakhapatnam,Telangana,2021-02-08,Regular
16215,Aisha,White,Pune,Delhi,2022-10-20,Regular
16216,Kavya,Clark,Mumbai,Maharashtra,2021-05-25,Premium
16217,Ananya,Patel,Mumbai,West Bengal,2024-07-11,New
16218,Vikram,Wilson,Visakhapatnam,Delhi,2021-05-10,Regular
16219,Aarav,Nair,,West Bengal,2025-01-30,Premium
16220,Daniel,Wilson,Bengaluru,Andhra Pradesh,2021-04-02,Premium
16221,Aditya,Smith,Vijayawada,Delhi,2023-09-04,Regular
16222,Rohan,Gupta,Pune,West Bengal,2022-06-19,Premium
16223,Meera,Taylor,Mumbai,Tamil Nadu,2021-06-27,Regular
16224,Aditya,Gupta,Hyderabad,Rajasthan,2022-07-27,New
16225,Kiran,Walker,Jaipur,Maharashtra,2021-03-05,New
16226,Aisha,Walker,Hyderabad,West Bengal,2024-01-22,Regular
16227,Sneha,Patel,Jaipur,Rajasthan,2024-10-25,New
16228,Meera,Martin,Hyderabad,Tamil Nadu,2022-06-12,New
16229,Aarav,Walker,Delhi,Telangana,2022-12-04,New
16230,Priya,Kumar,Bengaluru,Karnataka,2021-08-13,Regular
16231,Priya,Martin,Pune,Karnataka,2023-02-11,Premium
16232,Kavya,Walker,Visakhapatnam,Telangana,2025-02-24,Premium
16233,Vikram,Singh,Delhi,Delhi,2023-05-12,Regular
16234,Vikram,Smith,Delhi,Tamil Nadu,2024-11-01,Premium
16235,Riya,Thomas,Bengaluru,Telangana,2024-06-02,Regular
16236,Meera,Rao,Jaipur,Karnataka,2021-07-18,Regular
16237,Emma,Singh,Mumbai,Tamil Nadu,2021-03-26,Regular
16238,Aditya,Nair,Delhi,Tamil Nadu,2022-08-04,New
16239,Sophia,Rao,Visakhapatnam,Rajasthan,2025-02-13,Regular
16240,Aditya,Martin,Kolkata,West Bengal,2021-09-26,Regular
16241,Meera,Nair,Vijayawada,West Bengal,2021-03-13,Premium
16242,Vikram,Nair,Bengaluru,West Bengal,2025-03-15,New
16243,Daniel,Walker,Pune,Andhra Pradesh,2021-11-13,New
16244,Rohan,Smith,Delhi,Tamil Nadu,2022-07-24,Regular
16245,Emma,Walker,Bengaluru,Telangana,2024-06-02,New
16246,Rohan,Martin,Mumbai,Delhi,2021-06-06,Premium
16247,Riya,Lewis,Visakhapatnam,Telangana,2021-10-01,Regular
16248,Priya,Patel,Jaipur,Karnataka,2024-03-08,Regular
16249,Arjun,Walker,Visakhapatnam,Andhra Pradesh,2021-01-11,Regular
16250,Vikram,Walker,Jaipur,Delhi,2024-02-13,Regular
16251,Meera,Sharma,Jaipur,West Bengal,2023-05-18,New
16252,Vikram,Nair,Bengaluru,Delhi,2022-01-21,Regular
16253,Aditya,Verma,Visakhapatnam,Delhi,2023-09-09,New
16254,Neha,Verma,Kolkata,Tamil Nadu,2022-05-30,Regular
16255,Aditya,Thomas,Visakhapatnam,Karnataka,2025-02-27,Regular
16256,Rahul,Taylor,Kolkata,Tamil Nadu,2022-10-27,New
16257,Kavya,Singh,Bengaluru,Andhra Pradesh,2024-04-12,Regular
16258,Meera,Wilson,Delhi,Rajasthan,2022-03-05,Regular
16259,Aisha,White,Vijayawada,Telangana,2024-08-26,Regular
16260,Daniel,Verma,Bengaluru,Delhi,2022-04-08,Regular
16261,Rahul,Walker,Delhi,Maharashtra,2023-03-24,Regular
16262,Ananya,Wilson,Kolkata,Delhi,2024-07-06,Regular
16263,Sanjay,Walker,Pune,Karnataka,2025-01-21,Regular
16264,Daniel,Walker,Vijayawada,Telangana,2024-04-17,New
16265,Neha,Sharma,Bengaluru,Karnataka,2023-12-04,Regular
16266,Arjun,Clark,Mumbai,Karnataka,2024-01-14,Regular
16267,Meera,Patel,Jaipur,Telangana,2022-10-12,Regular
16268,Aarav,Clark,Delhi,Tamil Nadu,2024-01-04,Premium
16269,Aditya,Clark,Bengaluru,West Bengal,2023-07-09,New
16270,Aisha,Gupta,Bengaluru,Rajasthan,2023-04-16,Regular
16271,Neha,Reddy,Delhi,West Bengal,2022-05-17,Regular
16272,Riya,Verma,Jaipur,Karnataka,2022-07-16,Regular
16273,Sneha,Rao,Hyderabad,Tamil Nadu,2021-07-17,Premium
16274,Emma,Smith,Bengaluru,Tamil Nadu,2024-02-27,New
16275,Sneha,Reddy,Mumbai,Karnataka,2021-02-05,Regular
16276,Arjun,Sharma,Chennai,Rajasthan,2021-07-06,Regular
16277,Arjun,Verma,Bengaluru,West Bengal,2022-04-14,Regular
16278,Riya,Thomas,Chennai,Maharashtra,2021-08-14,Regular
16279,Aarav,Rao,Kolkata,Maharashtra,2024-04-14,Regular
16280,Kiran,Rao,Visakhapatnam,Tamil Nadu,2021-07-22,New
16281,Aarav,Patel,Mumbai,Maharashtra,2023-01-01,Regular
16282,Rohan,Gupta,Vijayawada,West Bengal,2024-03-18,Regular
16283,Sneha,Gupta,Visakhapatnam,Rajasthan,2023-08-01,Regular
16284,Vikram,Gupta,Hyderabad,Maharashtra,2023-08-05,New
16285,Priya,Rao,Visakhapatnam,Karnataka,2022-07-05,Premium
16286,Sophia,Gupta,Bengaluru,Rajasthan,2022-12-22,Regular
16287,Arjun,Taylor,Kolkata,Tamil Nadu,2024-05-12,New
16288,Arjun,Rao,Vijayawada,Telangana,2023-02-01,New
16289,Aditya,Thomas,Visakhapatnam,Delhi,2024-01-25,Regular
16290,Emma,Wilson,Pune,Andhra Pradesh,2024-08-17,Premium
16291,Ananya,Wilson,Kolkata,Tamil Nadu,2022-01-27,Regular
16292,Kavya,Smith,Hyderabad,Tamil Nadu,2021-07-14,Premium
16293,Aarav,Walker,Pune,Tamil Nadu,2023-01-12,Regular
16294,Aisha,Gupta,Jaipur,Andhra Pradesh,2022-09-06,Regular
16295,Arjun,White,Bengaluru,Rajasthan,2021-08-28,Regular
16296,Aisha,Singh,Bengaluru,Andhra Pradesh,2024-05-01,New
16297,Rahul,Kumar,Vijayawada,Karnataka,2023-09-26,New
16298,Olivia,Clark,Delhi,Andhra Pradesh,2023-11-19,Regular
16299,Aditya,Lewis,Pune,Tamil Nadu,2024-02-09,New
16300,Vikram,Reddy,Chennai,Andhra Pradesh,2022-11-28,New
16301,Rohan,Smith,Bengaluru,Rajasthan,2023-03-28,New
16302,Aarav,Brown,Vijayawada,West Bengal,2021-12-25,New
16303,Vikram,Singh,Mumbai,Rajasthan,2024-03-16,New
16304,Sneha,Brown,Vijayawada,Karnataka,2025-02-23,New
16305,Rohan,Taylor,Pune,West Bengal,2024-10-30,Premium
16306,Kiran,Smith,Mumbai,Telangana,2022-10-15,Regular
16307,Emma,Brown,Chennai,West Bengal,2021-03-21,Regular
16308,Rahul,Lewis,Kolkata,Tamil Nadu,2024-11-05,New
16309,Kiran,Singh,Chennai,Rajasthan,2023-07-09,New
16310,Vikram,Wilson,Jaipur,Maharashtra,2024-05-29,Premium
16311,Priya,Rao,Pune,Andhra Pradesh,2022-04-27,Regular
16312,Rohan,White,Visakhapatnam,Tamil Nadu,2024-10-10,Regular
16313,Aarav,Gupta,Pune,Telangana,2024-09-03,Regular
16314,Arjun,Lewis,Pune,West Bengal,2021-01-28,Regular
16315,Olivia,Wilson,Pune,Karnataka,2023-06-23,Regular
16316,Arjun,Singh,Pune,West Bengal,2023-02-03,New
16317,Riya,Thomas,Pune,Maharashtra,2023-11-19,Regular
16318,Daniel,Singh,Visakhapatnam,Rajasthan,2022-02-20,New
16319,Priya,Gupta,Vijayawada,Tamil Nadu,2021-06-06,Regular
16320,Rohan,Rao,Hyderabad,Maharashtra,2022-03-15,New
16321,Riya,Taylor,Hyderabad,West Bengal,2023-04-21,Regular
16322,Sophia,Nair,Hyderabad,Andhra Pradesh,2022-03-08,Regular
16323,Rahul,Smith,Kolkata,Karnataka,2023-01-13,Regular
16324,Sophia,Smith,Chennai,West Bengal,2022-09-15,Premium
16325,Daniel,Patel,Mumbai,Maharashtra,2024-01-16,New
16326,Rahul,Singh,Visakhapatnam,Rajasthan,2022-10-20,Premium
16327,Arjun,Rao,Bengaluru,West Bengal,2021-08-20,Regular
16328,Aisha,Singh,Bengaluru,Andhra Pradesh,2023-10-12,Premium
16329,Arjun,Walker,Hyderabad,Tamil Nadu,2021-12-07,Regular
16330,Kavya,Nair,Chennai,Tamil Nadu,2022-04-26,Regular
16331,Arjun,Verma,Hyderabad,Andhra Pradesh,2024-02-05,Regular
16332,Meera,Taylor,Kolkata,Telangana,2022-03-13,Regular
16333,Sanjay,Thomas,Vijayawada,Delhi,2021-04-09,Regular
16334,Arjun,Taylor,Bengaluru,Rajasthan,2022-07-31,Regular
16335,Arjun,Smith,Delhi,Rajasthan,2022-09-13,Regular
16336,Vikram,White,Mumbai,West Bengal,2024-01-04,Regular
16337,Neha,Lewis,Hyderabad,Maharashtra,2024-02-09,New
16338,Arjun,Singh,Pune,Andhra Pradesh,2021-01-01,New
16339,Emma,Patel,Kolkata,Telangana,2024-04-26,Regular
16340,Kavya,Nair,Chennai,Andhra Pradesh,2024-04-10,Regular
16341,Aditya,Clark,Vijayawada,Karnataka,2021-10-05,Regular
16342,Sophia,White,Jaipur,West Bengal,2022-06-27,Regular
16343,Meera,Martin,Hyderabad,Tamil Nadu,2024-05-11,New
16344,Meera,Taylor,Bengaluru,Andhra Pradesh,2023-07-11,New
16345,Vikram,Singh,Chennai,Delhi,2022-06-28,New
16346,Aisha,Smith,Visakhapatnam,Rajasthan,2024-05-03,New
16347,Sneha,Patel,Bengaluru,Andhra Pradesh,2023-10-08,Regular
16348,Sophia,Brown,Pune,Rajasthan,2023-03-29,Regular
16349,Priya,Patel,Delhi,Karnataka,2021-01-10,Premium
16350,Meera,Reddy,Bengaluru,Maharashtra,2023-11-02,New
16351,Rohan,White,Hyderabad,Maharashtra,2021-10-15,Regular
16352,Aarav,Lewis,Bengaluru,Telangana,2025-01-11,Regular
16353,Rahul,Taylor,Hyderabad,Telangana,2021-10-30,New
16354,Olivia,Wilson,Delhi,Telangana,2021-02-17,Regular
16355,Aisha,Singh,Jaipur,Andhra Pradesh,2022-08-25,Premium
16356,Kiran,Smith,Mumbai,Maharashtra,2022-07-14,Regular
16357,Meera,Martin,Chennai,Andhra Pradesh,2022-07-18,Regular
16358,Aarav,Brown,Chennai,Andhra Pradesh,2025-01-22,New
16359,Aarav,Gupta,Jaipur,Telangana,2022-03-16,New
16360,Neha,Nair,Jaipur,Andhra Pradesh,2024-09-01,New
16361,Kavya,Clark,Kolkata,Karnataka,2021-09-18,New
16362,Daniel,Gupta,Pune,Maharashtra,2023-09-14,Regular
16363,Riya,White,Bengaluru,Rajasthan,2021-07-29,New
16364,Aditya,Thomas,Jaipur,Tamil Nadu,2022-01-02,Regular
16365,Emma,Lewis,Hyderabad,Rajasthan,2021-08-25,Premium
16366,Priya,Brown,Bengaluru,Delhi,2022-06-13,Regular
16367,Emma,Singh,Kolkata,Telangana,2023-01-06,New
16368,Vikram,Sharma,Bengaluru,Andhra Pradesh,2024-10-04,New
16369,Aarav,Brown,Bengaluru,Telangana,2024-04-25,Regular
16370,Arjun,Nair,Delhi,West Bengal,2024-01-23,New
16371,Sophia,Kumar,Hyderabad,Maharashtra,2023-02-22,Regular
16372,Arjun,Walker,Chennai,Karnataka,2022-04-03,Regular
16373,Daniel,White,Kolkata,Delhi,2022-04-20,Regular
16374,Aisha,Nair,Bengaluru,Tamil Nadu,2021-07-31,New
16375,Rahul,Taylor,Vijayawada,Telangana,2023-11-30,New
16376,Olivia,Verma,Hyderabad,Delhi,2024-06-03,Premium
16377,Rahul,Mehta,Kolkata,Telangana,2023-05-27,Premium
16378,Rahul,Wilson,Hyderabad,Delhi,2023-07-11,Regular
16379,Sneha,Verma,Vijayawada,Karnataka,2022-08-19,Regular
16380,Aditya,Clark,Vijayawada,Andhra Pradesh,2025-03-22,Regular
16381,Aditya,Patel,Vijayawada,Rajasthan,2024-11-21,New
16382,Vikram,Taylor,Chennai,Rajasthan,2022-10-13,Premium
16383,Kavya,White,Chennai,Rajasthan,2024-04-23,New
16384,Aarav,Lewis,Jaipur,Telangana,2022-07-13,Regular
16385,Sanjay,Sharma,Vijayawada,Delhi,2021-07-18,New
16386,Sneha,Kumar,Bengaluru,Karnataka,2022-04-11,Regular
16387,Priya,Wilson,Hyderabad,Telangana,2024-08-28,Regular
16388,Meera,Walker,Mumbai,Maharashtra,2023-02-11,Regular
16389,Sanjay,Clark,Kolkata,Maharashtra,2024-10-16,Regular
16390,Kavya,Walker,Mumbai,Tamil Nadu,2022-06-01,Regular
16391,Riya,Kumar,Visakhapatnam,Telangana,2023-01-06,Regular
16392,Kiran,Brown,Delhi,Maharashtra,2021-04-28,Regular
16393,Aditya,Martin,Jaipur,Karnataka,2024-06-03,Regular
16394,Sneha,Wilson,Visakhapatnam,Telangana,2022-05-15,Regular
16395,Sneha,Thomas,Pune,Maharashtra,2021-05-26,Regular
16396,Arjun,Singh,Visakhapatnam,Telangana,2021-12-17,New
16397,Sneha,Mehta,Pune,Rajasthan,2023-12-01,Regular
16398,Vikram,Verma,Hyderabad,Andhra Pradesh,2024-07-28,New
16399,Sneha,Walker,Mumbai,Rajasthan,2025-03-08,Regular
16400,Daniel,Singh,Pune,Telangana,2022-01-12,Regular
16401,Neha,Rao,Jaipur,Maharashtra,2023-08-03,Regular
16402,Riya,Sharma,Visakhapatnam,Andhra Pradesh,2023-01-05,New
16403,Rohan,Patel,Bengaluru,Delhi,2024-02-19,Regular
16404,Daniel,White,Hyderabad,Tamil Nadu,2023-12-13,New
16405,Emma,Clark,Delhi,Andhra Pradesh,2021-04-23,Premium
16406,Daniel,Gupta,Delhi,Tamil Nadu,2021-08-27,New
16407,Aisha,Martin,Vijayawada,Rajasthan,2023-08-03,Regular
16408,Kavya,Smith,Chennai,Telangana,2023-05-01,New
16409,Neha,Walker,Visakhapatnam,West Bengal,2024-11-18,Regular
16410,Daniel,Rao,Pune,Telangana,2024-09-17,New
16411,Emma,White,Mumbai,Rajasthan,2021-04-04,Regular
16412,Ananya,Nair,Pune,Tamil Nadu,2023-07-24,New
16413,Arjun,Martin,Jaipur,Telangana,2022-10-13,Regular
16414,Aarav,Nair,Mumbai,Andhra Pradesh,2023-02-11,New
16415,Sanjay,Taylor,Delhi,Rajasthan,2021-04-14,Regular
16416,Arjun,Rao,Visakhapatnam,Rajasthan,2024-09-04,New
16417,Sanjay,Clark,Hyderabad,Maharashtra,2021-09-22,Premium
16418,Rahul,Wilson,Delhi,Telangana,2025-02-24,Regular
16419,Sophia,Gupta,Vijayawada,Karnataka,2025-01-30,Regular
16420,Arjun,White,Jaipur,Telangana,2024-08-06,New
16421,Kavya,Martin,Hyderabad,Telangana,2021-07-08,New
16422,Kiran,Verma,Vijayawada,Karnataka,2022-10-16,Regular
16423,Vikram,Kumar,Visakhapatnam,Delhi,2021-02-08,Regular
16424,Aisha,White,Mumbai,Andhra Pradesh,2023-09-06,Regular
16425,Sophia,Thomas,Vijayawada,Delhi,2024-10-14,Regular
16426,Riya,Taylor,Pune,Karnataka,2023-04-23,New
16427,Sophia,Clark,Kolkata,Delhi,2021-02-06,Premium
16428,Sneha,Wilson,Mumbai,Karnataka,2022-05-01,Regular
16429,Meera,Singh,Bengaluru,Maharashtra,2021-09-30,Premium
16430,Rahul,Singh,Visakhapatnam,Rajasthan,2022-11-28,Regular
16431,Olivia,Reddy,Chennai,Karnataka,2022-08-18,New
16432,Aisha,Reddy,Bengaluru,Andhra Pradesh,2024-08-19,Regular
16433,Aditya,Martin,Visakhapatnam,Tamil Nadu,2021-12-20,Premium
16434,Kiran,Lewis,Jaipur,West Bengal,2022-04-26,New
16435,Kavya,Patel,Kolkata,Tamil Nadu,2022-01-16,Regular
16436,Aarav,Smith,Delhi,Karnataka,2024-11-24,Regular
16437,Emma,Kumar,Mumbai,Maharashtra,2022-04-17,New
16438,Aditya,Verma,Kolkata,Maharashtra,2025-05-06,New
16439,Arjun,Thomas,Kolkata,Delhi,2023-12-03,Regular
16440,Rohan,Clark,Delhi,Karnataka,2022-05-06,Premium
16441,Emma,Walker,Kolkata,Rajasthan,2023-08-09,Regular
16442,Aditya,Rao,Delhi,West Bengal,2021-07-16,Premium
16443,Neha,Walker,Visakhapatnam,Andhra Pradesh,2024-12-17,New
16444,Emma,Thomas,Kolkata,Andhra Pradesh,2025-03-12,New
16445,Aarav,Rao,Mumbai,West Bengal,2022-04-15,New
16446,Riya,Rao,Kolkata,Karnataka,2021-10-01,Regular
16447,Aditya,Kumar,Chennai,Delhi,2022-11-17,Regular
16448,Meera,Walker,Chennai,Rajasthan,2024-05-19,New
16449,Vikram,Singh,Visakhapatnam,Telangana,2023-09-30,Regular
16450,Rahul,Gupta,Delhi,Maharashtra,2021-03-04,Regular
16451,Riya,Verma,Hyderabad,Karnataka,2021-01-14,Regular
16452,Emma,Kumar,Mumbai,Andhra Pradesh,2022-01-12,Regular
16453,Sophia,Clark,Jaipur,Rajasthan,2024-04-22,Regular
16454,Meera,Taylor,Kolkata,Telangana,2022-02-21,Premium
16455,Priya,Patel,Visakhapatnam,Andhra Pradesh,2024-12-02,Regular
16456,Vikram,Patel,Delhi,Tamil Nadu,2022-04-21,Premium
16457,Aditya,Sharma,Hyderabad,Rajasthan,2024-11-29,Premium
16458,Kavya,Walker,Bengaluru,Telangana,2025-01-10,Premium
16459,Rohan,Verma,Hyderabad,Karnataka,2024-03-10,New
16460,Priya,Taylor,Vijayawada,West Bengal,2021-10-08,Regular
16461,Vikram,Kumar,Vijayawada,Andhra Pradesh,2021-04-26,Regular
16462,Ananya,Singh,Pune,Telangana,2021-10-05,New
16463,Sanjay,Brown,Vijayawada,Karnataka,2023-10-10,Regular
16464,Rahul,Singh,Delhi,Tamil Nadu,2024-01-12,New
16465,Rahul,Wilson,Vijayawada,Telangana,2025-04-26,Regular
16466,Neha,Walker,Kolkata,Andhra Pradesh,2025-03-04,Regular
16467,Kiran,Rao,Pune,West Bengal,2022-05-08,Regular
16468,Arjun,Wilson,Kolkata,West Bengal,2022-09-15,Premium
16469,Neha,Walker,Mumbai,Maharashtra,2024-05-20,Regular
16470,Vikram,Lewis,Vijayawada,West Bengal,2024-05-22,Regular
16471,Aarav,Sharma,Jaipur,Delhi,2022-05-17,New
16472,Rahul,Kumar,Chennai,West Bengal,2021-02-19,Premium
16473,Ananya,White,Kolkata,Maharashtra,2021-06-04,New
16474,Sophia,Walker,Bengaluru,West Bengal,2024-08-11,Regular
16475,Sanjay,Rao,Mumbai,West Bengal,2022-07-12,New
16476,Aditya,Brown,Kolkata,West Bengal,2024-03-03,New
16477,Sanjay,Smith,Chennai,Andhra Pradesh,2024-07-05,New
16478,Kiran,Taylor,Chennai,Tamil Nadu,2024-12-05,Regular
16479,Aisha,Thomas,Mumbai,Rajasthan,2023-02-27,Premium
16480,Rohan,Nair,Bengaluru,Telangana,2023-10-17,Regular
16481,Meera,Lewis,Kolkata,Maharashtra,2021-11-09,Regular
16482,Olivia,Reddy,Bengaluru,Maharashtra,2025-02-15,New
16483,Daniel,Sharma,Mumbai,Andhra Pradesh,2024-11-14,Premium
16484,Sneha,White,Mumbai,Telangana,2022-09-16,Regular
16485,Aisha,Patel,Jaipur,Karnataka,2022-08-11,Premium
16486,Daniel,White,Jaipur,Maharashtra,2024-03-18,Regular
16487,Riya,Gupta,Hyderabad,Andhra Pradesh,2022-10-25,Regular
16488,Aditya,Nair,Bengaluru,Maharashtra,2024-03-06,New
16489,Rahul,Sharma,Vijayawada,West Bengal,2021-05-25,Regular
16490,Rahul,Walker,Chennai,Karnataka,2022-03-06,Premium
16491,Olivia,Nair,Kolkata,Rajasthan,2024-06-02,Regular
16492,Sneha,Patel,Jaipur,Andhra Pradesh,2025-01-12,Premium
16493,Aditya,Mehta,Bengaluru,Telangana,2021-02-11,Premium
16494,Rohan,Patel,Jaipur,West Bengal,2024-05-31,New
16495,Aditya,Thomas,Hyderabad,Karnataka,2021-04-21,Regular
16496,Emma,Reddy,Chennai,Delhi,2024-10-18,Regular
16497,Kavya,Mehta,Delhi,West Bengal,2022-02-10,New
16498,Olivia,Nair,Visakhapatnam,Rajasthan,2022-08-04,Regular
16499,Rohan,Sharma,Delhi,Telangana,2024-02-22,New
16500,Priya,Reddy,Bengaluru,Tamil Nadu,2024-09-08,Regular
16501,Rahul,Brown,Chennai,West Bengal,2022-10-26,Regular
16502,Sophia,Nair,Vijayawada,Tamil Nadu,2022-05-19,Regular
16503,Neha,Kumar,Delhi,West Bengal,2025-04-17,Regular
16504,Sneha,Kumar,Hyderabad,Karnataka,2025-03-24,Regular
16505,Ananya,Clark,Delhi,Karnataka,2023-04-19,New
16506,Aditya,Martin,Pune,Delhi,2021-02-08,Regular
16507,Daniel,Wilson,Hyderabad,West Bengal,2025-03-31,Regular
16508,Priya,Clark,Chennai,Karnataka,2023-09-18,Regular
16509,Meera,Reddy,Jaipur,Andhra Pradesh,2023-06-04,Regular
16510,Aarav,Taylor,Vijayawada,Andhra Pradesh,2021-06-29,Regular
16511,Aditya,Thomas,Hyderabad,Telangana,2025-05-09,New
16512,Emma,Singh,Hyderabad,Tamil Nadu,2024-02-24,New
16513,Arjun,Brown,Mumbai,Delhi,2021-12-15,Regular
16514,Rahul,Thomas,Pune,Maharashtra,2022-08-05,New
16515,Emma,Wilson,Pune,Tamil Nadu,2022-07-04,New
16516,Rohan,Singh,Kolkata,Delhi,2024-10-25,New
16517,Aditya,Taylor,Bengaluru,Rajasthan,2023-01-31,Regular
16518,Sneha,Thomas,Hyderabad,Tamil Nadu,2024-10-28,Regular
16519,Vikram,Sharma,Kolkata,Karnataka,2024-01-06,Regular
16520,Aarav,Smith,Visakhapatnam,West Bengal,2022-08-12,Regular
16521,Aarav,Brown,Bengaluru,Delhi,2022-10-12,Regular
16522,Arjun,Nair,Mumbai,West Bengal,2024-07-19,Regular
16523,Vikram,Sharma,Kolkata,West Bengal,2023-03-11,Premium
16524,Meera,Reddy,Bengaluru,Andhra Pradesh,2023-12-26,Regular
16525,Aditya,Thomas,Visakhapatnam,West Bengal,2021-07-16,Regular
16526,Arjun,Clark,Chennai,Delhi,2022-11-14,Regular
16527,Aarav,Verma,Delhi,Maharashtra,2023-07-13,Regular
16528,Priya,Walker,Mumbai,Maharashtra,2022-07-04,Regular
16529,Emma,Walker,Kolkata,Tamil Nadu,2024-09-18,New
16530,Rohan,Taylor,Bengaluru,Maharashtra,2021-12-03,Premium
16531,Arjun,Smith,Hyderabad,Delhi,2024-09-21,Regular
16532,Sanjay,White,Delhi,West Bengal,2021-04-12,New
16533,Priya,Wilson,Visakhapatnam,Andhra Pradesh,2022-11-15,Regular
16534,Vikram,Walker,Kolkata,Maharashtra,2023-04-08,Regular
16535,Sophia,White,Vijayawada,West Bengal,2022-02-10,New
16536,Riya,Patel,Pune,Maharashtra,2023-05-15,New
16537,Rohan,Taylor,Bengaluru,Tamil Nadu,2024-12-12,Premium
16538,Sophia,Martin,Pune,Karnataka,2022-12-12,Regular
16539,Rohan,Clark,Jaipur,Tamil Nadu,2023-05-13,New
16540,Rahul,Rao,Vijayawada,West Bengal,2025-03-01,New
16541,Daniel,Lewis,Vijayawada,Karnataka,2025-01-17,Regular
16542,Sophia,Mehta,Mumbai,Telangana,2021-01-22,Regular
16543,Rohan,Nair,Delhi,Tamil Nadu,2024-03-07,Regular
16544,Sneha,Patel,Kolkata,Rajasthan,2024-09-22,Premium
16545,Vikram,Rao,Kolkata,Karnataka,2025-02-16,New
16546,Kavya,White,Visakhapatnam,Karnataka,2024-07-05,New
16547,Meera,Martin,Kolkata,Maharashtra,2021-05-13,New
16548,Aisha,Martin,Chennai,Maharashtra,2024-04-29,Regular
16549,Sneha,Lewis,Chennai,Rajasthan,2024-09-13,New
16550,Aisha,Gupta,Kolkata,Karnataka,2023-04-20,Regular
16551,Sneha,Taylor,Visakhapatnam,Maharashtra,2021-02-03,Regular
16552,Emma,Nair,Jaipur,Tamil Nadu,2021-11-01,New
16553,Vikram,Clark,Kolkata,Karnataka,2022-03-17,Premium
16554,Priya,Verma,Delhi,Tamil Nadu,2024-10-12,Premium
16555,Ananya,Lewis,Visakhapatnam,Tamil Nadu,2021-07-21,Regular
16556,Neha,Martin,Jaipur,West Bengal,2024-04-06,Premium
16557,Rahul,Thomas,Hyderabad,Andhra Pradesh,2021-10-14,Regular
16558,Rohan,Walker,Mumbai,Karnataka,2024-08-25,Regular
16559,Sophia,Thomas,Mumbai,Maharashtra,2021-01-19,Regular
16560,Rahul,Rao,Delhi,Tamil Nadu,2022-01-13,New
16561,Kavya,Brown,Chennai,Andhra Pradesh,2021-06-12,Regular
16562,Meera,Mehta,Mumbai,Telangana,2023-06-06,Regular
16563,Priya,Reddy,Hyderabad,Maharashtra,2024-06-03,Regular
16564,Aarav,Smith,Hyderabad,Tamil Nadu,2022-10-28,Regular
16565,Aarav,Verma,Pune,Tamil Nadu,2023-05-04,Regular
16566,Aditya,Nair,Jaipur,Rajasthan,2023-10-21,Premium
16567,Rahul,Kumar,Chennai,Delhi,2022-12-29,New
16568,Arjun,Brown,Chennai,Maharashtra,2024-04-19,New
16569,Vikram,Smith,Chennai,Andhra Pradesh,2022-03-31,New
16570,Vikram,Kumar,Jaipur,Andhra Pradesh,2021-10-05,Premium
16571,Emma,Wilson,Kolkata,Karnataka,2021-10-27,Regular
16572,Kavya,Patel,Kolkata,Maharashtra,2021-10-06,New
16573,Aarav,Kumar,Bengaluru,Maharashtra,2021-03-02,Regular
16574,Kavya,Verma,Jaipur,Maharashtra,2021-03-11,Regular
16575,Rahul,Nair,Bengaluru,Tamil Nadu,2021-03-26,New
16576,Ananya,Walker,Jaipur,Andhra Pradesh,2021-09-09,Premium
16577,Aarav,Reddy,Jaipur,Rajasthan,2023-10-12,Regular
16578,Arjun,Rao,Delhi,Telangana,2022-01-20,New
16579,Rahul,Martin,Visakhapatnam,Andhra Pradesh,2023-07-25,Premium
16580,Ananya,Singh,Jaipur,Andhra Pradesh,2021-04-27,New
16581,Priya,White,Delhi,Tamil Nadu,2024-07-04,New
16582,Kiran,Martin,Vijayawada,Maharashtra,2022-07-24,Regular
16583,Kavya,Walker,Delhi,Telangana,2022-12-07,New
16584,Aisha,Walker,Delhi,Tamil Nadu,2023-12-17,Regular
16585,Aisha,Kumar,Mumbai,Karnataka,2025-05-16,New
16586,Sneha,Mehta,Kolkata,Rajasthan,2024-06-22,New
16587,Neha,Martin,Chennai,Telangana,2022-10-05,Premium
16588,Priya,Sharma,Bengaluru,Tamil Nadu,2022-07-08,New
16589,Sanjay,Mehta,Chennai,Maharashtra,2022-06-26,Regular
16590,Priya,Taylor,Hyderabad,Rajasthan,2021-05-15,New
16591,Aarav,Thomas,Jaipur,Andhra Pradesh,2022-06-25,Regular
16592,Sophia,Verma,Chennai,Rajasthan,2024-04-29,New
16593,Kiran,Lewis,Vijayawada,Tamil Nadu,2022-03-18,New
16594,Riya,Taylor,Pune,Tamil Nadu,2022-09-18,Premium
16595,Sophia,Sharma,Mumbai,Delhi,2021-04-21,New
16596,Priya,Gupta,Chennai,Tamil Nadu,2022-02-07,Premium
16597,Olivia,Walker,Visakhapatnam,Telangana,2021-04-20,Regular
16598,Priya,Sharma,Delhi,Andhra Pradesh,2023-01-24,Regular
16599,Rahul,Kumar,Pune,Telangana,2022-04-21,New
16600,Aarav,Rao,Kolkata,Karnataka,2025-04-01,Premium
16601,Rahul,White,Visakhapatnam,Rajasthan,2023-08-02,New
16602,Daniel,Martin,Kolkata,West Bengal,2022-08-20,New
16603,Priya,Kumar,Pune,West Bengal,2023-05-11,Regular
16604,Rohan,Nair,Visakhapatnam,Karnataka,2025-03-16,New
16605,Ananya,Walker,Visakhapatnam,Tamil Nadu,2021-10-16,Regular
16606,Aditya,Singh,Jaipur,Karnataka,2022-02-10,Regular
16607,Olivia,Smith,Hyderabad,West Bengal,2023-05-23,New
16608,Sophia,Mehta,Visakhapatnam,Delhi,2021-06-18,New
16609,Arjun,Thomas,Bengaluru,Tamil Nadu,2023-04-12,Regular
16610,Aisha,Thomas,Kolkata,West Bengal,2021-09-09,Regular
16611,Rohan,Clark,Kolkata,Andhra Pradesh,2024-10-14,Regular
16612,Aarav,Kumar,Chennai,West Bengal,2024-05-23,Regular
16613,Daniel,Mehta,Hyderabad,Telangana,2021-03-19,Regular
16614,Arjun,Taylor,Jaipur,Delhi,2023-05-11,Regular
16615,Sanjay,Verma,Visakhapatnam,Karnataka,2021-12-02,New
16616,Aarav,Taylor,Bengaluru,Tamil Nadu,2023-07-21,New
16617,Priya,Wilson,Kolkata,Rajasthan,2023-05-22,New
16618,Sneha,Nair,Bengaluru,Maharashtra,2025-03-29,Regular
16619,Rohan,Kumar,Delhi,Andhra Pradesh,2021-10-12,New
16620,Arjun,White,Mumbai,Karnataka,2023-03-19,Regular
16621,Rahul,Clark,Vijayawada,Rajasthan,2025-03-25,New
16622,Daniel,Lewis,Delhi,Tamil Nadu,2021-07-07,New
16623,Emma,Gupta,Pune,Karnataka,2022-02-11,New
16624,Daniel,Rao,Kolkata,Tamil Nadu,2024-02-24,Regular
16625,Neha,Rao,Pune,Karnataka,2021-06-22,Regular
16626,Neha,Sharma,Hyderabad,Delhi,2021-11-29,Regular
16627,Riya,Patel,Delhi,Karnataka,2025-03-12,Premium
16628,Kavya,Rao,Vijayawada,Karnataka,2023-07-20,Regular
16629,Ananya,White,Pune,West Bengal,2021-03-31,New
16630,Aditya,Singh,Bengaluru,Telangana,2024-09-29,Premium
16631,Priya,Brown,Hyderabad,Maharashtra,2023-04-18,Regular
16632,Arjun,Brown,Chennai,West Bengal,2023-02-03,New
16633,Vikram,Nair,Vijayawada,Maharashtra,2025-05-07,New
16634,Aisha,Walker,Mumbai,Telangana,2022-05-18,Regular
16635,Olivia,Reddy,Jaipur,Karnataka,2022-08-29,New
16636,Rahul,Lewis,Mumbai,Rajasthan,2023-07-10,Regular
16637,Arjun,Martin,Pune,Andhra Pradesh,2022-01-22,New
16638,Arjun,Rao,Vijayawada,Tamil Nadu,2021-07-23,Premium
16639,Riya,Thomas,Kolkata,Andhra Pradesh,2021-08-09,Regular
16640,Rohan,Verma,Hyderabad,Telangana,2022-05-08,Regular
16641,Rohan,White,Hyderabad,Telangana,2021-05-08,New
16642,Aarav,Sharma,Bengaluru,Rajasthan,2023-03-18,Regular
16643,Sophia,Sharma,Visakhapatnam,West Bengal,2025-05-09,Premium
16644,Ananya,Brown,Hyderabad,Delhi,2022-02-11,New
16645,Riya,Walker,Hyderabad,Tamil Nadu,2021-03-07,Regular
16646,Aisha,Reddy,Vijayawada,Andhra Pradesh,2021-03-04,New
16647,Rahul,Thomas,Kolkata,Delhi,2021-09-24,Regular
16648,Emma,Walker,Jaipur,Maharashtra,2023-07-26,Regular
16649,Sneha,Mehta,Chennai,Maharashtra,2023-01-24,Regular
16650,Kavya,Lewis,Kolkata,Tamil Nadu,2022-10-04,Regular
16651,Sanjay,Thomas,Bengaluru,Delhi,2024-04-22,New
16652,Emma,Singh,Delhi,West Bengal,2022-09-17,Regular
16653,Daniel,Lewis,Bengaluru,Andhra Pradesh,2023-09-13,Regular
16654,Ananya,Taylor,Jaipur,Maharashtra,2025-05-14,New
16655,Arjun,Sharma,Pune,Tamil Nadu,2021-09-29,Premium
16656,Emma,Smith,Chennai,Delhi,2021-06-28,New
16657,Olivia,Taylor,Jaipur,Delhi,2021-12-15,New
16658,Neha,Clark,Hyderabad,Tamil Nadu,2021-09-04,Regular
16659,Sneha,Thomas,Vijayawada,Telangana,2024-08-19,New
16660,Sanjay,Mehta,Delhi,Tamil Nadu,2024-11-03,New
16661,Arjun,Gupta,Kolkata,Telangana,2023-06-15,New
16662,Daniel,Patel,Chennai,Telangana,2021-07-28,Premium
16663,Priya,Reddy,Visakhapatnam,Rajasthan,2024-09-24,New
16664,Aditya,Wilson,Pune,Andhra Pradesh,2025-01-08,Regular
16665,Meera,White,Pune,Telangana,2022-10-15,New
16666,Aarav,Reddy,Pune,Tamil Nadu,2023-12-12,New
16667,Arjun,Martin,Chennai,Tamil Nadu,2023-09-01,New
16668,Sanjay,Smith,Mumbai,Rajasthan,2023-04-26,Premium
16669,Priya,Patel,Bengaluru,Maharashtra,2022-07-20,Regular
16670,Kiran,Singh,Pune,Tamil Nadu,2022-03-22,Premium
16671,Vikram,Gupta,Pune,West Bengal,2022-03-18,Regular
16672,Kiran,Taylor,Mumbai,Maharashtra,2022-07-30,New
16673,Rohan,Gupta,Jaipur,Karnataka,2024-04-30,New
16674,Neha,Clark,Bengaluru,Tamil Nadu,2024-08-14,Regular
16675,Sneha,Nair,Jaipur,Karnataka,2021-07-01,Regular
16676,Olivia,Kumar,Visakhapatnam,West Bengal,2021-04-03,Regular
16677,Emma,Reddy,Hyderabad,Rajasthan,2023-02-05,New
16678,Aditya,Verma,Vijayawada,Andhra Pradesh,2024-05-14,Regular
16679,Daniel,Verma,Chennai,Maharashtra,2023-06-17,New
16680,Neha,Martin,Hyderabad,Maharashtra,2024-08-17,Regular
16681,Vikram,Mehta,Visakhapatnam,Telangana,2024-02-16,Premium
16682,Rohan,Patel,Bengaluru,Tamil Nadu,2024-02-04,New
16683,Aisha,Singh,Chennai,Telangana,2023-05-12,New
16684,Emma,Smith,Hyderabad,West Bengal,2021-03-29,New
16685,Kiran,Rao,Bengaluru,Rajasthan,2021-10-15,Regular
16686,Vikram,Taylor,Hyderabad,Karnataka,2024-04-03,Regular
16687,Vikram,Walker,Visakhapatnam,West Bengal,2022-05-10,Premium
16688,Rahul,Nair,Hyderabad,Delhi,2024-03-03,Premium
16689,Meera,Smith,Vijayawada,Maharashtra,2022-06-27,Regular
16690,Neha,Clark,Bengaluru,West Bengal,2021-01-21,Regular
16691,Priya,Singh,Jaipur,West Bengal,2023-12-19,New
16692,Meera,Brown,Visakhapatnam,Tamil Nadu,2024-11-28,Premium
16693,Emma,Rao,Kolkata,Andhra Pradesh,2022-12-15,Regular
16694,Riya,Wilson,Visakhapatnam,West Bengal,2021-07-31,New
16695,Rahul,Martin,Chennai,Tamil Nadu,2022-10-26,Premium
16696,Sneha,Kumar,Vijayawada,West Bengal,2025-03-18,Regular
16697,Olivia,Patel,Chennai,West Bengal,2022-05-25,New
16698,Riya,Sharma,Kolkata,Telangana,2021-04-24,Regular
16699,Rohan,Sharma,Jaipur,Karnataka,2024-05-13,New
16700,Kiran,Reddy,Vijayawada,Tamil Nadu,2022-01-16,New
16701,Olivia,Martin,Chennai,Telangana,2021-03-01,New
16702,Aarav,Walker,Vijayawada,Maharashtra,2024-01-10,Regular
16703,Neha,Verma,Visakhapatnam,Maharashtra,2022-06-26,New
16704,Rahul,Lewis,Visakhapatnam,Andhra Pradesh,2021-08-08,New
16705,Olivia,Martin,Vijayawada,Karnataka,2021-03-28,Regular
16706,Aarav,Clark,Vijayawada,Delhi,2021-10-23,New
16707,Aarav,Martin,Vijayawada,West Bengal,2021-08-28,Regular
16708,Rohan,Patel,Vijayawada,Maharashtra,2021-01-18,Regular
16709,Sanjay,Brown,Bengaluru,Rajasthan,2022-08-17,New
16710,Priya,Brown,Visakhapatnam,Tamil Nadu,2024-08-15,New
16711,Aditya,Wilson,Bengaluru,Maharashtra,2022-09-26,New
16712,Kiran,Thomas,Delhi,Telangana,2021-03-02,Regular
16713,Sneha,Kumar,Mumbai,Maharashtra,2024-11-11,Regular
16714,Sneha,Taylor,Chennai,Telangana,2023-10-10,New
16715,Daniel,Clark,Chennai,Rajasthan,2025-03-23,New
16716,Priya,Kumar,Hyderabad,Karnataka,2023-07-21,New
16717,Sneha,Verma,Pune,Andhra Pradesh,2023-02-03,Regular
16718,Meera,Lewis,Pune,Telangana,2023-03-29,New
16719,Vikram,Sharma,Pune,Tamil Nadu,2021-01-11,Regular
16720,Meera,Patel,Hyderabad,Telangana,2022-08-24,Regular
16721,Olivia,Clark,Kolkata,Tamil Nadu,2022-12-09,New
16722,Rohan,Patel,Bengaluru,Delhi,2022-04-25,Regular
16723,Vikram,Martin,Visakhapatnam,Maharashtra,2024-09-01,Premium
16724,Rohan,Walker,Hyderabad,Delhi,2025-03-12,New
16725,Aditya,Mehta,Hyderabad,Andhra Pradesh,2023-02-05,Regular
16726,Sneha,Mehta,Mumbai,Telangana,2024-06-10,Regular
16727,Olivia,Verma,Pune,Maharashtra,2021-12-24,New
16728,Sneha,Nair,Jaipur,Delhi,2025-01-16,Regular
16729,Rahul,Nair,Delhi,Delhi,2024-01-31,New
16730,Rohan,Smith,Mumbai,Karnataka,2024-03-20,New
16731,Meera,Lewis,Visakhapatnam,Karnataka,2023-08-10,Regular
16732,Rohan,White,,Maharashtra,2024-08-19,Premium
16733,Sneha,Lewis,Visakhapatnam,West Bengal,2023-05-05,New
16734,Meera,Kumar,Pune,Rajasthan,2025-03-23,Regular
16735,Rohan,Rao,Mumbai,Tamil Nadu,2023-11-26,New
16736,Kavya,Thomas,Mumbai,Delhi,2022-12-27,Regular
16737,Kiran,Brown,Hyderabad,Tamil Nadu,2021-11-30,Regular
16738,Rahul,Rao,Kolkata,Telangana,2024-12-22,Regular
16739,Kiran,Rao,Delhi,Maharashtra,2021-03-31,Premium
16740,Ananya,Kumar,Kolkata,Tamil Nadu,2021-03-10,Regular
16741,Aarav,Rao,Kolkata,Karnataka,2021-02-19,New
16742,Olivia,Verma,Hyderabad,West Bengal,2021-06-22,Premium
16743,Neha,Verma,Visakhapatnam,Tamil Nadu,2022-01-31,New
16744,Aarav,Brown,Delhi,Karnataka,2023-02-24,Regular
16745,Olivia,Gupta,Kolkata,Maharashtra,2022-03-19,Regular
16746,Olivia,Singh,Hyderabad,Rajasthan,2022-12-28,Regular
16747,Aarav,Lewis,Vijayawada,West Bengal,2022-12-18,Regular
16748,Vikram,Verma,Kolkata,Maharashtra,2022-12-03,Regular
16749,Kiran,Gupta,Mumbai,Andhra Pradesh,2021-04-06,Regular
16750,Neha,Wilson,Jaipur,Telangana,2023-05-10,Regular
16751,Aisha,Brown,Kolkata,Tamil Nadu,2022-04-25,Premium
16752,Ananya,Smith,Jaipur,Delhi,2023-05-12,New
16753,Kavya,Singh,Visakhapatnam,Maharashtra,2021-04-07,New
16754,Aarav,Martin,Chennai,West Bengal,2024-10-24,Regular
16755,Meera,Patel,Jaipur,West Bengal,2024-03-01,New
16756,Daniel,Clark,Vijayawada,Maharashtra,2022-07-08,Regular
16757,Neha,Verma,Bengaluru,Rajasthan,2022-07-30,New
16758,Priya,Verma,Vijayawada,Rajasthan,2022-05-21,Regular
16759,Aditya,Nair,Pune,Maharashtra,2025-05-05,Regular
16760,Sophia,Verma,Visakhapatnam,Rajasthan,2024-01-29,Premium
16761,Aarav,Taylor,Bengaluru,West Bengal,2023-01-07,Regular
16762,Aditya,Mehta,Chennai,Karnataka,2023-11-04,New
16763,Rahul,Kumar,Mumbai,Telangana,2021-04-14,New
16764,Olivia,Smith,Pune,Telangana,2024-08-20,Regular
16765,Priya,Gupta,Kolkata,Karnataka,2023-08-12,Premium
16766,Daniel,Kumar,Chennai,Tamil Nadu,2022-05-10,Regular
16767,Meera,Clark,Vijayawada,Telangana,2024-01-15,Regular
16768,Sneha,Rao,Hyderabad,Delhi,2021-01-11,Regular
16769,Neha,Smith,Mumbai,Maharashtra,2023-02-24,Regular
16770,Sanjay,Patel,Kolkata,Delhi,2025-02-19,Regular
16771,Sneha,Rao,Chennai,Delhi,2024-04-30,New
16772,Meera,Nair,Pune,Tamil Nadu,2021-03-12,New
16773,Sophia,Kumar,Kolkata,Delhi,2023-08-02,Regular
16774,Neha,White,Chennai,Rajasthan,2023-12-25,Regular
16775,Daniel,Rao,Jaipur,Tamil Nadu,2023-04-23,New
16776,Daniel,Smith,Visakhapatnam,Tamil Nadu,2022-05-30,Premium
16777,Neha,Smith,Jaipur,Delhi,2023-12-23,New
16778,Ananya,Verma,Pune,Andhra Pradesh,2022-11-09,Regular
16779,Rahul,Smith,Mumbai,Delhi,2025-02-27,Regular
16780,Aditya,Smith,Jaipur,Andhra Pradesh,2024-09-02,Regular
16781,Olivia,Reddy,Vijayawada,Telangana,2024-12-26,Regular
16782,Rahul,Taylor,Vijayawada,Telangana,2022-11-03,Regular
16783,Kiran,Kumar,Bengaluru,Maharashtra,2023-12-20,Regular
16784,Meera,Verma,Visakhapatnam,Karnataka,2021-08-19,Regular
16785,Sanjay,Nair,Delhi,Telangana,2024-04-18,Premium
16786,Sophia,Verma,Vijayawada,Karnataka,2024-04-22,Regular
16787,Kavya,Reddy,Visakhapatnam,Tamil Nadu,2024-05-25,Regular
16788,Aarav,Martin,Bengaluru,Rajasthan,2021-02-02,New
16789,Sanjay,Verma,Hyderabad,Andhra Pradesh,2022-12-31,Regular
16790,Aisha,Reddy,Hyderabad,Tamil Nadu,2022-03-16,New
16791,Olivia,Sharma,Kolkata,Rajasthan,2025-01-04,Regular
16792,Daniel,Brown,Jaipur,Andhra Pradesh,2023-05-11,Regular
16793,Olivia,Taylor,Hyderabad,Tamil Nadu,2023-09-06,New
16794,Arjun,Brown,Bengaluru,Maharashtra,2022-12-02,Regular
16795,Aisha,Martin,Pune,Rajasthan,2021-07-02,Regular
16796,Rahul,Thomas,Mumbai,Maharashtra,2023-09-20,Premium
16797,Arjun,Lewis,Bengaluru,Tamil Nadu,2023-09-05,New
16798,Meera,White,Kolkata,Rajasthan,2022-09-03,New
16799,Priya,Lewis,Jaipur,West Bengal,2023-10-05,Regular
16800,Kavya,Thomas,Chennai,Maharashtra,2022-09-17,Regular
16801,Olivia,Verma,Hyderabad,Andhra Pradesh,2023-11-23,New
16802,Arjun,Brown,Chennai,West Bengal,2022-07-12,Regular
16803,Neha,Wilson,Bengaluru,Tamil Nadu,2024-05-22,Premium
16804,Emma,Patel,Pune,Maharashtra,2024-11-20,New
16805,Ananya,Taylor,Bengaluru,Telangana,2023-02-14,Regular
16806,Neha,Smith,Mumbai,Telangana,2021-01-28,New
16807,Priya,Brown,Bengaluru,Rajasthan,2023-12-28,Premium
16808,Daniel,Clark,Kolkata,Telangana,2025-02-12,Regular
16809,Aarav,Taylor,Pune,Andhra Pradesh,2024-02-10,Regular
16810,Olivia,Walker,Hyderabad,Karnataka,2022-07-28,Premium
16811,Emma,White,Hyderabad,Delhi,2023-06-22,New
16812,Emma,Clark,Pune,West Bengal,2022-08-07,Regular
16813,Ananya,Gupta,Delhi,Rajasthan,2024-05-23,Regular
16814,Neha,Patel,Bengaluru,Tamil Nadu,2024-03-07,Regular
16815,Kiran,Gupta,Mumbai,Rajasthan,2023-09-28,Regular
16816,Aditya,Martin,Kolkata,Maharashtra,2022-09-14,New
16817,Olivia,Lewis,Pune,Andhra Pradesh,2021-10-04,New
16818,Neha,Lewis,Bengaluru,Telangana,2023-09-14,New
16819,Aisha,Taylor,Mumbai,Tamil Nadu,2022-06-24,Premium
16820,Rahul,Taylor,Bengaluru,Delhi,2024-12-16,Regular
16821,Riya,White,Jaipur,West Bengal,2021-04-11,Regular
16822,Meera,Taylor,Visakhapatnam,Andhra Pradesh,2024-09-15,New
16823,Sophia,Kumar,Mumbai,Tamil Nadu,2024-06-01,Regular
16824,Rahul,Brown,Chennai,Delhi,2023-04-05,Regular
16825,Neha,Nair,Bengaluru,Delhi,2025-05-09,Regular
16826,Neha,Wilson,Vijayawada,Rajasthan,2024-02-21,Regular
16827,Neha,Wilson,Jaipur,Telangana,2021-03-08,New
16828,Arjun,Gupta,Chennai,Telangana,2022-09-20,New
16829,Priya,Gupta,Kolkata,Delhi,2024-09-06,Premium
16830,Aditya,Reddy,Chennai,Telangana,2024-05-26,Regular
16831,Kavya,Gupta,Jaipur,Karnataka,2021-09-14,Regular
16832,Sanjay,Clark,Chennai,Delhi,2021-09-30,Premium
16833,Ananya,Taylor,Hyderabad,Tamil Nadu,2025-01-18,Regular
16834,Kavya,Walker,Visakhapatnam,Tamil Nadu,2021-03-15,Regular
16835,Arjun,Walker,,Tamil Nadu,2025-02-28,Regular
16836,Riya,Lewis,Mumbai,West Bengal,2023-05-16,New
16837,Aisha,Patel,Jaipur,Tamil Nadu,2024-07-15,New
16838,Arjun,Rao,Chennai,Andhra Pradesh,2021-12-11,Premium
16839,Arjun,Reddy,Chennai,Karnataka,2022-07-05,Regular
16840,Olivia,Reddy,Delhi,Telangana,2024-03-11,New
16841,Aditya,Singh,Kolkata,Karnataka,2021-09-17,Regular
16842,Olivia,Gupta,Mumbai,Rajasthan,2021-06-12,New
16843,Priya,Sharma,Vijayawada,Tamil Nadu,2023-09-02,Regular
16844,Rohan,Clark,Vijayawada,Telangana,2021-01-14,Regular
16845,Aditya,Brown,Bengaluru,Tamil Nadu,2025-02-11,New
16846,Meera,Taylor,Jaipur,West Bengal,2023-12-18,New
16847,Rahul,Taylor,Bengaluru,Tamil Nadu,2024-02-16,Regular
16848,Ananya,White,Delhi,Maharashtra,2023-03-13,Regular
16849,Rohan,Kumar,Pune,Telangana,2023-09-26,Premium
16850,Vikram,Rao,Pune,West Bengal,2025-03-04,Regular
16851,Kiran,Rao,Bengaluru,Karnataka,2021-01-08,New
16852,Neha,Smith,Mumbai,Telangana,2022-01-31,New
16853,Meera,Brown,Hyderabad,West Bengal,2024-01-21,Regular
16854,Arjun,Thomas,Jaipur,Rajasthan,2021-07-17,Regular
16855,Olivia,Smith,Bengaluru,Delhi,2022-01-28,New
16856,Olivia,Singh,Pune,Rajasthan,2021-02-06,New
16857,Meera,Smith,Chennai,Maharashtra,2021-03-30,New
16858,Daniel,White,Bengaluru,Delhi,2022-12-12,New
16859,Ananya,Smith,Mumbai,Tamil Nadu,2023-11-23,Regular
16860,Emma,Smith,Jaipur,Delhi,2021-06-11,Premium
16861,Aisha,Patel,Pune,Rajasthan,2025-04-22,New
16862,Sneha,Sharma,Jaipur,West Bengal,2024-05-26,Regular
16863,Vikram,Singh,Visakhapatnam,Telangana,2023-11-27,Regular
16864,Sneha,Sharma,Pune,Delhi,2021-04-26,Regular
16865,Daniel,Mehta,Jaipur,Maharashtra,2023-04-11,New
16866,Sophia,Lewis,Mumbai,Delhi,2025-01-13,New
16867,Ananya,Verma,Delhi,Delhi,2022-01-16,New
16868,Sanjay,Wilson,Kolkata,Delhi,2023-05-16,Regular
16869,Aisha,Lewis,Delhi,Andhra Pradesh,2023-06-22,Regular
16870,Arjun,Thomas,Visakhapatnam,Andhra Pradesh,2024-01-20,Regular
16871,Vikram,Taylor,Bengaluru,Rajasthan,2025-01-09,Regular
16872,Sneha,Thomas,Pune,Delhi,2021-07-29,New
16873,Sophia,Gupta,Kolkata,Tamil Nadu,2021-04-11,New
16874,Rohan,Verma,Mumbai,Karnataka,2021-05-24,New
16875,Ananya,Nair,Visakhapatnam,Andhra Pradesh,2022-03-04,New
16876,Rohan,Thomas,Mumbai,Rajasthan,2022-07-20,New
16877,Ananya,Verma,Mumbai,Telangana,2024-11-06,Premium
16878,Aarav,Walker,Mumbai,Karnataka,2023-04-13,Premium
16879,Sneha,Patel,Kolkata,West Bengal,2024-04-06,Regular
16880,Sneha,Patel,Bengaluru,Karnataka,2023-07-10,Regular
16881,Rohan,Martin,Bengaluru,Telangana,2025-03-05,Regular
16882,Aditya,Thomas,Vijayawada,Rajasthan,2022-06-12,Regular
16883,Riya,Taylor,Chennai,Telangana,2023-12-07,Regular
16884,Vikram,Rao,Bengaluru,Karnataka,2022-03-13,New
16885,Aarav,Sharma,Chennai,Rajasthan,2022-01-09,Premium
16886,Aarav,Rao,Mumbai,Telangana,2025-04-20,Regular
16887,Olivia,Mehta,Hyderabad,Andhra Pradesh,2021-02-08,New
16888,Kiran,Verma,Visakhapatnam,Delhi,2022-03-13,Regular
16889,Rahul,Walker,Bengaluru,Delhi,2022-09-10,Regular
16890,Olivia,Lewis,Pune,Andhra Pradesh,2021-08-09,Premium
16891,Rahul,Thomas,Chennai,Telangana,2024-05-20,Regular
16892,Rohan,Sharma,Chennai,Telangana,2022-07-30,Regular
16893,Aarav,Kumar,Hyderabad,Karnataka,2023-01-05,New
16894,Meera,Verma,Jaipur,Maharashtra,2022-05-02,Regular
16895,Meera,Wilson,Jaipur,Rajasthan,2024-11-28,New
16896,Riya,Taylor,Bengaluru,Telangana,2022-11-06,New
16897,Aditya,Gupta,Bengaluru,Maharashtra,2024-06-13,Regular
16898,Rohan,Kumar,Visakhapatnam,Maharashtra,2023-09-25,Regular
16899,Daniel,Rao,Pune,Karnataka,2025-03-10,Regular
16900,Emma,Thomas,Hyderabad,Tamil Nadu,2023-08-24,Regular
16901,Aarav,White,Bengaluru,Karnataka,2025-04-27,New
16902,Meera,Walker,Pune,Karnataka,2024-01-23,Regular
16903,Emma,Smith,Delhi,Delhi,2021-04-05,Regular
16904,Sneha,Reddy,Kolkata,Rajasthan,2021-09-08,Regular
16905,Kavya,White,Bengaluru,Maharashtra,2024-06-17,Regular
16906,Aarav,Patel,Mumbai,West Bengal,2021-03-15,New
16907,Aarav,Gupta,Chennai,West Bengal,2021-11-01,New
16908,Aarav,White,Delhi,Andhra Pradesh,2024-06-19,Premium
16909,Vikram,Brown,Mumbai,Andhra Pradesh,2022-07-22,New
16910,Sophia,Patel,Chennai,Rajasthan,2021-12-14,New
16911,Kavya,Brown,Visakhapatnam,Andhra Pradesh,2021-11-13,New
16912,Riya,Reddy,Delhi,Rajasthan,2022-05-21,Regular
16913,Aditya,Rao,Pune,Rajasthan,2024-09-02,Regular
16914,Daniel,White,Bengaluru,West Bengal,2022-12-31,Regular
16915,Vikram,Gupta,Hyderabad,Maharashtra,2025-03-07,Premium
16916,Daniel,Lewis,Vijayawada,Tamil Nadu,2024-02-21,New
16917,Aarav,Brown,Jaipur,Delhi,2022-03-06,New
16918,Aarav,Taylor,Delhi,Andhra Pradesh,2021-09-19,Premium
16919,Arjun,Martin,Hyderabad,Andhra Pradesh,2025-02-19,Regular
16920,Riya,Smith,Pune,Delhi,2024-12-14,Regular
16921,Aditya,Sharma,Chennai,Telangana,2021-07-16,Regular
16922,Priya,Walker,Hyderabad,Tamil Nadu,2022-05-30,New
16923,Priya,Mehta,Bengaluru,Delhi,2024-04-03,Premium
16924,Riya,Taylor,Pune,Maharashtra,2025-04-22,New
16925,Rohan,Smith,Pune,Maharashtra,2024-12-16,Regular
16926,Aarav,Taylor,Delhi,Tamil Nadu,2022-04-02,New
16927,Kiran,Nair,Kolkata,Telangana,2024-12-05,Regular
16928,Aditya,Clark,Chennai,Maharashtra,2024-03-07,Regular
16929,Aisha,Singh,Chennai,Maharashtra,2023-01-11,New
16930,Riya,Taylor,Kolkata,Andhra Pradesh,2022-08-26,Premium
16931,Arjun,Smith,Bengaluru,Telangana,2024-07-25,New
16932,Riya,Brown,Hyderabad,Maharashtra,2024-08-31,Regular
16933,Arjun,Sharma,Visakhapatnam,Andhra Pradesh,2025-01-02,New
16934,Kavya,Nair,Chennai,Tamil Nadu,2023-01-10,Regular
16935,Kiran,Sharma,Bengaluru,Tamil Nadu,2022-03-03,Regular
16936,Rohan,Brown,Vijayawada,Telangana,2024-10-24,Regular
16937,Priya,Taylor,Delhi,Delhi,2022-04-30,Regular
16938,Rohan,Brown,Bengaluru,Andhra Pradesh,2024-04-21,Regular
16939,Riya,Thomas,Visakhapatnam,Maharashtra,2023-03-26,Premium
16940,Sophia,Nair,Chennai,Maharashtra,2023-07-27,Premium
16941,Emma,Rao,Kolkata,West Bengal,2021-12-02,New
16942,Ananya,Verma,Kolkata,Maharashtra,2022-02-04,Regular
16943,Neha,Singh,Visakhapatnam,Maharashtra,2023-11-11,New
16944,Ananya,Clark,Vijayawada,Andhra Pradesh,2022-02-20,New
16945,Riya,Clark,Vijayawada,Tamil Nadu,2023-12-07,Regular
16946,Sneha,Verma,Hyderabad,Andhra Pradesh,2025-05-06,Regular
16947,Priya,Thomas,Jaipur,Tamil Nadu,2021-05-12,Regular
16948,Ananya,Sharma,Bengaluru,Delhi,2025-01-20,Regular
16949,Kiran,Patel,Chennai,Tamil Nadu,2021-10-02,Regular
16950,Sneha,Gupta,Pune,West Bengal,2021-08-10,Premium
16951,Meera,Nair,Chennai,Maharashtra,2024-08-27,New
16952,Ananya,Singh,Delhi,Karnataka,2021-11-23,Regular
16953,Emma,Brown,Hyderabad,West Bengal,2023-11-03,New
16954,Emma,Thomas,Pune,Rajasthan,2021-06-20,New
16955,Ananya,Mehta,Mumbai,Telangana,2021-05-19,Premium
16956,Daniel,Verma,Kolkata,Delhi,2021-11-19,New
16957,Vikram,Reddy,Delhi,West Bengal,2023-04-14,New
16958,Daniel,Gupta,Vijayawada,West Bengal,2022-04-10,Regular
16959,Aditya,Clark,Bengaluru,Karnataka,2021-12-24,New
16960,Sneha,Clark,Jaipur,Telangana,2024-09-02,Regular
16961,Aditya,Kumar,Mumbai,Delhi,2021-10-06,Premium
16962,Ananya,Sharma,Mumbai,West Bengal,2021-06-02,Regular
16963,Rohan,Clark,Delhi,Tamil Nadu,2021-06-26,Regular
16964,Aisha,Patel,Bengaluru,Tamil Nadu,2024-11-12,Regular
16965,Arjun,Smith,Visakhapatnam,Delhi,2023-02-01,Premium
16966,Emma,Clark,Chennai,Maharashtra,2025-04-05,New
16967,Daniel,Thomas,Jaipur,Maharashtra,2024-07-15,Regular
16968,Sneha,Smith,Bengaluru,West Bengal,2022-03-27,Regular
16969,Neha,Nair,Visakhapatnam,Rajasthan,2024-06-19,Regular
16970,Meera,Thomas,Mumbai,Andhra Pradesh,2022-12-31,New
16971,Vikram,Taylor,Kolkata,Telangana,2023-06-16,Regular
16972,Aisha,Clark,Visakhapatnam,Tamil Nadu,2023-04-27,Regular
16973,Sanjay,Brown,Bengaluru,Telangana,2024-04-28,Regular
16974,Meera,Walker,Mumbai,Andhra Pradesh,2021-11-26,New
16975,Rohan,Thomas,Jaipur,West Bengal,2021-04-06,New
16976,Aisha,Reddy,Bengaluru,Karnataka,2024-03-16,Regular
16977,Riya,Gupta,Bengaluru,Andhra Pradesh,2025-03-07,Regular
16978,Sanjay,Thomas,Delhi,Delhi,2023-07-17,Premium
16979,Kavya,Kumar,Hyderabad,Telangana,2021-07-07,Regular
16980,Priya,Martin,Jaipur,Karnataka,2021-06-29,New
16981,Aditya,Rao,Jaipur,Andhra Pradesh,2023-05-22,Regular
16982,Sneha,Singh,Bengaluru,Tamil Nadu,2024-12-04,Regular
16983,Sophia,Brown,Bengaluru,Delhi,2023-09-10,Regular
16984,Aarav,Walker,Vijayawada,Rajasthan,2022-04-29,Regular
16985,Sophia,Lewis,Delhi,Tamil Nadu,2023-09-21,New
16986,Olivia,Verma,Visakhapatnam,Telangana,2021-09-07,New
16987,Neha,Sharma,Jaipur,Telangana,2023-02-06,New
16988,Kavya,Lewis,,Rajasthan,2025-04-20,New
16989,Kiran,Lewis,Chennai,Delhi,2023-10-05,Regular
16990,Rahul,Wilson,Kolkata,Tamil Nadu,2021-06-14,New
16991,Sneha,Wilson,Kolkata,Telangana,2021-11-19,Premium
16992,Emma,Brown,Pune,West Bengal,2021-04-06,New
16993,Sanjay,Sharma,Chennai,Telangana,2022-10-06,Regular
16994,Aisha,Patel,Chennai,Telangana,2022-01-16,Regular
16995,Aisha,Kumar,Delhi,Delhi,2025-04-17,New
16996,Riya,Walker,Pune,West Bengal,2022-05-26,Regular
16997,Rohan,Sharma,Pune,Delhi,2021-02-25,Premium
16998,Kiran,Smith,Hyderabad,Rajasthan,2022-11-26,Premium
16999,Ananya,Nair,Visakhapatnam,Tamil Nadu,2024-03-25,New
17000,Olivia,Sharma,Vijayawada,Delhi,2024-01-02,Regular
17001,Daniel,Walker,Jaipur,Tamil Nadu,2025-04-13,New
17002,Ananya,Sharma,Visakhapatnam,Tamil Nadu,2022-08-09,Regular
17003,Sophia,Lewis,Kolkata,Karnataka,2023-04-17,New
17004,Sneha,Thomas,Mumbai,Andhra Pradesh,2023-06-14,Premium
17005,Kiran,Thomas,Kolkata,West Bengal,2021-02-08,Regular
17006,Aarav,Patel,Delhi,West Bengal,2021-01-10,New
17007,Kavya,Lewis,Jaipur,Karnataka,2024-06-27,Premium
17008,Kavya,Smith,Chennai,Telangana,2022-09-08,Regular
17009,Sophia,Verma,Hyderabad,Andhra Pradesh,2024-01-07,New
17010,Aisha,Taylor,Bengaluru,West Bengal,2025-02-20,Regular
17011,Aarav,Rao,Bengaluru,Telangana,2022-01-27,Regular
17012,Sneha,Gupta,Kolkata,West Bengal,2024-05-24,Regular
17013,Aisha,Gupta,Bengaluru,Rajasthan,2021-12-08,New
17014,Priya,Smith,Bengaluru,Andhra Pradesh,2024-03-31,New
17015,Ananya,Wilson,Mumbai,Tamil Nadu,2021-09-13,New
17016,Emma,Singh,Vijayawada,Tamil Nadu,2022-05-03,Regular
17017,Kavya,Singh,Pune,Andhra Pradesh,2023-01-23,New
17018,Meera,Walker,Chennai,Maharashtra,2023-02-21,Regular
17019,Priya,Brown,Chennai,West Bengal,2021-02-18,Premium
17020,Aditya,Lewis,Visakhapatnam,Rajasthan,2024-09-13,Premium
17021,Neha,Rao,Pune,Maharashtra,2021-01-10,Regular
17022,Sophia,Gupta,Mumbai,Delhi,2024-11-09,Regular
17023,Kavya,Gupta,Vijayawada,Maharashtra,2021-11-26,Premium
17024,Aisha,Brown,Mumbai,Delhi,2024-02-11,Regular
17025,Rahul,Thomas,Mumbai,Telangana,2024-02-13,Regular
17026,Sophia,Brown,Vijayawada,Rajasthan,2023-01-01,New
17027,Sanjay,Gupta,Mumbai,Delhi,2023-05-10,New
17028,Sophia,White,Delhi,Karnataka,2021-04-28,Regular
17029,Ananya,Smith,Kolkata,Delhi,2024-12-12,New
17030,Daniel,Nair,Chennai,Maharashtra,2021-07-10,New
17031,Olivia,Sharma,Bengaluru,Andhra Pradesh,2023-11-20,New
17032,Riya,Smith,Visakhapatnam,Andhra Pradesh,2021-01-01,Regular
17033,Daniel,Wilson,Chennai,Maharashtra,2024-04-08,Regular
17034,Kavya,Walker,Mumbai,West Bengal,2022-07-29,New
17035,Emma,Singh,Delhi,Telangana,2023-02-10,Regular
17036,Vikram,Patel,Bengaluru,Rajasthan,2021-02-07,New
17037,Arjun,White,Hyderabad,Delhi,2021-12-17,Regular
17038,Neha,Smith,Pune,West Bengal,2022-11-28,New
17039,Emma,Sharma,Jaipur,West Bengal,2024-02-23,Regular
17040,Riya,Kumar,Delhi,Tamil Nadu,2023-08-15,Premium
17041,Neha,Mehta,Delhi,West Bengal,2022-02-21,New
17042,Neha,Wilson,Kolkata,Maharashtra,2023-08-12,Regular
17043,Kavya,Singh,Visakhapatnam,West Bengal,2021-12-23,Premium
17044,Olivia,Nair,Visakhapatnam,Telangana,2023-06-08,Premium
17045,Emma,Martin,Hyderabad,Karnataka,2023-05-15,Regular
17046,Rahul,White,Delhi,Rajasthan,2021-12-28,Regular
17047,Sneha,Mehta,Delhi,West Bengal,2021-11-17,New
17048,Kiran,Verma,Chennai,Karnataka,2023-04-11,New
17049,Riya,Nair,Jaipur,Karnataka,2023-07-29,New
17050,Neha,Kumar,Chennai,Delhi,2025-04-17,Regular
17051,Sophia,Reddy,Visakhapatnam,Telangana,2023-03-04,Premium
17052,Ananya,Clark,Bengaluru,Maharashtra,2022-12-13,New
17053,Meera,Sharma,Kolkata,Tamil Nadu,2023-02-01,Regular
17054,Rahul,Clark,Vijayawada,Karnataka,2024-10-31,Premium
17055,Daniel,Singh,Delhi,Tamil Nadu,2022-05-07,New
17056,Vikram,Taylor,Bengaluru,Tamil Nadu,2022-09-03,New
17057,Kiran,White,Bengaluru,Telangana,2022-08-14,New
17058,Emma,Martin,Kolkata,West Bengal,2023-09-24,New
17059,Sophia,Martin,Visakhapatnam,Tamil Nadu,2024-01-25,Regular
17060,Priya,Gupta,Delhi,Telangana,2023-02-10,Regular
17061,Priya,Smith,Bengaluru,Telangana,2022-02-27,Regular
17062,Aarav,Wilson,Vijayawada,Rajasthan,2024-01-07,New
17063,Sophia,Verma,Pune,Telangana,2022-03-17,Regular
17064,Aarav,Sharma,Hyderabad,Rajasthan,2024-12-06,New
17065,Aarav,Walker,Mumbai,Karnataka,2023-09-26,Regular
17066,Priya,Patel,Chennai,Telangana,2022-12-07,New
17067,Aarav,White,Jaipur,Delhi,2022-01-09,Regular
17068,Vikram,Walker,Jaipur,Andhra Pradesh,2024-04-26,Regular
17069,Kavya,Sharma,Bengaluru,Telangana,2023-09-03,New
17070,Aisha,Martin,Delhi,Tamil Nadu,2024-11-13,Regular
17071,Aditya,Wilson,Hyderabad,Andhra Pradesh,2024-02-05,Regular
17072,Riya,Singh,Pune,Telangana,2024-06-17,Regular
17073,Kavya,Clark,Bengaluru,Karnataka,2021-05-28,Premium
17074,Sanjay,Kumar,Vijayawada,Tamil Nadu,2021-02-09,New
17075,Aisha,Singh,Hyderabad,Andhra Pradesh,2023-11-20,Regular
17076,Sneha,Walker,Jaipur,Andhra Pradesh,2021-01-01,New
17077,Emma,Martin,Chennai,West Bengal,2024-11-26,Regular
17078,Vikram,Kumar,Chennai,West Bengal,2024-11-13,New
17079,Sanjay,Kumar,Visakhapatnam,Telangana,2023-07-26,Regular
17080,Rohan,Gupta,Jaipur,Karnataka,2024-03-12,Premium
17081,Rohan,Reddy,Hyderabad,Rajasthan,2022-11-07,Regular
17082,Olivia,Patel,Bengaluru,West Bengal,2025-03-14,Regular
17083,Aisha,Smith,Visakhapatnam,Karnataka,2021-02-27,New
17084,Neha,Sharma,Jaipur,West Bengal,2022-04-13,Premium
17085,Neha,Gupta,Pune,West Bengal,2024-01-22,Regular
17086,Olivia,Rao,Bengaluru,West Bengal,2024-06-14,Regular
17087,Ananya,White,Bengaluru,Rajasthan,2022-01-23,New
17088,Sanjay,White,Chennai,Delhi,2024-07-06,Regular
17089,Rahul,Clark,Kolkata,Telangana,2023-01-08,Regular
17090,Rohan,Rao,Hyderabad,Andhra Pradesh,2024-10-03,New
17091,Meera,Brown,Kolkata,Telangana,2022-03-04,Premium
17092,Priya,Brown,Visakhapatnam,West Bengal,2024-01-13,Regular
17093,Ananya,Lewis,Bengaluru,Andhra Pradesh,2021-11-29,Premium
17094,Priya,Martin,Jaipur,Karnataka,2021-08-10,New
17095,Sophia,Walker,Jaipur,Andhra Pradesh,2024-02-03,Regular
17096,Sophia,Smith,Chennai,Andhra Pradesh,2023-12-26,New
17097,Vikram,Walker,Bengaluru,West Bengal,2022-04-15,New
17098,Rahul,Martin,Mumbai,Tamil Nadu,2023-08-26,New
17099,Sanjay,Martin,Chennai,Karnataka,2025-02-15,New
17100,Olivia,Taylor,Chennai,West Bengal,2022-06-18,Regular
17101,Priya,Rao,Jaipur,Karnataka,2023-03-14,New
17102,Olivia,Wilson,Bengaluru,West Bengal,2021-11-30,New
17103,Kavya,Nair,Mumbai,Karnataka,2023-04-09,Regular
17104,Sneha,Wilson,Vijayawada,Tamil Nadu,2024-11-17,Regular
17105,Aditya,Gupta,Hyderabad,Delhi,2023-10-15,Regular
17106,Rohan,Thomas,Hyderabad,Karnataka,2021-08-16,Regular
17107,Rahul,Smith,Mumbai,Andhra Pradesh,2024-03-30,New
17108,Neha,Martin,Jaipur,West Bengal,2022-11-07,Regular
17109,Aditya,Singh,Visakhapatnam,Telangana,2021-01-30,Regular
17110,Aditya,Thomas,Jaipur,Andhra Pradesh,2023-09-24,New
17111,Aarav,Clark,Visakhapatnam,West Bengal,2022-04-24,New
17112,Riya,Kumar,Bengaluru,Andhra Pradesh,2025-04-04,Premium
17113,Daniel,Nair,Pune,Delhi,2025-05-12,New
17114,Priya,Taylor,Delhi,West Bengal,2023-12-10,New
17115,Neha,Lewis,Bengaluru,Maharashtra,2023-10-08,New
17116,Daniel,Martin,Jaipur,Karnataka,2022-05-03,Premium
17117,Neha,Mehta,Kolkata,Karnataka,2021-04-24,Regular
17118,Kavya,Gupta,Visakhapatnam,Tamil Nadu,2021-04-08,Premium
17119,Ananya,Walker,Chennai,Tamil Nadu,2023-01-13,Regular
17120,Neha,Lewis,Vijayawada,Andhra Pradesh,2022-05-24,Regular
17121,Neha,Lewis,Bengaluru,Delhi,2025-03-17,New
17122,Aisha,Rao,Hyderabad,Maharashtra,2022-04-14,New
17123,Kavya,Verma,Kolkata,West Bengal,2021-12-10,Regular
17124,Neha,Singh,Hyderabad,West Bengal,2024-08-03,Premium
17125,Arjun,White,Chennai,Rajasthan,2024-08-30,Premium
17126,Daniel,Lewis,Vijayawada,Tamil Nadu,2022-08-26,Premium
17127,Olivia,Patel,Pune,Karnataka,2021-05-11,Regular
17128,Vikram,Singh,Mumbai,Telangana,2021-06-07,Regular
17129,Aditya,Smith,Chennai,Karnataka,2023-04-14,Regular
17130,Sophia,Verma,Kolkata,Delhi,2024-10-23,Regular
17131,Rohan,Mehta,Jaipur,Andhra Pradesh,2022-09-11,New
17132,Emma,Nair,Vijayawada,Delhi,2021-01-29,New
17133,Riya,Taylor,Mumbai,Rajasthan,2022-08-23,New
17134,Olivia,Lewis,Pune,West Bengal,2021-01-05,New
17135,Aarav,Walker,Bengaluru,Rajasthan,2022-11-09,New
17136,Priya,Mehta,Bengaluru,Tamil Nadu,2023-01-30,Regular
17137,Sneha,Clark,Chennai,Tamil Nadu,2024-03-15,Regular
17138,Emma,Taylor,Mumbai,Andhra Pradesh,2021-04-21,Regular
17139,Sanjay,Patel,,West Bengal,2023-02-09,Regular
17140,Rohan,Thomas,Visakhapatnam,Maharashtra,2021-10-11,Regular
17141,Vikram,Nair,Bengaluru,Rajasthan,2023-01-17,Regular
17142,Riya,Wilson,Mumbai,Andhra Pradesh,2025-04-26,Regular
17143,Sophia,Martin,Hyderabad,Tamil Nadu,2024-03-31,New
17144,Rahul,Walker,Hyderabad,Delhi,2024-09-12,Regular
17145,Sanjay,Walker,Mumbai,Maharashtra,2021-03-03,Regular
17146,Rohan,Clark,Jaipur,Maharashtra,2024-05-07,New
17147,Olivia,Brown,Bengaluru,Andhra Pradesh,2024-10-17,Premium
17148,Ananya,Verma,Kolkata,West Bengal,2023-12-10,New
17149,Aditya,Verma,Mumbai,Telangana,2024-06-05,Regular
17150,Rohan,White,Delhi,Delhi,2021-03-18,Premium
17151,Sneha,Singh,Visakhapatnam,West Bengal,2024-03-27,Regular
17152,Kiran,Brown,Visakhapatnam,Delhi,2024-08-30,Regular
17153,Rahul,Taylor,Visakhapatnam,Tamil Nadu,2022-01-05,Regular
17154,Emma,Sharma,Pune,West Bengal,2023-01-24,New
17155,Ananya,Wilson,Hyderabad,Rajasthan,2022-11-08,Regular
17156,Aditya,Gupta,Jaipur,Telangana,2021-06-07,Regular
17157,Aisha,Gupta,Jaipur,Delhi,2021-07-25,New
17158,Aisha,Wilson,Visakhapatnam,Rajasthan,2022-04-27,New
17159,Vikram,Sharma,Pune,Maharashtra,2021-06-24,Premium
17160,Arjun,Patel,Chennai,Tamil Nadu,2023-03-15,New
17161,Aarav,Mehta,Bengaluru,Karnataka,2021-03-31,Premium
17162,Riya,Smith,Mumbai,Karnataka,2021-01-22,New
17163,Kavya,Kumar,Mumbai,Maharashtra,2023-10-04,Regular
17164,Riya,Nair,Chennai,Andhra Pradesh,2022-02-08,Regular
17165,Kavya,Rao,Jaipur,Karnataka,2022-08-28,Regular
17166,Ananya,Brown,Kolkata,Karnataka,2022-06-22,Regular
17167,Sneha,Rao,Chennai,Rajasthan,2023-01-21,New
17168,Aisha,Sharma,Kolkata,Rajasthan,2023-01-13,Regular
17169,Kiran,Brown,Vijayawada,Karnataka,2021-08-02,Regular
17170,Daniel,Clark,Delhi,Maharashtra,2021-01-04,Regular
17171,Olivia,Smith,Jaipur,Maharashtra,2022-12-11,Regular
17172,Emma,Nair,Jaipur,Tamil Nadu,2023-06-24,Regular
17173,Sophia,Mehta,Pune,Karnataka,2024-05-14,New
17174,Kiran,Kumar,Pune,Telangana,2021-11-13,New
17175,Rahul,Singh,Chennai,Delhi,2021-05-15,New
17176,Priya,Verma,Vijayawada,Telangana,2023-08-14,Regular
17177,Aisha,Smith,Jaipur,Delhi,2024-12-14,Premium
17178,Riya,Mehta,Kolkata,Telangana,2022-01-18,New
17179,Kiran,White,Chennai,Karnataka,2021-05-18,New
17180,Aditya,Wilson,Delhi,Telangana,2022-10-07,Premium
17181,Ananya,Sharma,Vijayawada,Maharashtra,2023-06-17,New
17182,Emma,Brown,Hyderabad,Tamil Nadu,2023-09-25,Regular
17183,Arjun,Smith,Delhi,Tamil Nadu,2021-06-30,Regular
17184,Rohan,Sharma,Kolkata,Tamil Nadu,2023-11-17,Regular
17185,Sanjay,Nair,Delhi,Rajasthan,2022-07-04,Regular
17186,Emma,Lewis,Kolkata,Maharashtra,2021-02-18,Premium
17187,Priya,Nair,Visakhapatnam,Andhra Pradesh,2025-01-15,Regular
17188,Arjun,Mehta,Bengaluru,Karnataka,2023-05-07,Regular
17189,Aditya,Singh,Delhi,Maharashtra,2022-05-04,New
17190,Aarav,Reddy,Vijayawada,Telangana,2024-07-30,New
17191,Priya,Rao,Visakhapatnam,Tamil Nadu,2024-06-29,Premium
17192,Sophia,Thomas,Pune,Telangana,2021-11-27,Premium
17193,Sneha,White,Jaipur,Telangana,2025-03-18,Regular
17194,Olivia,Taylor,Mumbai,Karnataka,2023-05-02,New
17195,Aisha,Clark,Pune,Karnataka,2022-02-24,Regular
17196,Olivia,Wilson,Visakhapatnam,Tamil Nadu,2022-12-18,New
17197,Rohan,Taylor,Pune,West Bengal,2021-10-28,Regular
17198,Sophia,Verma,Mumbai,Karnataka,2024-09-21,Regular
17199,Sanjay,Reddy,Delhi,Delhi,2022-03-06,Regular
17200,Ananya,Verma,Kolkata,Tamil Nadu,2022-12-04,Regular
17201,Meera,Lewis,Jaipur,Maharashtra,2021-04-20,Regular
17202,Aditya,Brown,Kolkata,Rajasthan,2025-02-19,Premium
17203,Aditya,Thomas,Bengaluru,Maharashtra,2022-04-30,New
17204,Rahul,Reddy,Hyderabad,Tamil Nadu,2023-11-10,New
17205,Aarav,Singh,Jaipur,Karnataka,2022-07-19,Regular
17206,Neha,Gupta,Pune,Karnataka,2023-06-18,New
17207,Sophia,Nair,Chennai,Andhra Pradesh,2023-06-16,New
17208,Sanjay,White,Chennai,West Bengal,2022-04-13,New
17209,Ananya,Mehta,Bengaluru,Tamil Nadu,2022-11-23,New
17210,Daniel,Taylor,Bengaluru,Maharashtra,2023-08-13,Regular
17211,Riya,Wilson,Vijayawada,Delhi,2021-12-14,Premium
17212,Aarav,Verma,Kolkata,Telangana,2021-07-29,Regular
17213,Neha,White,Delhi,Rajasthan,2021-10-13,Regular
17214,Rahul,Singh,Hyderabad,Andhra Pradesh,2022-10-28,New
17215,Sanjay,Sharma,Kolkata,Delhi,2021-12-09,Regular
17216,Sanjay,Martin,Jaipur,West Bengal,2022-04-01,Regular
17217,Kavya,Taylor,Jaipur,Telangana,2024-01-03,Regular
17218,Vikram,Gupta,Mumbai,Rajasthan,2023-12-09,Regular
17219,Aditya,Lewis,Kolkata,West Bengal,2025-02-18,Regular
17220,Sanjay,Patel,Chennai,Rajasthan,2024-05-07,New
17221,Kiran,Gupta,Visakhapatnam,Andhra Pradesh,2022-11-11,Regular
17222,Meera,Patel,Jaipur,Delhi,2025-01-25,Regular
17223,Kiran,Patel,Chennai,Tamil Nadu,2025-01-13,Regular
17224,Rohan,Martin,Pune,West Bengal,2021-12-22,Premium
17225,Neha,Martin,Chennai,Delhi,2021-10-02,New
17226,Kavya,Wilson,Kolkata,Maharashtra,2024-11-16,New
17227,Aarav,Lewis,Chennai,West Bengal,2024-11-25,Regular
17228,Olivia,Reddy,Kolkata,Rajasthan,2024-09-15,Regular
17229,Daniel,Wilson,Jaipur,Karnataka,2023-01-07,New
17230,Kavya,Kumar,Visakhapatnam,Delhi,2024-10-11,New
17231,Sneha,White,Bengaluru,Andhra Pradesh,2024-05-15,New
17232,Meera,Wilson,Bengaluru,Tamil Nadu,2024-03-30,New
17233,Ananya,Thomas,Visakhapatnam,Tamil Nadu,2023-08-22,Regular
17234,Kiran,Smith,Hyderabad,Telangana,2022-03-05,New
17235,Kiran,Nair,Pune,Tamil Nadu,2024-04-10,Regular
17236,Vikram,Taylor,Jaipur,Delhi,2024-11-05,Regular
17237,Emma,Clark,Pune,Rajasthan,2024-11-16,Regular
17238,Rohan,Patel,Hyderabad,Delhi,2023-08-18,Premium
17239,Aditya,Lewis,Jaipur,Tamil Nadu,2021-03-05,New
17240,Sophia,Martin,Vijayawada,Andhra Pradesh,2024-03-30,New
17241,Neha,Reddy,Mumbai,Karnataka,2022-02-10,New
17242,Kavya,Walker,Kolkata,Karnataka,2021-11-25,New
17243,Sanjay,Patel,Kolkata,Delhi,2021-05-06,Regular
17244,Aditya,Wilson,Delhi,Andhra Pradesh,2021-09-09,New
17245,Aisha,Kumar,Jaipur,Karnataka,2023-02-24,Regular
17246,Priya,Patel,Vijayawada,Telangana,2022-03-19,Premium
17247,Rahul,Wilson,Chennai,West Bengal,2022-09-03,New
17248,Emma,Taylor,Jaipur,Delhi,2023-03-30,New
17249,Ananya,Taylor,Jaipur,West Bengal,2023-04-24,Regular
17250,Meera,Rao,Hyderabad,Maharashtra,2022-10-29,Regular
17251,Rohan,Clark,Chennai,Telangana,2022-12-26,New
17252,Sneha,Sharma,Kolkata,Tamil Nadu,2024-11-21,Regular
17253,Riya,Lewis,Visakhapatnam,Maharashtra,2022-03-29,New
17254,Olivia,Rao,Vijayawada,Maharashtra,2021-01-21,Regular
17255,Sanjay,Wilson,Delhi,Rajasthan,2024-07-04,Regular
17256,Meera,Walker,Mumbai,Karnataka,2021-05-09,New
17257,Daniel,Gupta,Hyderabad,Tamil Nadu,2024-05-24,New
17258,Kavya,Verma,Visakhapatnam,Karnataka,2022-06-05,Regular
17259,Rahul,Clark,Delhi,Delhi,2024-09-08,Regular
17260,Vikram,Lewis,Pune,Andhra Pradesh,2021-09-26,Premium
17261,Sanjay,Singh,Jaipur,Rajasthan,2021-09-21,Regular
17262,Rahul,Brown,Bengaluru,Karnataka,2022-10-13,Regular
17263,Riya,Rao,Chennai,Maharashtra,2022-11-02,Regular
17264,Sophia,Brown,Visakhapatnam,West Bengal,2024-02-23,Regular
17265,Neha,Nair,Chennai,Telangana,2023-11-02,New
17266,Sneha,Sharma,Jaipur,West Bengal,2025-05-09,New
17267,Riya,Walker,Visakhapatnam,Karnataka,2023-12-20,Regular
17268,Ananya,Wilson,Hyderabad,Telangana,2021-11-20,New
17269,Priya,Mehta,Pune,Telangana,2021-05-22,New
17270,Sneha,Kumar,Vijayawada,Rajasthan,2022-03-02,New
17271,Rohan,Reddy,Pune,West Bengal,2025-04-23,Premium
17272,Arjun,Mehta,Chennai,Andhra Pradesh,2024-05-14,Regular
17273,Sneha,Wilson,Hyderabad,West Bengal,2024-03-31,Regular
17274,Emma,Gupta,Hyderabad,Andhra Pradesh,2022-03-12,Premium
17275,Arjun,Martin,Bengaluru,Maharashtra,2023-01-21,Regular
17276,Sanjay,Nair,Chennai,Andhra Pradesh,2024-01-31,Regular
17277,Aditya,Sharma,Mumbai,Telangana,2025-02-24,Regular
17278,Emma,Brown,Visakhapatnam,Delhi,2023-07-23,Regular
17279,Neha,Patel,Delhi,Andhra Pradesh,2021-02-04,Premium
17280,Neha,Sharma,Bengaluru,Rajasthan,2024-09-29,Regular
17281,Kavya,Kumar,Hyderabad,Tamil Nadu,2025-02-03,Regular
17282,Aditya,Gupta,Bengaluru,Karnataka,2021-02-23,Regular
17283,Aisha,Brown,Mumbai,West Bengal,2022-09-20,Regular
17284,Aarav,White,Vijayawada,Telangana,2025-04-17,Regular
17285,Rahul,Singh,Hyderabad,Andhra Pradesh,2025-03-06,New
17286,Emma,Reddy,Pune,West Bengal,2025-03-23,New
17287,Meera,Patel,Pune,West Bengal,2025-04-10,New
17288,Vikram,Rao,Bengaluru,Tamil Nadu,2021-02-05,Regular
17289,Ananya,Singh,Hyderabad,Telangana,2021-08-30,New
17290,Arjun,Rao,Chennai,Delhi,2023-03-11,Premium
17291,Meera,White,Bengaluru,Tamil Nadu,2023-08-24,New
17292,Riya,Nair,Vijayawada,Maharashtra,2022-10-05,New
17293,Aditya,Wilson,Jaipur,Karnataka,2022-03-05,Regular
17294,Kiran,Taylor,Kolkata,Tamil Nadu,2022-02-11,New
17295,Sanjay,Kumar,Vijayawada,Andhra Pradesh,2023-08-24,New
17296,Kiran,Singh,Vijayawada,Rajasthan,2025-04-14,New
17297,Aditya,Verma,Visakhapatnam,Tamil Nadu,2024-08-15,Regular
17298,Sanjay,Mehta,Hyderabad,Karnataka,2021-10-07,New
17299,Ananya,Sharma,Jaipur,Telangana,2021-08-25,Regular
17300,Olivia,Wilson,Pune,Karnataka,2022-02-26,New
17301,Riya,Rao,Delhi,Telangana,2024-03-19,New
17302,Aditya,Rao,Vijayawada,West Bengal,2021-01-14,New
17303,Daniel,Wilson,Pune,West Bengal,2024-02-02,New
17304,Sanjay,Walker,Chennai,Andhra Pradesh,2023-07-18,Regular
17305,Daniel,Lewis,Hyderabad,Tamil Nadu,2023-11-22,Regular
17306,Rohan,White,Bengaluru,Andhra Pradesh,2024-10-09,Regular
17307,Neha,Verma,Hyderabad,Karnataka,2023-08-04,Premium
17308,Sanjay,Kumar,Mumbai,Karnataka,2023-09-23,New
17309,Riya,Singh,Vijayawada,Rajasthan,2023-02-08,Premium
17310,Rohan,Rao,Mumbai,Rajasthan,2023-11-09,Regular
17311,Olivia,Rao,Delhi,Delhi,2022-09-01,Regular
17312,Arjun,Singh,Bengaluru,Delhi,2021-04-17,Premium
17313,Neha,Patel,Delhi,West Bengal,2021-02-10,New
17314,Vikram,Patel,Jaipur,Andhra Pradesh,2024-02-18,Regular
17315,Olivia,Taylor,Mumbai,Karnataka,2023-10-17,Regular
17316,Ananya,Mehta,Pune,Telangana,2022-10-17,Regular
17317,Meera,Sharma,Jaipur,Karnataka,2024-04-09,New
17318,Olivia,Smith,Kolkata,Tamil Nadu,2023-01-28,New
17319,Neha,Clark,Mumbai,Karnataka,2022-02-12,Premium
17320,Arjun,Verma,Bengaluru,Delhi,2023-07-26,Regular
17321,Sanjay,Rao,Jaipur,Karnataka,2022-08-28,New
17322,Sanjay,Gupta,Kolkata,Delhi,2025-04-10,New
17323,Daniel,Nair,Hyderabad,West Bengal,2024-02-28,Regular
17324,Daniel,Gupta,Delhi,Telangana,2024-04-12,New
17325,Priya,Walker,Jaipur,Tamil Nadu,2024-01-06,New
17326,Olivia,White,Jaipur,Delhi,2023-12-31,Premium
17327,Sanjay,Rao,Bengaluru,Telangana,2024-05-21,New
17328,Meera,Walker,Pune,West Bengal,2022-11-23,New
17329,Kiran,Lewis,Jaipur,Andhra Pradesh,2024-08-07,Regular
17330,Sanjay,Reddy,Vijayawada,Tamil Nadu,2021-02-25,New
17331,Aditya,Mehta,Delhi,Telangana,2023-12-03,New
17332,Ananya,Taylor,Mumbai,Delhi,2023-05-12,Regular
17333,Rohan,Verma,Vijayawada,Andhra Pradesh,2021-01-14,Regular
17334,Sanjay,Mehta,Delhi,Tamil Nadu,2023-11-24,Regular
17335,Rohan,Mehta,Delhi,Andhra Pradesh,2021-01-04,Regular
17336,Rahul,Taylor,Jaipur,Andhra Pradesh,2024-02-01,Regular
17337,Sophia,Gupta,Mumbai,Tamil Nadu,2023-04-19,Regular
17338,Kiran,Smith,Kolkata,Delhi,2023-08-31,Regular
17339,Rahul,Singh,Hyderabad,Telangana,2023-09-03,Regular
17340,Sneha,Lewis,Vijayawada,Delhi,2022-04-26,New
17341,Olivia,Reddy,Delhi,Rajasthan,2023-09-23,Regular
17342,Kiran,Reddy,Visakhapatnam,Rajasthan,2021-12-20,New
17343,Emma,Sharma,Mumbai,Karnataka,2024-04-28,New
17344,Kavya,Rao,Jaipur,West Bengal,2021-05-25,Premium
17345,Aisha,Wilson,Delhi,Telangana,2021-08-15,New
17346,Aditya,White,Chennai,Tamil Nadu,2024-01-30,New
17347,Aarav,Mehta,Bengaluru,Andhra Pradesh,2021-04-03,New
17348,Rohan,Patel,Bengaluru,West Bengal,2025-04-03,Regular
17349,Daniel,Nair,Mumbai,Maharashtra,2021-02-19,Regular
17350,Riya,Kumar,Delhi,Rajasthan,2023-04-21,Regular
17351,Riya,Mehta,Visakhapatnam,Andhra Pradesh,2025-04-24,Regular
17352,Olivia,Martin,Jaipur,Telangana,2023-12-14,Regular
17353,Kiran,Sharma,Kolkata,Telangana,2023-10-09,Premium
17354,Rohan,Thomas,Pune,West Bengal,2024-01-14,Regular
17355,Daniel,Singh,Kolkata,Rajasthan,2024-02-04,New
17356,Sneha,Taylor,Mumbai,Karnataka,2021-09-16,Premium
17357,Aditya,Clark,Chennai,Delhi,2022-05-09,New
17358,Aditya,Thomas,Delhi,Andhra Pradesh,2021-11-03,Regular
17359,Olivia,Taylor,Visakhapatnam,Andhra Pradesh,2021-12-05,New
17360,Arjun,Taylor,Hyderabad,West Bengal,2021-11-30,Regular
17361,Arjun,Patel,Bengaluru,Rajasthan,2023-10-18,Premium
17362,Aisha,Kumar,Bengaluru,Rajasthan,2025-02-01,Regular
17363,Aarav,Nair,Chennai,Andhra Pradesh,2023-06-14,Regular
17364,Vikram,Wilson,Bengaluru,West Bengal,2021-01-25,Premium
17365,Sophia,Wilson,Bengaluru,Rajasthan,2024-01-13,Regular
17366,Ananya,Thomas,Hyderabad,Telangana,2023-05-16,New
17367,Aisha,Rao,Mumbai,Telangana,2024-05-28,Regular
17368,Priya,Lewis,Vijayawada,Delhi,2022-08-27,New
17369,Arjun,Verma,Bengaluru,West Bengal,2022-11-17,Regular
17370,Vikram,Singh,Mumbai,Rajasthan,2023-11-21,New
17371,Riya,Martin,Jaipur,West Bengal,2024-02-07,New
17372,Arjun,Kumar,Bengaluru,Karnataka,2021-12-19,Regular
17373,Sneha,Verma,Jaipur,Rajasthan,2023-07-28,New
17374,Rohan,Thomas,Delhi,Telangana,2025-03-18,New
17375,Kiran,Thomas,Vijayawada,Telangana,2021-04-14,New
17376,Sophia,Gupta,Mumbai,West Bengal,2022-06-14,New
17377,Kavya,Patel,Mumbai,Rajasthan,2023-05-04,Regular
17378,Kavya,Sharma,Mumbai,Delhi,2025-01-21,Regular
17379,Kiran,Reddy,Bengaluru,Karnataka,2025-03-30,New
17380,Kiran,Clark,Mumbai,Telangana,2023-08-01,New
17381,Meera,Thomas,Visakhapatnam,Rajasthan,2023-05-25,New
17382,Aarav,Brown,Hyderabad,Tamil Nadu,2022-10-26,Regular
17383,Sanjay,Smith,Delhi,West Bengal,2022-12-14,Regular
17384,Kavya,Rao,Kolkata,Tamil Nadu,2024-03-20,New
17385,Kavya,Patel,Bengaluru,Karnataka,2023-05-21,Premium
17386,Arjun,Sharma,Bengaluru,West Bengal,2023-06-04,New
17387,Riya,Taylor,Delhi,West Bengal,2024-09-12,Regular
17388,Neha,Sharma,Chennai,Maharashtra,2021-08-10,Regular
17389,Sanjay,Kumar,Jaipur,Delhi,2025-03-13,New
17390,Riya,Thomas,Bengaluru,Maharashtra,2024-02-02,New
17391,Sophia,Smith,Bengaluru,Delhi,2023-07-28,Regular
17392,Ananya,Mehta,Mumbai,Andhra Pradesh,2023-07-17,Regular
17393,Aditya,Singh,Mumbai,West Bengal,2023-07-12,Regular
17394,Aditya,Kumar,Bengaluru,Tamil Nadu,2023-06-25,Regular
17395,Sneha,Mehta,Kolkata,Karnataka,2022-07-15,Premium
17396,Aarav,Nair,Mumbai,West Bengal,2024-03-27,Regular
17397,Priya,Brown,Delhi,West Bengal,2022-02-09,Regular
17398,Aarav,Patel,Chennai,Tamil Nadu,2023-11-12,New
17399,Aarav,Singh,Hyderabad,Andhra Pradesh,2023-04-23,Premium
17400,Ananya,Kumar,Hyderabad,Maharashtra,2022-08-09,New
17401,Aisha,Verma,Hyderabad,Tamil Nadu,2024-07-10,New
17402,Olivia,Gupta,Visakhapatnam,Delhi,2022-05-25,Regular
17403,Arjun,Singh,Chennai,Karnataka,2023-11-22,Premium
17404,Sanjay,Brown,Mumbai,West Bengal,2022-02-06,New
17405,Ananya,Mehta,Delhi,Rajasthan,2021-11-17,New
17406,Sneha,Singh,Hyderabad,Rajasthan,2023-07-10,Premium
17407,Sophia,Taylor,Kolkata,Maharashtra,2025-04-11,Regular
17408,Meera,Rao,Delhi,Tamil Nadu,2022-04-25,Regular
17409,Neha,Rao,Vijayawada,Maharashtra,2021-07-03,Regular
17410,Arjun,Mehta,Bengaluru,Telangana,2021-07-12,Regular
17411,Arjun,Kumar,Hyderabad,West Bengal,2023-02-26,Premium
17412,Vikram,Verma,Vijayawada,Maharashtra,2024-06-06,New
17413,Meera,Smith,Mumbai,Telangana,2024-02-14,Regular
17414,Rohan,Kumar,Hyderabad,Delhi,2021-12-01,Regular
17415,Sanjay,Smith,Delhi,West Bengal,2024-08-28,Premium
17416,Meera,Sharma,Pune,Karnataka,2021-09-21,Regular
17417,Emma,Wilson,Jaipur,Maharashtra,2023-06-14,New
17418,Ananya,Sharma,Jaipur,Rajasthan,2024-09-20,Regular
17419,Olivia,Patel,Delhi,West Bengal,2024-07-16,Premium
17420,Aisha,Nair,Bengaluru,Andhra Pradesh,2024-01-29,Premium
17421,Aisha,Wilson,Vijayawada,Maharashtra,2022-06-14,New
17422,Olivia,Martin,Chennai,Maharashtra,2024-05-10,New
17423,Vikram,Mehta,Visakhapatnam,Maharashtra,2022-09-11,Regular
17424,Riya,Kumar,Kolkata,Maharashtra,2022-07-15,Regular
17425,Sophia,Nair,Mumbai,Karnataka,2023-05-03,New
17426,Sophia,Thomas,Jaipur,Telangana,2023-09-15,New
17427,Sneha,Reddy,Delhi,Andhra Pradesh,2021-12-01,New
17428,Riya,Martin,Mumbai,Delhi,2025-01-31,New
17429,Olivia,Nair,Bengaluru,Delhi,2024-10-19,New
17430,Olivia,Sharma,Kolkata,Delhi,2022-03-29,Premium
17431,Olivia,Taylor,Chennai,Maharashtra,2022-01-22,Regular
17432,Emma,Sharma,Bengaluru,Rajasthan,2021-04-21,New
17433,Kiran,Nair,Bengaluru,Maharashtra,2022-10-12,Regular
17434,Aisha,Patel,Kolkata,Delhi,2021-10-01,Regular
17435,Ananya,Smith,Jaipur,Delhi,2025-01-28,Regular
17436,Emma,Reddy,Chennai,Karnataka,2024-12-06,Premium
17437,Emma,Reddy,Chennai,Karnataka,2024-08-18,New
17438,Daniel,Brown,Kolkata,Karnataka,2022-03-27,Premium
17439,Sneha,White,Bengaluru,Tamil Nadu,2024-01-10,New
17440,Priya,Sharma,Hyderabad,Karnataka,2023-02-26,Regular
17441,Vikram,Mehta,Kolkata,Karnataka,2022-03-14,Premium
17442,Kavya,Clark,Delhi,Rajasthan,2023-05-06,Regular
17443,Sneha,Gupta,Hyderabad,Tamil Nadu,2021-09-22,New
17444,Neha,Mehta,Chennai,Andhra Pradesh,2025-03-17,New
17445,Meera,Clark,Bengaluru,Maharashtra,2021-09-20,New
17446,Olivia,Martin,Kolkata,Andhra Pradesh,2022-04-28,New
17447,Rahul,Gupta,Kolkata,Andhra Pradesh,2021-12-21,New
17448,Ananya,Thomas,Vijayawada,Andhra Pradesh,2023-04-15,New
17449,Aisha,Taylor,Hyderabad,Tamil Nadu,2023-12-12,Regular
17450,Emma,Brown,Visakhapatnam,Telangana,2025-03-13,New
17451,Riya,Verma,Chennai,Tamil Nadu,2022-09-14,Regular
17452,Riya,Walker,Jaipur,West Bengal,2021-11-19,Regular
17453,Olivia,Lewis,Visakhapatnam,West Bengal,2021-02-04,New
17454,Sophia,White,Pune,West Bengal,2023-08-15,Regular
17455,Kavya,Taylor,Vijayawada,Rajasthan,2025-04-16,Regular
17456,Sanjay,Nair,Kolkata,Karnataka,2021-04-12,Regular
17457,Sneha,Kumar,Vijayawada,Maharashtra,2025-05-13,Regular
17458,Aisha,Kumar,Hyderabad,Maharashtra,2022-02-25,Regular
17459,Rahul,White,Hyderabad,Karnataka,2024-12-24,Regular
17460,Riya,Nair,Jaipur,West Bengal,2021-04-21,Regular
17461,Neha,Kumar,Vijayawada,Telangana,2024-11-27,Regular
17462,Daniel,Singh,Kolkata,Rajasthan,2022-06-13,Regular
17463,Sanjay,Sharma,Mumbai,Telangana,2022-03-16,Regular
17464,Daniel,Brown,Pune,Telangana,2021-11-27,Regular
17465,Ananya,Smith,Mumbai,Karnataka,2021-08-02,Regular
17466,Sneha,Nair,Pune,Rajasthan,2024-07-01,Regular
17467,Meera,Martin,Kolkata,Andhra Pradesh,2021-04-21,Regular
17468,Sneha,Mehta,Vijayawada,Rajasthan,2023-01-12,New
17469,Daniel,White,Mumbai,Andhra Pradesh,2025-02-26,New
17470,Vikram,Thomas,Visakhapatnam,Rajasthan,2022-10-11,Regular
17471,Aisha,Reddy,Hyderabad,Maharashtra,2024-08-16,Regular
17472,Sophia,Gupta,Visakhapatnam,Telangana,2024-01-13,New
17473,Sanjay,Thomas,Kolkata,Maharashtra,2024-06-26,Premium
17474,Aditya,Brown,Delhi,Karnataka,2025-02-24,Regular
17475,Priya,Thomas,Mumbai,Karnataka,2021-06-06,Regular
17476,Aisha,Rao,Mumbai,West Bengal,2022-04-28,Regular
17477,Sophia,Sharma,Mumbai,Karnataka,2022-05-30,New
17478,Riya,Thomas,Jaipur,Tamil Nadu,2021-04-17,New
17479,Riya,Thomas,Hyderabad,Maharashtra,2021-06-19,New
17480,Ananya,Wilson,Kolkata,Telangana,2021-06-25,Regular
17481,Kavya,Verma,Jaipur,West Bengal,2025-02-28,New
17482,Sanjay,Sharma,Delhi,Andhra Pradesh,2024-10-03,Regular
17483,Priya,Martin,Kolkata,Delhi,2023-07-31,Regular
17484,Vikram,Taylor,Delhi,Telangana,2024-09-15,New
17485,Aarav,Taylor,Delhi,Andhra Pradesh,2022-07-05,Regular
17486,Olivia,Patel,Kolkata,Maharashtra,2023-01-31,Regular
17487,Emma,Martin,Jaipur,Tamil Nadu,2024-11-14,Regular
17488,Neha,Martin,Vijayawada,Rajasthan,2021-08-25,Premium
17489,Aarav,Lewis,Visakhapatnam,Andhra Pradesh,2021-08-23,New
17490,Arjun,Smith,Delhi,Maharashtra,2023-04-23,New
17491,Rahul,Martin,Vijayawada,Maharashtra,2022-02-09,Premium
17492,Aisha,Verma,Visakhapatnam,Rajasthan,2023-12-06,New
17493,Sanjay,Taylor,Chennai,Karnataka,2023-10-15,Regular
17494,Aditya,Taylor,Visakhapatnam,Maharashtra,2022-06-16,New
17495,Olivia,Thomas,Kolkata,Delhi,2021-07-05,Regular
17496,Olivia,Lewis,Pune,Tamil Nadu,2021-05-13,Regular
17497,Riya,Sharma,Vijayawada,Tamil Nadu,2022-12-10,Regular
17498,Rohan,Thomas,Bengaluru,Telangana,2022-05-31,New
17499,Sneha,Thomas,Kolkata,Tamil Nadu,2021-02-24,Regular
17500,Sanjay,Brown,Delhi,Tamil Nadu,2024-01-10,Premium
17501,Olivia,Brown,Visakhapatnam,Andhra Pradesh,2025-03-12,Regular
17502,Arjun,Martin,Kolkata,Tamil Nadu,2025-04-15,Premium
17503,Aisha,Mehta,Delhi,Karnataka,2021-07-08,Premium
17504,Neha,Verma,Delhi,Andhra Pradesh,2021-11-01,Regular
17505,Riya,Clark,Delhi,Tamil Nadu,2022-11-23,Regular
17506,Priya,Thomas,Visakhapatnam,Rajasthan,2025-01-03,Regular
17507,Vikram,Singh,Vijayawada,Telangana,2023-07-09,Premium
17508,Riya,Clark,Hyderabad,Telangana,2023-01-01,Regular
17509,Kavya,Rao,Delhi,Rajasthan,2025-01-21,New
17510,Priya,Kumar,Chennai,Telangana,2023-11-28,New
17511,Kiran,Lewis,Bengaluru,Telangana,2025-04-25,Regular
17512,Rohan,Singh,Visakhapatnam,West Bengal,2024-10-13,Premium
17513,Priya,Singh,Visakhapatnam,Tamil Nadu,2025-05-17,New
17514,Aditya,Gupta,Jaipur,Maharashtra,2023-06-11,Premium
17515,Aditya,Mehta,Mumbai,Maharashtra,2022-08-23,New
17516,Aditya,Patel,Pune,Tamil Nadu,2021-04-09,Regular
17517,Aarav,Patel,Vijayawada,Maharashtra,2024-03-13,Premium
17518,Daniel,Nair,Bengaluru,Tamil Nadu,2022-03-02,Premium
17519,Sanjay,Singh,Hyderabad,Karnataka,2021-01-18,Regular
17520,Vikram,Patel,Pune,Karnataka,2024-07-08,Premium
17521,Vikram,Walker,Kolkata,Telangana,2022-11-10,Regular
17522,Sophia,Smith,Pune,Delhi,2023-06-04,Premium
17523,Priya,Sharma,Chennai,Delhi,2024-06-08,Premium
17524,Rohan,Kumar,Delhi,Telangana,2022-06-11,Regular
17525,Ananya,Clark,Jaipur,Maharashtra,2024-07-30,New
17526,Arjun,Gupta,Chennai,West Bengal,2023-07-23,New
17527,Rohan,Patel,Pune,Telangana,2023-06-28,New
17528,Sanjay,Taylor,Mumbai,Tamil Nadu,2022-03-06,New
17529,Emma,Clark,Chennai,Rajasthan,2024-06-16,New
17530,Arjun,Nair,Kolkata,Maharashtra,2022-01-21,New
17531,Ananya,Martin,Mumbai,Telangana,2023-09-18,Regular
17532,Riya,Verma,Kolkata,Delhi,2024-08-18,New
17533,Emma,Kumar,Hyderabad,Maharashtra,2021-07-06,New
17534,Neha,Thomas,Kolkata,Karnataka,2022-10-03,New
17535,Sanjay,Walker,Bengaluru,Telangana,2023-12-21,New
17536,Rohan,White,Mumbai,Rajasthan,2022-03-15,Regular
17537,Sanjay,Kumar,Visakhapatnam,Andhra Pradesh,2021-02-14,Premium
17538,Meera,Smith,Mumbai,West Bengal,2022-10-17,Regular
17539,Aditya,Wilson,Kolkata,Telangana,2023-03-06,Regular
17540,Kavya,Reddy,Mumbai,Andhra Pradesh,2025-01-13,Premium
17541,Meera,White,,Maharashtra,2024-07-15,Regular
17542,Daniel,Kumar,Jaipur,Maharashtra,2021-10-17,New
17543,Kiran,Gupta,Jaipur,Rajasthan,2022-03-20,New
17544,Sophia,White,Mumbai,Maharashtra,2021-10-24,Regular
17545,Ananya,Smith,Mumbai,Karnataka,2024-12-28,Regular
17546,Meera,Taylor,Kolkata,Karnataka,2022-07-21,Regular
17547,Meera,Mehta,Visakhapatnam,Rajasthan,2024-11-26,New
17548,Emma,Thomas,Delhi,Delhi,2021-04-07,Premium
17549,Priya,Reddy,Vijayawada,Delhi,2023-06-14,Regular
17550,Riya,Taylor,Visakhapatnam,Delhi,2021-04-30,Premium
17551,Kiran,Reddy,Vijayawada,Karnataka,2023-06-07,Regular
17552,Priya,Patel,Mumbai,Maharashtra,2021-01-18,New
17553,Priya,Brown,Chennai,Rajasthan,2021-09-08,Regular
17554,Aisha,Verma,Pune,Karnataka,2021-08-22,New
17555,Kavya,Patel,Delhi,Rajasthan,2024-02-09,New
17556,Arjun,Thomas,Visakhapatnam,Tamil Nadu,2023-10-22,Premium
17557,Emma,Rao,Mumbai,Tamil Nadu,2023-06-13,Regular
17558,Riya,Lewis,Bengaluru,Telangana,2021-11-11,New
17559,Rahul,Sharma,Mumbai,West Bengal,2022-03-02,Regular
17560,Sophia,Singh,Delhi,Tamil Nadu,2022-08-28,Regular
17561,Meera,Gupta,Chennai,Maharashtra,2025-04-16,New
17562,Arjun,Smith,Mumbai,Delhi,2024-02-03,New
17563,Priya,Verma,Chennai,West Bengal,2021-02-20,Premium
17564,Emma,Patel,Jaipur,Rajasthan,2021-02-20,New
17565,Aditya,Smith,Delhi,Delhi,2022-07-11,Premium
17566,Daniel,White,Vijayawada,Karnataka,2021-12-01,New
17567,Ananya,Kumar,Delhi,West Bengal,2022-10-14,Regular
17568,Sanjay,Gupta,Hyderabad,Telangana,2025-05-13,Regular
17569,Kiran,Mehta,Chennai,Andhra Pradesh,2021-11-10,New
17570,Neha,Martin,Visakhapatnam,Tamil Nadu,2023-08-14,Regular
17571,Meera,Kumar,Delhi,West Bengal,2023-02-12,Regular
17572,Daniel,Singh,Vijayawada,Karnataka,2023-11-22,Regular
17573,Vikram,Singh,Vijayawada,Maharashtra,2023-05-25,Premium
17574,Sophia,Wilson,Delhi,West Bengal,2023-04-06,Premium
17575,Neha,Reddy,Delhi,Delhi,2022-03-18,New
17576,Rahul,Taylor,Chennai,Telangana,2025-03-26,Regular
17577,Daniel,Verma,Chennai,Telangana,2022-03-04,New
17578,Rohan,Rao,Bengaluru,Rajasthan,2021-08-19,New
17579,Kavya,Lewis,Chennai,Delhi,2021-06-03,New
17580,Meera,Clark,Kolkata,Andhra Pradesh,2021-04-18,Regular
17581,Aarav,Clark,Jaipur,Telangana,2022-07-19,Regular
17582,Sanjay,Lewis,Pune,Maharashtra,2024-07-29,Regular
17583,Meera,Singh,Kolkata,Delhi,2021-09-05,Premium
17584,Rohan,Lewis,Visakhapatnam,Rajasthan,2021-01-07,Regular
17585,Aarav,Patel,Kolkata,West Bengal,2023-04-28,New
17586,Aarav,Rao,Chennai,West Bengal,2023-06-18,New
17587,Emma,Smith,Chennai,Tamil Nadu,2023-06-21,Regular
17588,Vikram,Martin,Kolkata,Rajasthan,2021-01-03,New
17589,Rahul,Smith,Chennai,Tamil Nadu,2021-11-21,New
17590,Sneha,Smith,Chennai,Tamil Nadu,2022-07-12,New
17591,Rahul,Nair,Delhi,West Bengal,2024-03-29,Regular
17592,Meera,Smith,Kolkata,Rajasthan,2023-11-08,Regular
17593,Neha,Mehta,Chennai,Andhra Pradesh,2024-07-27,Regular
17594,Kavya,Mehta,Hyderabad,Karnataka,2023-05-26,Regular
17595,Priya,Smith,Vijayawada,Andhra Pradesh,2022-10-08,Premium
17596,Riya,Wilson,Mumbai,Tamil Nadu,2023-06-15,Regular
17597,Kavya,Rao,Kolkata,Karnataka,2022-09-08,Regular
17598,Ananya,Kumar,Bengaluru,Rajasthan,2021-09-09,Regular
17599,Aarav,Gupta,Mumbai,Rajasthan,2023-07-11,New
17600,Aditya,Verma,Kolkata,Tamil Nadu,2022-04-17,Premium
17601,Rahul,Patel,Bengaluru,Telangana,2022-02-28,Regular
17602,Aarav,Patel,Mumbai,Karnataka,2024-02-11,New
17603,Aditya,White,Vijayawada,Delhi,2021-04-16,Regular
17604,Sanjay,Gupta,Vijayawada,Telangana,2021-02-07,Regular
17605,Arjun,Martin,Mumbai,Karnataka,2022-07-24,Premium
17606,Rohan,Kumar,Bengaluru,Karnataka,2023-08-11,New
17607,Neha,White,Hyderabad,Rajasthan,2024-09-05,New
17608,Vikram,Singh,Delhi,Tamil Nadu,2023-04-08,Premium
17609,Aditya,Nair,Kolkata,Maharashtra,2022-02-18,Regular
17610,Aarav,Thomas,Delhi,Maharashtra,2022-07-05,New
17611,Arjun,Singh,Pune,Telangana,2022-08-29,Regular
17612,Vikram,Brown,Hyderabad,Delhi,2022-06-20,Regular
17613,Priya,Thomas,Chennai,Rajasthan,2023-12-06,New
17614,Meera,Sharma,Hyderabad,Andhra Pradesh,2024-07-02,New
17615,Riya,Sharma,Pune,Tamil Nadu,2024-02-09,New
17616,Kavya,Thomas,Mumbai,Telangana,2022-09-04,New
17617,Kavya,Gupta,Hyderabad,Andhra Pradesh,2022-04-06,Regular
17618,Daniel,Walker,Kolkata,Andhra Pradesh,2021-05-08,New
17619,Aditya,Walker,Mumbai,Rajasthan,2024-06-30,Regular
17620,Riya,Lewis,Jaipur,Delhi,2025-03-20,Regular
17621,Daniel,White,,Maharashtra,2021-03-29,Regular
17622,Sneha,Clark,Hyderabad,Andhra Pradesh,2021-07-28,New
17623,Emma,Nair,Vijayawada,West Bengal,2021-12-10,Regular
17624,Rahul,White,Vijayawada,Andhra Pradesh,2024-06-29,New
17625,Olivia,Rao,Jaipur,Tamil Nadu,2021-12-13,Premium
17626,Sneha,Smith,Kolkata,Rajasthan,2021-01-23,New
17627,Sanjay,Sharma,Mumbai,Telangana,2022-06-22,Premium
17628,Arjun,White,Kolkata,Telangana,2022-08-07,Regular
17629,Aisha,Smith,Vijayawada,West Bengal,2022-09-25,Regular
17630,Ananya,Walker,Delhi,Delhi,2023-04-05,Premium
17631,Rohan,Nair,Vijayawada,Delhi,2022-01-23,Regular
17632,Kiran,Rao,Jaipur,Rajasthan,2021-02-17,Regular
17633,Sophia,Brown,Vijayawada,Andhra Pradesh,2021-06-21,New
17634,Ananya,Lewis,Delhi,West Bengal,2024-03-20,Regular
17635,Arjun,Brown,Pune,Karnataka,2023-11-22,New
17636,Aditya,Thomas,Visakhapatnam,Telangana,2022-02-21,Regular
17637,Rahul,Singh,Visakhapatnam,Karnataka,2025-02-14,Premium
17638,Meera,Thomas,Chennai,Delhi,2023-05-16,Regular
17639,Emma,Martin,Hyderabad,West Bengal,2024-06-29,New
17640,Emma,Lewis,Visakhapatnam,Andhra Pradesh,2024-06-21,Premium
17641,Kavya,Reddy,Chennai,Telangana,2022-04-26,New
17642,Riya,Nair,Jaipur,Tamil Nadu,2023-08-04,Premium
17643,Ananya,Reddy,Hyderabad,Tamil Nadu,2023-08-07,Regular
17644,Kavya,Verma,Jaipur,West Bengal,2022-12-30,New
17645,Rahul,Thomas,Kolkata,Telangana,2023-10-14,New
17646,Neha,Wilson,Mumbai,Andhra Pradesh,2022-06-22,Premium
17647,Sneha,Thomas,Hyderabad,Telangana,2021-06-06,New
17648,Aarav,Martin,Visakhapatnam,Delhi,2021-03-14,Premium
17649,Neha,White,Bengaluru,Rajasthan,2022-12-17,Regular
17650,Aisha,Lewis,Hyderabad,Karnataka,2024-12-31,Regular
17651,Kiran,Smith,Vijayawada,West Bengal,2021-12-09,Regular
17652,Neha,Lewis,Kolkata,Delhi,2023-08-06,Regular
17653,Aditya,Sharma,Bengaluru,Andhra Pradesh,2021-09-20,Regular
17654,Aditya,Martin,Mumbai,Delhi,2023-10-08,Regular
17655,Rahul,Brown,Kolkata,Andhra Pradesh,2021-10-22,Regular
17656,Rohan,White,Kolkata,Maharashtra,2022-12-06,New
17657,Emma,Brown,Mumbai,Karnataka,2024-07-17,Regular
17658,Daniel,Patel,Pune,West Bengal,2022-08-20,Regular
17659,Kavya,Martin,Hyderabad,Rajasthan,2025-02-03,Regular
17660,Kavya,White,Hyderabad,Maharashtra,2021-03-16,Regular
17661,Kavya,Sharma,Jaipur,Andhra Pradesh,2021-05-15,Regular
17662,Priya,Reddy,Chennai,Rajasthan,2021-09-28,New
17663,Ananya,Taylor,Jaipur,West Bengal,2022-01-26,Premium
17664,Kavya,Smith,Hyderabad,Andhra Pradesh,2022-11-12,Regular
17665,Riya,Brown,Jaipur,Delhi,2025-01-02,Premium
17666,Ananya,Reddy,Pune,Andhra Pradesh,2022-01-22,Regular
17667,Sneha,Smith,Visakhapatnam,Tamil Nadu,2022-07-26,Regular
17668,Priya,Smith,Visakhapatnam,Delhi,2021-03-13,Regular
17669,Aditya,Clark,Mumbai,Telangana,2024-02-18,New
17670,Aditya,Nair,Vijayawada,Karnataka,2023-05-24,New
17671,Arjun,Rao,Mumbai,Delhi,2021-03-14,Regular
17672,Ananya,Reddy,Vijayawada,West Bengal,2023-01-13,New
17673,Aisha,Smith,Jaipur,Telangana,2021-12-16,New
17674,Meera,Wilson,Visakhapatnam,Telangana,2022-11-06,Regular
17675,Sophia,Gupta,Vijayawada,Telangana,2022-03-31,New
17676,Aarav,Martin,Mumbai,Delhi,2024-06-08,New
17677,Riya,Walker,Bengaluru,Tamil Nadu,2021-04-02,Regular
17678,Riya,Patel,Delhi,Telangana,2023-08-18,New
17679,Ananya,Smith,Bengaluru,Andhra Pradesh,2024-06-23,New
17680,Aditya,Taylor,Delhi,Delhi,2021-01-03,New
17681,Kiran,Sharma,Visakhapatnam,Telangana,2024-12-18,Regular
17682,Meera,Patel,Bengaluru,West Bengal,2024-05-04,Premium
17683,Olivia,Nair,Jaipur,Rajasthan,2022-03-23,New
17684,Kavya,Kumar,Delhi,Maharashtra,2023-02-12,Regular
17685,Neha,Nair,Hyderabad,Rajasthan,2023-12-26,New
17686,Meera,Kumar,Vijayawada,Maharashtra,2023-04-07,Regular
17687,Arjun,Lewis,Hyderabad,Telangana,2024-04-25,New
17688,Kavya,Smith,Kolkata,Telangana,2024-11-24,Regular
17689,Aarav,Rao,Delhi,Telangana,2022-07-27,Regular
17690,Sophia,Thomas,Vijayawada,Tamil Nadu,2021-06-24,Regular
17691,Olivia,Sharma,Mumbai,Maharashtra,2022-11-22,New
17692,Neha,Smith,Bengaluru,Maharashtra,2023-08-18,Regular
17693,Kiran,Taylor,Mumbai,Maharashtra,2024-05-25,New
17694,Aisha,Clark,Vijayawada,Andhra Pradesh,2022-03-28,Regular
17695,Kavya,Singh,Jaipur,Telangana,2025-01-25,Regular
17696,Aisha,Smith,Chennai,Rajasthan,2021-02-28,Regular
17697,Neha,Thomas,Mumbai,Karnataka,2023-07-18,Regular
17698,Sanjay,Thomas,Visakhapatnam,Rajasthan,2022-12-01,Regular
17699,Arjun,Patel,Mumbai,Karnataka,2024-01-17,Regular
17700,Aditya,White,Chennai,Telangana,2022-03-30,New
17701,Neha,Gupta,Visakhapatnam,Telangana,2025-01-31,Regular
17702,Ananya,Nair,Pune,Tamil Nadu,2021-01-03,Regular
17703,Neha,Patel,Delhi,Rajasthan,2024-07-29,Regular
17704,Aditya,Kumar,Pune,Maharashtra,2023-02-28,Regular
17705,Daniel,Gupta,Kolkata,Karnataka,2023-04-06,Regular
17706,Kiran,Kumar,Chennai,West Bengal,2022-05-13,Regular
17707,Emma,Martin,Vijayawada,Delhi,2022-09-19,New
17708,Kiran,Smith,Mumbai,West Bengal,2022-11-26,Regular
17709,Ananya,Nair,Delhi,West Bengal,2022-05-13,Premium
17710,Kavya,Brown,Bengaluru,Andhra Pradesh,2021-01-19,New
17711,Aditya,Wilson,Hyderabad,Karnataka,2022-10-03,New
17712,Sanjay,Patel,Delhi,Maharashtra,2022-10-05,Regular
17713,Kiran,Gupta,Bengaluru,West Bengal,2024-03-01,New
17714,Emma,Lewis,Jaipur,Delhi,2023-01-23,Regular
17715,Rahul,Sharma,Jaipur,Rajasthan,2023-05-30,Regular
17716,Ananya,White,Mumbai,Rajasthan,2023-01-16,Regular
17717,Meera,White,Chennai,Andhra Pradesh,2022-11-10,Premium
17718,Aisha,Gupta,Delhi,Karnataka,2024-02-22,Premium
17719,Ananya,Rao,Chennai,Delhi,2023-12-17,Regular
17720,Arjun,Singh,Visakhapatnam,Andhra Pradesh,2025-05-06,Premium
17721,Aarav,Smith,Bengaluru,Tamil Nadu,2023-03-06,New
17722,Priya,Singh,Pune,West Bengal,2021-02-14,New
17723,Emma,Thomas,Bengaluru,Karnataka,2023-07-26,Regular
17724,Aarav,Nair,Visakhapatnam,Karnataka,2022-09-26,Regular
17725,Olivia,White,Bengaluru,Karnataka,2021-06-03,New
17726,Meera,Lewis,Pune,Rajasthan,2024-10-02,Regular
17727,Aarav,Verma,Visakhapatnam,Rajasthan,2023-10-10,New
17728,Rohan,Smith,Pune,Andhra Pradesh,2023-09-29,New
17729,Sanjay,Sharma,Bengaluru,Tamil Nadu,2023-10-16,Regular
17730,Daniel,Reddy,Bengaluru,Andhra Pradesh,2025-04-23,Premium
17731,Sneha,Brown,Kolkata,Karnataka,2024-01-06,Regular
17732,Rohan,Mehta,Bengaluru,Karnataka,2024-02-16,Regular
17733,Aditya,Nair,Mumbai,Tamil Nadu,2024-04-16,Regular
17734,Sneha,Reddy,Kolkata,Karnataka,2024-03-04,New
17735,Aarav,Clark,Mumbai,West Bengal,2024-02-01,Regular
17736,Aditya,Verma,Visakhapatnam,West Bengal,2021-05-02,Regular
17737,Vikram,Mehta,Kolkata,Telangana,2022-10-06,Regular
17738,Kavya,Verma,Bengaluru,Telangana,2022-03-17,Regular
17739,Meera,Mehta,Visakhapatnam,Maharashtra,2024-11-26,Premium
17740,Priya,Wilson,Jaipur,Telangana,2023-07-24,Regular
17741,Rahul,Thomas,Chennai,Andhra Pradesh,2023-04-06,New
17742,Kiran,Brown,Mumbai,Maharashtra,2023-04-16,Premium
17743,Emma,Patel,Mumbai,Maharashtra,2023-12-28,New
17744,Sanjay,Lewis,Pune,Telangana,2024-05-05,Premium
17745,Vikram,Gupta,Pune,West Bengal,2021-11-19,Regular
17746,Rahul,Sharma,Visakhapatnam,West Bengal,2025-05-09,Regular
17747,Emma,Sharma,Kolkata,Andhra Pradesh,2024-05-04,Regular
17748,Rahul,Thomas,Visakhapatnam,Delhi,2021-11-27,Regular
17749,Sneha,Nair,Mumbai,Tamil Nadu,2023-08-28,Regular
17750,Sophia,Sharma,Delhi,Telangana,2022-11-17,Regular
17751,Kavya,Clark,Bengaluru,Tamil Nadu,2022-08-26,Regular
17752,Ananya,Rao,Chennai,Delhi,2024-10-18,Regular
17753,Sanjay,White,Delhi,Telangana,2022-04-03,Regular
17754,Aarav,Lewis,Bengaluru,Telangana,2024-09-03,Regular
17755,Vikram,Sharma,Jaipur,Karnataka,2023-10-16,New
17756,Sophia,Taylor,Chennai,Telangana,2024-07-31,Regular
17757,Rahul,Wilson,Bengaluru,Telangana,2024-04-07,Regular
17758,Aarav,Patel,Vijayawada,Maharashtra,2023-09-20,Regular
17759,Emma,Rao,Hyderabad,West Bengal,2021-11-01,Regular
17760,Ananya,Mehta,Mumbai,Maharashtra,2025-05-09,Premium
17761,Kiran,Kumar,Bengaluru,Telangana,2023-10-25,New
17762,Aisha,Martin,Kolkata,Tamil Nadu,2022-07-27,Regular
17763,Neha,Gupta,Visakhapatnam,Telangana,2022-02-15,Regular
17764,Daniel,Walker,Bengaluru,Delhi,2021-07-06,New
17765,Priya,Clark,Pune,Karnataka,2022-05-21,New
17766,Aisha,Wilson,Pune,Maharashtra,2021-08-01,Regular
17767,Olivia,Kumar,Kolkata,Rajasthan,2024-11-21,New
17768,Priya,Sharma,Mumbai,Delhi,2022-11-29,Regular
17769,Aditya,Kumar,Delhi,Andhra Pradesh,2023-09-29,Premium
17770,Sophia,Mehta,Delhi,Tamil Nadu,2024-07-11,New
17771,Sanjay,Thomas,Hyderabad,Rajasthan,2025-03-19,Regular
17772,Aarav,Patel,Delhi,West Bengal,2022-12-26,New
17773,Sneha,Martin,Delhi,Delhi,2021-03-25,Regular
17774,Sophia,Sharma,Jaipur,Delhi,2023-09-06,Regular
17775,Arjun,Gupta,Delhi,Delhi,2025-02-24,Regular
17776,Emma,Smith,Visakhapatnam,Karnataka,2022-07-27,Regular
17777,Emma,Clark,Mumbai,Tamil Nadu,2021-06-13,Regular
17778,Daniel,Thomas,Kolkata,West Bengal,2024-02-18,Regular
17779,Ananya,Brown,Jaipur,Maharashtra,2023-09-21,Premium
17780,Aditya,Sharma,Bengaluru,Andhra Pradesh,2021-09-03,Premium
17781,Neha,Gupta,Delhi,Delhi,2021-01-06,Regular
17782,Rahul,Thomas,Jaipur,Telangana,2023-04-13,New
17783,Emma,Reddy,Delhi,West Bengal,2021-08-26,Regular
17784,Meera,Martin,Visakhapatnam,Delhi,2021-10-24,Premium
17785,Priya,Martin,Pune,Tamil Nadu,2022-05-10,Regular
17786,Neha,Thomas,Visakhapatnam,Andhra Pradesh,2023-01-20,Regular
17787,Aisha,Singh,Kolkata,Tamil Nadu,2024-08-01,Regular
17788,Neha,Singh,Pune,Telangana,2022-11-20,Regular
17789,Emma,Patel,Chennai,Telangana,2024-08-31,Regular
17790,Daniel,Nair,Bengaluru,Rajasthan,2023-08-26,Premium
17791,Daniel,Brown,Chennai,Maharashtra,2022-09-21,New
17792,Kavya,Kumar,Vijayawada,Maharashtra,2023-03-27,New
17793,Aisha,Smith,Pune,Tamil Nadu,2021-08-14,Regular
17794,Rohan,Singh,Mumbai,West Bengal,2025-04-11,Regular
17795,Aarav,Smith,Pune,Delhi,2022-04-29,Regular
17796,Ananya,Rao,Mumbai,Rajasthan,2024-12-11,New
17797,Olivia,White,Visakhapatnam,Rajasthan,2023-10-30,Regular
17798,Rahul,Rao,Mumbai,Rajasthan,2022-04-16,Regular
17799,Neha,Lewis,Pune,Tamil Nadu,2023-02-18,Regular
17800,Vikram,Patel,Delhi,Delhi,2021-07-13,Regular
17801,Ananya,Reddy,Kolkata,Tamil Nadu,2023-09-12,Regular
17802,Rahul,Patel,Mumbai,West Bengal,2021-04-14,Regular
17803,Aisha,Verma,Hyderabad,West Bengal,2023-10-20,New
17804,Emma,Walker,Kolkata,Tamil Nadu,2021-11-13,Regular
17805,Riya,Patel,Delhi,Andhra Pradesh,2021-07-25,Regular
17806,Aisha,Thomas,Kolkata,Tamil Nadu,2021-12-22,New
17807,Sanjay,Taylor,Delhi,Rajasthan,2021-05-23,Premium
17808,Neha,Rao,Delhi,Andhra Pradesh,2024-11-22,Regular
17809,Rahul,Rao,Jaipur,Telangana,2025-02-06,New
17810,Kiran,Walker,Hyderabad,Maharashtra,2025-01-19,Regular
17811,Neha,Martin,Hyderabad,Maharashtra,2024-02-24,New
17812,Meera,Singh,Jaipur,Andhra Pradesh,2022-01-04,Regular
17813,Arjun,Walker,Visakhapatnam,West Bengal,2024-04-29,New
17814,Emma,Verma,Pune,Telangana,2024-04-28,New
17815,Priya,Reddy,Delhi,Andhra Pradesh,2022-01-14,Regular
17816,Olivia,Clark,Pune,Karnataka,2024-08-30,Regular
17817,Neha,Lewis,Jaipur,Tamil Nadu,2025-05-15,New
17818,Neha,Verma,Pune,Karnataka,2022-08-28,New
17819,Meera,Martin,Vijayawada,Karnataka,2023-07-31,New
17820,Emma,Singh,Mumbai,Delhi,2024-10-26,New
17821,Vikram,Lewis,Mumbai,Telangana,2022-02-24,Regular
17822,Neha,Nair,Kolkata,Telangana,2025-05-01,New
17823,Aarav,Gupta,,Andhra Pradesh,2022-05-01,Regular
17824,Priya,Brown,Hyderabad,Tamil Nadu,2025-03-29,Regular
17825,Emma,Gupta,Bengaluru,West Bengal,2022-01-10,New
17826,Olivia,Wilson,Visakhapatnam,Rajasthan,2024-04-02,Regular
17827,Aditya,Martin,Mumbai,Telangana,2023-04-21,Regular
17828,Kiran,Verma,Bengaluru,Andhra Pradesh,2022-08-18,Regular
17829,Sneha,Thomas,Jaipur,Telangana,2022-12-04,Regular
17830,Kiran,Verma,Jaipur,Andhra Pradesh,2021-12-30,New
17831,Vikram,White,Pune,Tamil Nadu,2023-12-12,Regular
17832,Rohan,Gupta,Kolkata,Karnataka,2025-05-08,Premium
17833,Ananya,Martin,Vijayawada,Karnataka,2023-07-27,Regular
17834,Neha,Brown,Hyderabad,Tamil Nadu,2022-03-18,Regular
17835,Daniel,Walker,Chennai,West Bengal,2023-12-08,Regular
17836,Neha,Singh,Delhi,West Bengal,2022-12-03,Premium
17837,Kiran,Patel,Delhi,West Bengal,2025-01-13,New
17838,Meera,Lewis,Mumbai,Telangana,2022-02-27,Regular
17839,Riya,Walker,Hyderabad,Rajasthan,2023-04-10,Regular
17840,Ananya,Martin,Jaipur,Maharashtra,2023-03-05,Regular
17841,Priya,Mehta,Kolkata,Telangana,2024-11-18,Regular
17842,Sanjay,Verma,Vijayawada,Rajasthan,2021-06-26,Regular
17843,Olivia,Taylor,Pune,Andhra Pradesh,2023-09-16,Regular
17844,Olivia,Martin,Delhi,Telangana,2024-07-18,Regular
17845,Vikram,Gupta,Pune,Maharashtra,2022-08-02,New
17846,Rohan,Sharma,Pune,Rajasthan,2023-03-20,Premium
17847,Aditya,Reddy,Kolkata,West Bengal,2022-04-17,New
17848,Daniel,Rao,Jaipur,Karnataka,2022-11-03,New
17849,Arjun,Taylor,Vijayawada,West Bengal,2025-03-01,New
17850,Sanjay,Verma,Kolkata,Karnataka,2022-08-05,Regular
17851,Rohan,Wilson,Hyderabad,Tamil Nadu,2021-11-19,Regular
17852,Sneha,Mehta,Delhi,Karnataka,2023-07-17,Regular
17853,Sanjay,Gupta,Jaipur,West Bengal,2023-01-22,Regular
17854,Neha,Martin,Mumbai,Rajasthan,2024-06-01,New
17855,Aisha,Martin,Delhi,Telangana,2021-02-28,New
17856,Emma,White,Mumbai,Delhi,2024-12-15,Premium
17857,Arjun,Clark,Bengaluru,Karnataka,2024-01-28,Regular
17858,Rahul,Nair,Vijayawada,Andhra Pradesh,2024-09-08,Premium
17859,Arjun,Martin,Mumbai,Karnataka,2022-10-14,New
17860,Daniel,Nair,Delhi,Tamil Nadu,2022-12-14,Premium
17861,Meera,Lewis,Delhi,Karnataka,2022-06-20,Premium
17862,Neha,Wilson,Visakhapatnam,Andhra Pradesh,2024-08-27,Regular
17863,Riya,Clark,Jaipur,Telangana,2021-04-24,Regular
17864,Sneha,Gupta,Delhi,Delhi,2023-04-26,New
17865,Sanjay,Sharma,Hyderabad,Telangana,2022-02-20,Regular
17866,Neha,Kumar,Delhi,Delhi,2023-10-19,Regular
17867,Aisha,Brown,Visakhapatnam,Andhra Pradesh,2025-03-23,Regular
17868,Aarav,White,Pune,Andhra Pradesh,2023-12-16,New
17869,Kavya,Wilson,Delhi,Telangana,2021-03-12,Regular
17870,Priya,Clark,Vijayawada,Andhra Pradesh,2022-10-02,Regular
17871,Arjun,Mehta,Pune,Tamil Nadu,2021-02-20,Regular
17872,Aditya,White,Pune,West Bengal,2023-02-17,Regular
17873,Ananya,Walker,Pune,Rajasthan,2021-10-06,Premium
17874,Rohan,Singh,Visakhapatnam,Telangana,2024-01-14,New
17875,Aditya,Lewis,Pune,Tamil Nadu,2023-05-04,New
17876,Kavya,Sharma,Mumbai,Andhra Pradesh,2022-05-08,New
17877,Ananya,Smith,Delhi,Karnataka,2024-10-03,Regular
17878,Priya,Verma,Kolkata,Tamil Nadu,2024-04-10,Regular
17879,Riya,Rao,Jaipur,Delhi,2023-10-01,Regular
17880,Arjun,Walker,Visakhapatnam,Rajasthan,2022-07-21,Premium
17881,Kiran,Taylor,Vijayawada,Tamil Nadu,2022-03-12,Regular
17882,Arjun,Kumar,Vijayawada,Maharashtra,2023-07-26,New
17883,Daniel,Kumar,Pune,Andhra Pradesh,2024-06-18,Regular
17884,Vikram,Kumar,Mumbai,Telangana,2024-09-02,Regular
17885,Emma,Rao,Delhi,Tamil Nadu,2024-05-28,Regular
17886,Vikram,Reddy,Vijayawada,Tamil Nadu,2021-02-07,New
17887,Rohan,Gupta,Delhi,Maharashtra,2025-04-25,Regular
17888,Kavya,Thomas,Chennai,Delhi,2022-01-20,Regular
17889,Emma,Lewis,Hyderabad,Karnataka,2021-01-17,New
17890,Vikram,Thomas,Hyderabad,Maharashtra,2023-06-17,Premium
17891,Sanjay,Mehta,Pune,Rajasthan,2022-12-30,New
17892,Olivia,Taylor,Vijayawada,Andhra Pradesh,2021-06-19,Premium
17893,Rohan,Walker,Vijayawada,Rajasthan,2021-12-09,New
17894,Sanjay,Reddy,Visakhapatnam,West Bengal,2021-11-25,Premium
17895,Aisha,Walker,Vijayawada,Delhi,2022-12-05,Regular
17896,Arjun,Martin,Hyderabad,Karnataka,2024-04-13,New
17897,Olivia,Nair,Visakhapatnam,Karnataka,2023-12-28,New
17898,Olivia,Verma,Jaipur,Delhi,2021-02-11,Regular
17899,Olivia,Verma,Visakhapatnam,Maharashtra,2021-10-05,Regular
17900,Aditya,Patel,Pune,Andhra Pradesh,2023-09-04,New
17901,Rahul,Singh,Chennai,Telangana,2024-07-08,New
17902,Ananya,Gupta,Jaipur,Rajasthan,2021-02-24,Regular
17903,Rohan,Sharma,Bengaluru,Karnataka,2022-06-22,Regular
17904,Sophia,Brown,Vijayawada,Maharashtra,2021-07-05,Regular
17905,Kavya,Mehta,Jaipur,Tamil Nadu,2023-02-16,New
17906,Daniel,Rao,Jaipur,Rajasthan,2022-09-17,Regular
17907,Riya,Patel,Delhi,West Bengal,2021-10-06,New
17908,Aisha,White,Visakhapatnam,Telangana,2025-03-24,Regular
17909,Rahul,Taylor,Visakhapatnam,Andhra Pradesh,2024-05-05,New
17910,Arjun,Mehta,Jaipur,West Bengal,2023-05-24,Premium
17911,Aarav,Martin,Mumbai,Telangana,2024-05-09,Regular
17912,Sneha,Nair,Kolkata,Andhra Pradesh,2022-05-15,Regular
17913,Sanjay,Singh,Visakhapatnam,Telangana,2025-02-05,Regular
17914,Sophia,Taylor,Chennai,Maharashtra,2022-10-21,Premium
17915,Rahul,Thomas,Chennai,Karnataka,2022-09-10,Regular
17916,Daniel,Taylor,Mumbai,Telangana,2023-06-30,Regular
17917,Meera,Smith,Mumbai,Delhi,2023-07-15,Premium
17918,Rahul,Sharma,Vijayawada,West Bengal,2023-09-19,New
17919,Arjun,Wilson,Jaipur,Maharashtra,2024-08-24,Regular
17920,Kiran,Wilson,Bengaluru,Tamil Nadu,2022-03-05,Regular
17921,Rohan,Verma,Mumbai,Delhi,2024-02-06,Regular
17922,Rohan,Singh,Jaipur,Karnataka,2021-11-12,Premium
17923,Neha,White,Delhi,Telangana,2022-01-20,Regular
17924,Rahul,Nair,Chennai,Karnataka,2023-03-04,Regular
17925,Rahul,Gupta,Kolkata,Telangana,2023-04-20,Premium
17926,Meera,Martin,Visakhapatnam,Andhra Pradesh,2023-10-29,Regular
17927,Sophia,Mehta,Mumbai,Delhi,2021-08-11,New
17928,Aditya,Smith,Pune,Karnataka,2024-07-30,New
17929,Daniel,Wilson,Kolkata,Delhi,2023-06-11,Regular
17930,Rohan,Nair,Visakhapatnam,Maharashtra,2023-08-07,New
17931,Rohan,Patel,Delhi,Telangana,2024-04-10,Regular
17932,Arjun,Patel,Jaipur,Rajasthan,2024-01-13,Regular
17933,Ananya,Walker,Vijayawada,Rajasthan,2022-11-18,New
17934,Priya,Brown,Pune,Andhra Pradesh,2023-02-14,Premium
17935,Meera,Verma,Pune,Andhra Pradesh,2022-01-08,Regular
17936,Vikram,Rao,Kolkata,Delhi,2023-06-26,Premium
17937,Vikram,Martin,Hyderabad,Andhra Pradesh,2021-11-21,New
17938,Ananya,Walker,Chennai,Delhi,2023-10-14,Regular
17939,Arjun,Thomas,Chennai,Karnataka,2022-10-31,Regular
17940,Rahul,Brown,Visakhapatnam,Karnataka,2022-01-14,Regular
17941,Kavya,Mehta,Visakhapatnam,Andhra Pradesh,2023-02-01,Premium
17942,Sophia,Lewis,Visakhapatnam,Maharashtra,2025-02-03,Premium
17943,Sneha,Lewis,Bengaluru,West Bengal,2023-06-19,New
17944,Rahul,Nair,Chennai,Karnataka,2022-07-07,Regular
17945,Sophia,White,Mumbai,Maharashtra,2022-12-22,Regular
17946,Neha,Clark,Hyderabad,Telangana,2023-08-26,New
17947,Aisha,Clark,Chennai,Karnataka,2021-09-03,Premium
17948,Vikram,Reddy,Pune,Telangana,2023-06-17,Regular
17949,Sneha,Kumar,Visakhapatnam,Karnataka,2021-02-23,Regular
17950,Arjun,Gupta,Bengaluru,Delhi,2024-09-27,Premium
17951,Kavya,Thomas,Visakhapatnam,Telangana,2023-09-03,New
17952,Sanjay,Reddy,Visakhapatnam,Karnataka,2021-07-01,Regular
17953,Daniel,Reddy,Bengaluru,West Bengal,2023-01-16,Regular
17954,Arjun,Sharma,Chennai,Karnataka,2024-11-15,Regular
17955,Meera,Patel,Pune,Delhi,2025-03-24,Regular
17956,Rahul,Walker,Jaipur,Andhra Pradesh,2021-08-08,New
17957,Meera,Martin,Vijayawada,Andhra Pradesh,2022-03-09,Regular
17958,Priya,Martin,Jaipur,Telangana,2021-08-20,New
17959,Sophia,Gupta,Mumbai,Karnataka,2022-08-14,Regular
17960,Meera,Wilson,Jaipur,West Bengal,2024-10-11,Premium
17961,Kiran,Thomas,Jaipur,Tamil Nadu,2024-02-05,New
17962,Arjun,Brown,Delhi,Maharashtra,2022-02-16,New
17963,Sneha,Lewis,Bengaluru,Maharashtra,2022-06-05,Regular
17964,Ananya,Smith,Chennai,Delhi,2023-09-06,Premium
17965,Arjun,Rao,Bengaluru,Maharashtra,2023-08-14,New
17966,Sneha,Wilson,Visakhapatnam,Telangana,2023-01-12,New
17967,Sanjay,Walker,Mumbai,Telangana,2022-11-05,Regular
17968,Sanjay,Clark,Vijayawada,Telangana,2025-02-03,Regular
17969,Aarav,Mehta,Chennai,Tamil Nadu,2023-03-17,New
17970,Kiran,Smith,Jaipur,Andhra Pradesh,2024-06-05,Regular
17971,Sanjay,White,Vijayawada,Rajasthan,2025-03-16,Regular
17972,Arjun,Martin,Mumbai,Maharashtra,2022-06-20,Regular
17973,Ananya,Brown,Pune,Telangana,2024-05-31,New
17974,Sanjay,Gupta,Hyderabad,Telangana,2024-07-25,Regular
17975,Rahul,Walker,Bengaluru,Andhra Pradesh,2021-12-17,New
17976,Priya,White,Jaipur,Tamil Nadu,2021-12-28,Regular
17977,Arjun,Reddy,Visakhapatnam,Rajasthan,2021-09-16,Regular
17978,Sophia,Sharma,Visakhapatnam,Delhi,2023-09-12,New
17979,Priya,Kumar,Kolkata,Rajasthan,2024-05-03,New
17980,Sophia,Nair,Chennai,Karnataka,2024-04-17,New
17981,Olivia,Patel,Bengaluru,Andhra Pradesh,2022-09-13,New
17982,Sophia,Lewis,Vijayawada,Delhi,2024-01-31,New
17983,Neha,Walker,Mumbai,Maharashtra,2021-02-17,Regular
17984,Ananya,Patel,Hyderabad,Delhi,2023-11-17,Regular
17985,Aisha,Clark,Hyderabad,Tamil Nadu,2023-01-29,New
17986,Arjun,Kumar,Delhi,Delhi,2024-08-20,Regular
17987,Emma,Thomas,Visakhapatnam,Andhra Pradesh,2025-03-29,Premium
17988,Rohan,Nair,Mumbai,Andhra Pradesh,2023-06-09,Regular
17989,Aarav,Sharma,Jaipur,Rajasthan,2023-09-22,Regular
17990,Sanjay,Verma,Mumbai,Maharashtra,2025-01-25,Regular
17991,Sanjay,Clark,Vijayawada,Andhra Pradesh,2022-07-04,New
17992,Aarav,Walker,Chennai,Rajasthan,2021-08-20,New
17993,Meera,Kumar,Kolkata,Telangana,2023-03-22,Regular
17994,Arjun,Clark,Chennai,Maharashtra,2022-07-24,Premium
17995,Emma,Gupta,Vijayawada,West Bengal,2023-10-13,Regular
17996,Priya,Mehta,Pune,Maharashtra,2024-06-06,Regular
17997,Aisha,Kumar,Hyderabad,Telangana,2023-03-18,Regular
17998,Rohan,White,Chennai,West Bengal,2022-05-08,New
17999,Rahul,Thomas,Mumbai,Maharashtra,2023-06-23,New
18000,Vikram,Wilson,Pune,Delhi,2022-12-10,Premium
18001,Kavya,Martin,Chennai,Telangana,2021-10-25,New
18002,Aisha,Lewis,Delhi,Telangana,2024-05-21,New
18003,Aditya,Kumar,Jaipur,Delhi,2022-06-16,Regular
18004,Kiran,Singh,Vijayawada,Rajasthan,2023-05-12,Regular
18005,Daniel,Sharma,Mumbai,West Bengal,2024-12-24,Premium
18006,Olivia,Mehta,Kolkata,Rajasthan,2021-10-28,New
18007,Ananya,Mehta,Jaipur,Andhra Pradesh,2022-11-15,Premium
18008,Sanjay,Sharma,Chennai,Tamil Nadu,2021-10-07,New
18009,Rohan,Taylor,Chennai,Telangana,2022-11-30,New
18010,Neha,Sharma,Hyderabad,Delhi,2022-04-27,Regular
18011,Sneha,Thomas,Visakhapatnam,Delhi,2025-01-04,Premium
18012,Vikram,Martin,Visakhapatnam,Andhra Pradesh,2022-04-30,Regular
18013,Arjun,Clark,Pune,Delhi,2023-09-10,New
18014,Priya,Kumar,Visakhapatnam,Rajasthan,2021-08-07,Regular
18015,Riya,Lewis,Kolkata,Andhra Pradesh,2022-12-31,New
18016,Vikram,Brown,Jaipur,Delhi,2024-08-28,Regular
18017,Ananya,Lewis,Jaipur,Delhi,2023-12-12,Premium
18018,Vikram,Taylor,Jaipur,Telangana,2022-03-29,Regular
18019,Sanjay,Taylor,Mumbai,Andhra Pradesh,2025-04-04,Regular
18020,Kavya,Sharma,Kolkata,West Bengal,2024-07-07,Regular
18021,Aditya,Taylor,Bengaluru,Rajasthan,2022-10-06,Regular
18022,Aditya,Verma,Visakhapatnam,Telangana,2025-04-07,New
18023,Sophia,Clark,Mumbai,Karnataka,2021-10-27,Regular
18024,Vikram,Taylor,Pune,West Bengal,2022-06-16,Regular
18025,Vikram,Reddy,Delhi,Maharashtra,2025-01-28,Regular
18026,Daniel,Lewis,Vijayawada,Delhi,2025-04-02,Regular
18027,Sneha,Reddy,Vijayawada,Maharashtra,2024-08-10,Regular
18028,Aarav,Gupta,Jaipur,West Bengal,2021-11-02,Regular
18029,Ananya,Singh,Vijayawada,West Bengal,2021-12-16,Premium
18030,Sneha,White,Vijayawada,Karnataka,2023-11-02,Premium
18031,Aditya,Patel,Delhi,Andhra Pradesh,2021-03-31,New
18032,Neha,Clark,Pune,Maharashtra,2025-05-05,Regular
18033,Kavya,Singh,Jaipur,Delhi,2025-02-15,Regular
18034,Aditya,Taylor,Mumbai,Delhi,2024-07-17,Regular
18035,Emma,Reddy,Kolkata,West Bengal,2025-03-30,New
18036,Priya,Nair,Chennai,Tamil Nadu,2022-01-03,Regular
18037,Sophia,Wilson,Pune,Telangana,2024-11-11,Premium
18038,Arjun,Martin,Mumbai,Karnataka,2022-02-16,New
18039,Rohan,Lewis,Chennai,Rajasthan,2021-07-13,New
18040,Aisha,Clark,Visakhapatnam,Karnataka,2022-02-24,Regular
18041,Olivia,Brown,Vijayawada,Karnataka,2024-05-24,Regular
18042,Sanjay,Rao,Vijayawada,Andhra Pradesh,2025-02-17,Regular
18043,Sophia,Gupta,Hyderabad,Karnataka,2023-09-07,New
18044,Vikram,White,,Maharashtra,2022-01-28,Regular
18045,Ananya,Wilson,Chennai,Tamil Nadu,2023-08-20,New
18046,Rohan,Walker,Vijayawada,West Bengal,2023-03-27,Regular
18047,Ananya,Verma,Visakhapatnam,Delhi,2023-04-09,New
18048,Daniel,Mehta,Mumbai,Delhi,2022-07-14,Regular
18049,Aisha,Clark,Mumbai,Delhi,2021-08-10,Regular
18050,Riya,Martin,Delhi,Andhra Pradesh,2022-08-02,Regular
18051,Aditya,Singh,Jaipur,Delhi,2024-11-25,New
18052,Daniel,Brown,Mumbai,Delhi,2022-10-16,Regular
18053,Ananya,Singh,Chennai,Rajasthan,2021-02-03,New
18054,Meera,Thomas,Delhi,Telangana,2022-07-07,New
18055,Meera,Sharma,Jaipur,Andhra Pradesh,2023-01-08,Regular
18056,Meera,Clark,Vijayawada,Karnataka,2023-08-18,New
18057,Kavya,Walker,Delhi,Tamil Nadu,2023-10-24,Premium
18058,Priya,Sharma,Vijayawada,Telangana,2022-11-12,Regular
18059,Kavya,Wilson,Hyderabad,Delhi,2021-08-18,New
18060,Daniel,Reddy,Vijayawada,Andhra Pradesh,2022-12-07,Premium
18061,Kiran,Nair,Hyderabad,Maharashtra,2021-01-06,New
18062,Neha,Rao,Mumbai,West Bengal,2023-03-21,Regular
18063,Vikram,Brown,Mumbai,Maharashtra,2022-12-14,New
18064,Kiran,Walker,Kolkata,Andhra Pradesh,2022-07-24,Regular
18065,Riya,Mehta,Chennai,Rajasthan,2023-11-25,Regular
18066,Kavya,Nair,Chennai,West Bengal,2024-04-22,New
18067,Sanjay,Reddy,Visakhapatnam,Tamil Nadu,2022-02-27,Regular
18068,Neha,Lewis,Pune,Andhra Pradesh,2023-03-17,New
18069,Emma,Rao,Vijayawada,Telangana,2023-03-27,Regular
18070,Rahul,Mehta,Delhi,Rajasthan,2023-03-26,New
18071,Arjun,Reddy,Kolkata,Andhra Pradesh,2022-10-08,New
18072,Kiran,Gupta,Kolkata,West Bengal,2021-12-02,New
18073,Meera,Smith,Kolkata,Delhi,2021-10-02,Regular
18074,Rohan,Walker,Jaipur,Tamil Nadu,2021-02-19,Premium
18075,Emma,Rao,Vijayawada,Maharashtra,2021-03-25,Premium
18076,Emma,Smith,Mumbai,Telangana,2024-07-18,Regular
18077,Neha,Lewis,Bengaluru,Tamil Nadu,2021-04-22,Regular
18078,Kiran,Nair,Visakhapatnam,Delhi,2024-09-30,Premium
18079,Aarav,Gupta,Mumbai,Tamil Nadu,2024-12-05,Regular
18080,Emma,Sharma,Mumbai,Andhra Pradesh,2022-01-21,New
18081,Olivia,Walker,Bengaluru,Andhra Pradesh,2022-12-10,Regular
18082,Ananya,Kumar,Delhi,Delhi,2022-07-31,New
18083,Neha,Singh,Delhi,Tamil Nadu,2022-09-23,Regular
18084,Riya,Kumar,Visakhapatnam,Tamil Nadu,2022-07-27,Regular
18085,Meera,Martin,Vijayawada,Delhi,2022-07-02,New
18086,Rahul,Nair,Vijayawada,West Bengal,2023-12-31,Regular
18087,Meera,Martin,Delhi,Karnataka,2022-10-23,New
18088,Daniel,Wilson,Visakhapatnam,Maharashtra,2021-10-27,Premium
18089,Riya,Sharma,Jaipur,Maharashtra,2022-08-30,Premium
18090,Priya,Rao,Visakhapatnam,Tamil Nadu,2025-04-15,Regular
18091,Neha,Sharma,Mumbai,Karnataka,2025-04-30,Regular
18092,Aditya,Reddy,Chennai,Andhra Pradesh,2021-04-09,New
18093,Meera,Mehta,Hyderabad,Maharashtra,2023-07-11,Regular
18094,Sanjay,Gupta,Jaipur,Delhi,2025-04-08,Premium
18095,Rohan,Reddy,Vijayawada,Telangana,2021-11-07,New
18096,Aditya,Verma,Jaipur,Tamil Nadu,2021-04-21,New
18097,Rohan,Mehta,Vijayawada,Karnataka,2021-12-06,Regular
18098,Kiran,White,Pune,Tamil Nadu,2022-05-24,Regular
18099,Arjun,Taylor,Bengaluru,Andhra Pradesh,2025-02-04,Regular
18100,Aisha,Nair,Hyderabad,Delhi,2022-02-06,New
18101,Ananya,Mehta,Vijayawada,Rajasthan,2022-06-16,New
18102,Daniel,Reddy,Mumbai,Maharashtra,2022-02-20,Regular
18103,Vikram,Nair,Mumbai,Andhra Pradesh,2022-09-19,New
18104,Meera,Smith,Visakhapatnam,Karnataka,2025-05-11,New
18105,Vikram,Sharma,Pune,Andhra Pradesh,2021-05-15,New
18106,Neha,Walker,Jaipur,Delhi,2023-01-04,Regular
18107,Priya,Brown,Delhi,Telangana,2023-09-10,New
18108,Ananya,Thomas,,West Bengal,2021-07-11,New
18109,Meera,Gupta,Bengaluru,Maharashtra,2021-03-13,Regular
18110,Emma,Clark,Mumbai,Telangana,2025-04-21,New
18111,Rohan,Nair,Bengaluru,Andhra Pradesh,2022-03-07,Premium
18112,Emma,Walker,Hyderabad,Delhi,2022-01-24,Premium
18113,Vikram,Brown,Jaipur,Delhi,2022-07-12,Regular
18114,Aditya,Wilson,Delhi,Delhi,2021-04-27,Regular
18115,Rohan,Singh,Mumbai,Telangana,2021-08-24,New
18116,Sophia,White,Mumbai,Tamil Nadu,2021-02-08,Regular
18117,Rahul,Patel,Chennai,West Bengal,2023-05-06,New
18118,Kiran,Sharma,Bengaluru,Tamil Nadu,2023-01-12,Regular
18119,Ananya,Verma,Jaipur,Rajasthan,2022-03-15,New
18120,Emma,Clark,Bengaluru,Tamil Nadu,2025-01-09,Regular
18121,Priya,Walker,Mumbai,Maharashtra,2022-05-04,New
18122,Sophia,Lewis,Bengaluru,Maharashtra,2021-01-28,Regular
18123,Aisha,Smith,Jaipur,Telangana,2021-06-09,New
18124,Aisha,Walker,Chennai,Andhra Pradesh,2024-03-06,New
18125,Riya,Mehta,Mumbai,Karnataka,2023-05-04,Regular
18126,Vikram,Mehta,Vijayawada,Maharashtra,2022-02-21,Regular
18127,Ananya,Patel,Delhi,Rajasthan,2022-01-31,Premium
18128,Sneha,Thomas,Mumbai,Rajasthan,2021-12-17,New
18129,Sanjay,Rao,Delhi,Karnataka,2022-11-07,New
18130,Rahul,Patel,Pune,Maharashtra,2024-02-01,Regular
18131,Rahul,Nair,Chennai,Delhi,2023-10-18,New
18132,Riya,Wilson,Delhi,West Bengal,2024-04-11,Premium
18133,Meera,Gupta,Mumbai,Tamil Nadu,2021-03-07,New
18134,Aditya,Nair,Jaipur,Delhi,2023-06-14,Premium
18135,Aisha,Rao,Pune,Andhra Pradesh,2024-05-08,Regular
18136,Meera,Smith,Vijayawada,Andhra Pradesh,2021-11-20,New
18137,Emma,Martin,Chennai,Andhra Pradesh,2023-07-22,Regular
18138,Daniel,Taylor,Kolkata,Rajasthan,2021-01-11,Regular
18139,Olivia,Kumar,Delhi,Andhra Pradesh,2024-12-26,Regular
18140,Vikram,Rao,Vijayawada,Delhi,2024-03-25,Regular
18141,Riya,Wilson,Pune,Rajasthan,2023-09-24,Regular
18142,Kiran,Singh,Vijayawada,Maharashtra,2023-08-18,Regular
18143,Ananya,Reddy,Hyderabad,West Bengal,2023-12-08,Regular
18144,Kavya,Rao,Kolkata,Rajasthan,2022-11-08,Regular
18145,Kavya,Taylor,Vijayawada,Telangana,2025-03-28,Premium
18146,Ananya,Taylor,Pune,Rajasthan,2021-12-08,Regular
18147,Sophia,Kumar,Hyderabad,Andhra Pradesh,2024-07-20,Regular
18148,Vikram,Taylor,Delhi,Rajasthan,2024-05-04,New
18149,Arjun,Patel,Vijayawada,Andhra Pradesh,2024-09-02,New
18150,Aarav,Martin,Pune,Karnataka,2021-04-24,New
18151,Emma,Smith,Hyderabad,Tamil Nadu,2022-12-14,Regular
18152,Ananya,Kumar,Mumbai,Telangana,2023-10-26,Regular
18153,Ananya,Nair,Jaipur,Delhi,2023-09-18,New
18154,Kavya,Clark,Chennai,Maharashtra,2024-01-07,Regular
18155,Ananya,Verma,Delhi,Maharashtra,2023-10-12,New
18156,Sneha,Taylor,Mumbai,West Bengal,2021-12-24,New
18157,Arjun,Martin,Vijayawada,Andhra Pradesh,2024-08-17,New
18158,Vikram,Sharma,Pune,Telangana,2023-02-13,Regular
18159,Daniel,Walker,Mumbai,Rajasthan,2025-04-03,New
18160,Priya,Rao,Delhi,Tamil Nadu,2023-04-13,New
18161,Vikram,Thomas,Delhi,Andhra Pradesh,2023-05-11,Regular
18162,Kiran,Mehta,Pune,Delhi,2023-08-05,Regular
18163,Rohan,Smith,Chennai,Maharashtra,2024-10-25,Regular
18164,Aditya,Nair,Bengaluru,Karnataka,2024-12-12,New
18165,Aditya,Lewis,Kolkata,Karnataka,2023-07-25,Regular
18166,Aisha,Kumar,Mumbai,West Bengal,2023-05-25,New
18167,Rahul,Lewis,Kolkata,Tamil Nadu,2021-03-29,New
18168,Rohan,Singh,Mumbai,Karnataka,2021-04-18,Regular
18169,Priya,Lewis,Visakhapatnam,Telangana,2024-03-24,Regular
18170,Neha,Sharma,Vijayawada,Andhra Pradesh,2022-07-06,Premium
18171,Olivia,Sharma,Pune,Maharashtra,2022-11-30,Regular
18172,Daniel,Reddy,Mumbai,Tamil Nadu,2023-10-03,New
18173,Aditya,Brown,Vijayawada,Tamil Nadu,2021-12-21,New
18174,Neha,Gupta,Hyderabad,Delhi,2022-06-18,Premium
18175,Aarav,Smith,Hyderabad,Maharashtra,2021-03-10,New
18176,Kavya,Clark,Hyderabad,Delhi,2024-05-13,Regular
18177,Vikram,Sharma,Mumbai,Tamil Nadu,2023-03-25,Regular
18178,Arjun,Brown,Pune,Tamil Nadu,2021-10-31,Regular
18179,Meera,Martin,Chennai,Andhra Pradesh,2023-08-12,New
18180,Vikram,Verma,Bengaluru,Maharashtra,2021-08-17,New
18181,Priya,Walker,Mumbai,Rajasthan,2024-06-03,New
18182,Rahul,Taylor,Pune,Andhra Pradesh,2022-01-05,New
18183,Aisha,Sharma,Chennai,West Bengal,2022-03-09,New
18184,Riya,Brown,Delhi,Delhi,2024-11-02,Regular
18185,Sneha,Nair,Mumbai,Andhra Pradesh,2024-04-03,Regular
18186,Emma,Kumar,Jaipur,Telangana,2023-12-26,New
18187,Ananya,White,Jaipur,Maharashtra,2023-08-21,New
18188,Vikram,Singh,Kolkata,West Bengal,2023-04-13,Premium
18189,Vikram,Reddy,Delhi,Telangana,2021-11-04,New
18190,Sanjay,Singh,Hyderabad,Karnataka,2022-04-26,New
18191,Sanjay,Clark,Kolkata,Telangana,2025-03-21,Regular
18192,Rohan,Smith,Mumbai,Maharashtra,2025-01-09,New
18193,Sanjay,Clark,Chennai,Delhi,2024-03-08,New
18194,Sneha,Mehta,Vijayawada,Maharashtra,2024-11-23,New
18195,Rahul,Kumar,Hyderabad,Telangana,2024-07-10,Premium
18196,Kavya,Nair,Chennai,Maharashtra,2022-10-02,Regular
18197,Rohan,Patel,Vijayawada,Rajasthan,2024-02-19,Regular
18198,Meera,Smith,Jaipur,Telangana,2024-04-19,Premium
18199,Neha,Gupta,Delhi,Andhra Pradesh,2021-08-10,Regular
18200,Daniel,White,Delhi,Tamil Nadu,2025-01-01,New
18201,Ananya,Nair,Jaipur,Telangana,2023-02-28,Regular
18202,Aditya,Rao,Hyderabad,Telangana,2022-05-17,Regular
18203,Sneha,White,Pune,Telangana,2023-01-29,Regular
18204,Meera,Brown,Chennai,Maharashtra,2022-06-10,Regular
18205,Ananya,Patel,Pune,Maharashtra,2022-06-17,New
18206,Sneha,Mehta,Jaipur,Delhi,2023-05-24,New
18207,Priya,Gupta,Delhi,Telangana,2025-05-16,Regular
18208,Rohan,Martin,Jaipur,West Bengal,2022-10-16,New
18209,Rohan,Smith,Delhi,West Bengal,2021-12-10,Premium
18210,Daniel,Martin,Visakhapatnam,Telangana,2024-05-03,Regular
18211,Meera,Walker,Bengaluru,West Bengal,2022-04-17,New
18212,Arjun,Martin,Mumbai,Telangana,2023-05-10,Regular
18213,Sophia,Rao,Chennai,Maharashtra,2022-02-10,Regular
18214,Aisha,Singh,Vijayawada,West Bengal,2021-12-05,Regular
18215,Arjun,Brown,Delhi,Andhra Pradesh,2022-02-08,Regular
18216,Aisha,Verma,Chennai,Delhi,2022-07-25,Regular
18217,Sneha,Rao,Bengaluru,Maharashtra,2025-03-09,New
18218,Daniel,Clark,Mumbai,Andhra Pradesh,2023-12-10,Regular
18219,Priya,Walker,Bengaluru,Karnataka,2024-01-19,Regular
18220,Neha,Nair,Kolkata,Karnataka,2021-03-27,Regular
18221,Rohan,Taylor,Visakhapatnam,Maharashtra,2021-01-18,Premium
18222,Rohan,White,Jaipur,Telangana,2022-07-02,Premium
18223,Kavya,Sharma,Chennai,Telangana,2024-11-21,New
18224,Emma,Nair,Pune,Tamil Nadu,2021-01-26,Regular
18225,Olivia,Martin,Delhi,Karnataka,2024-05-10,Regular
18226,Riya,Mehta,Pune,West Bengal,2024-08-06,Regular
18227,Kavya,Thomas,Pune,Delhi,2022-03-21,Premium
18228,Neha,Mehta,Chennai,Maharashtra,2021-07-07,Premium
18229,Rohan,Reddy,Bengaluru,Maharashtra,2021-09-03,Regular
18230,Riya,Verma,Pune,Telangana,2021-05-04,New
18231,Rohan,Verma,Hyderabad,Maharashtra,2024-09-11,New
18232,Aditya,Clark,Hyderabad,Telangana,2024-06-12,Premium
18233,Olivia,Kumar,Delhi,Tamil Nadu,2023-12-13,Premium
18234,Sneha,Patel,Visakhapatnam,West Bengal,2021-05-24,New
18235,Kiran,Kumar,Delhi,Rajasthan,2025-03-01,New
18236,Olivia,Smith,Hyderabad,Tamil Nadu,2023-12-31,Regular
18237,Sophia,White,Visakhapatnam,Tamil Nadu,2024-08-17,New
18238,Rohan,Wilson,Kolkata,West Bengal,2022-08-31,Regular
18239,Neha,Clark,Mumbai,Rajasthan,2021-11-13,Premium
18240,Priya,Lewis,Chennai,Tamil Nadu,2024-08-07,New
18241,Aisha,Wilson,Visakhapatnam,Andhra Pradesh,2021-03-24,Regular
18242,Sophia,Wilson,Pune,Tamil Nadu,2021-10-20,Regular
18243,Neha,Singh,Bengaluru,West Bengal,2021-09-03,New
18244,Riya,White,Chennai,Karnataka,2021-05-16,Regular
18245,Sneha,Thomas,Chennai,Tamil Nadu,2023-06-01,Regular
18246,Olivia,Lewis,Pune,Rajasthan,2022-01-01,Regular
18247,Ananya,White,Mumbai,Maharashtra,2025-03-26,Regular
18248,Kiran,Rao,Delhi,Telangana,2025-01-31,Premium
18249,Ananya,Kumar,Mumbai,Andhra Pradesh,2021-09-27,New
18250,Sophia,Lewis,Kolkata,Karnataka,2024-08-19,Premium
18251,Kavya,Mehta,Pune,Telangana,2021-03-04,Regular
18252,Vikram,White,Jaipur,Andhra Pradesh,2022-04-03,Regular
18253,Aarav,Taylor,Visakhapatnam,Tamil Nadu,2023-11-22,New
18254,Neha,Gupta,Mumbai,Karnataka,2021-11-26,New
18255,Emma,Nair,Hyderabad,Rajasthan,2021-05-05,Regular
18256,Priya,Wilson,Delhi,Tamil Nadu,2021-09-08,Premium
18257,Sneha,Nair,Mumbai,West Bengal,2023-11-20,Regular
18258,Riya,Gupta,Jaipur,Tamil Nadu,2021-12-20,New
18259,Neha,Singh,Pune,Delhi,2022-01-29,New
18260,Daniel,Wilson,Chennai,West Bengal,2021-11-25,Regular
18261,Kavya,Sharma,Mumbai,Andhra Pradesh,2024-11-11,Premium
18262,Aisha,Reddy,Visakhapatnam,Maharashtra,2024-11-22,Regular
18263,Riya,Sharma,Bengaluru,Delhi,2024-07-11,New
18264,Kavya,Martin,Jaipur,Andhra Pradesh,2021-02-01,New
18265,Arjun,Sharma,Chennai,Andhra Pradesh,2022-02-05,New
18266,Ananya,Verma,Visakhapatnam,West Bengal,2024-11-09,Regular
18267,Rahul,Kumar,Delhi,Maharashtra,2023-06-06,New
18268,Neha,Smith,Delhi,Delhi,2021-03-08,New
18269,Rahul,Sharma,Chennai,Rajasthan,2022-02-03,Regular
18270,Neha,Sharma,Vijayawada,Karnataka,2024-08-15,Regular
18271,Rohan,Verma,Kolkata,West Bengal,2024-11-07,Premium
18272,Aarav,Taylor,Pune,Andhra Pradesh,2022-11-13,Regular
18273,Rahul,Kumar,Pune,Maharashtra,2021-08-31,New
18274,Neha,Mehta,Delhi,Andhra Pradesh,2021-05-04,New
18275,Arjun,Clark,Pune,Maharashtra,2021-12-27,Regular
18276,Olivia,Wilson,Jaipur,Andhra Pradesh,2024-07-02,Regular
18277,Riya,Thomas,Hyderabad,West Bengal,2024-08-15,Regular
18278,Aisha,Rao,Chennai,Telangana,2022-02-15,Premium
18279,Vikram,Walker,Visakhapatnam,Andhra Pradesh,2025-04-13,Regular
18280,Riya,Kumar,Vijayawada,West Bengal,2024-11-05,Regular
18281,Kavya,Wilson,Mumbai,Karnataka,2025-04-30,New
18282,Kiran,Verma,Delhi,West Bengal,2024-04-18,New
18283,Aarav,Sharma,Hyderabad,Delhi,2023-07-06,Regular
18284,Neha,Walker,Bengaluru,Rajasthan,2025-04-20,New
18285,Riya,Martin,Jaipur,Tamil Nadu,2024-01-07,Regular
18286,Aarav,Singh,Kolkata,Tamil Nadu,2024-08-23,Regular
18287,Arjun,Reddy,Hyderabad,Telangana,2022-10-07,New
18288,Kiran,Taylor,Vijayawada,Andhra Pradesh,2022-01-21,Regular
18289,Neha,Brown,Pune,Rajasthan,2023-07-07,Regular
18290,Priya,Sharma,Delhi,West Bengal,2022-10-17,New
18291,Ananya,White,Visakhapatnam,Tamil Nadu,2022-07-16,Regular
18292,Aditya,Martin,Visakhapatnam,Rajasthan,2024-01-20,Regular
18293,Arjun,Mehta,Bengaluru,Tamil Nadu,2023-09-05,Regular
18294,Aarav,Singh,Mumbai,West Bengal,2022-05-21,New
18295,Arjun,Gupta,Chennai,Delhi,2022-01-22,Regular
18296,Meera,Mehta,Jaipur,Andhra Pradesh,2023-05-25,Regular
18297,Riya,Reddy,Vijayawada,Rajasthan,2022-06-08,New
18298,Ananya,Nair,Kolkata,Tamil Nadu,2022-01-16,New
18299,Arjun,Singh,Hyderabad,Telangana,2021-12-22,Regular
18300,Ananya,Kumar,Visakhapatnam,Karnataka,2023-11-27,New
18301,Sophia,Kumar,Delhi,West Bengal,2022-10-27,Premium
18302,Sanjay,Rao,Chennai,Tamil Nadu,2022-07-02,New
18303,Priya,Nair,Pune,Karnataka,2021-07-04,Regular
18304,Neha,Nair,Pune,Andhra Pradesh,2021-03-30,Premium
18305,Rohan,Taylor,Chennai,West Bengal,2024-01-17,New
18306,Ananya,Brown,Jaipur,Karnataka,2025-03-29,Regular
18307,Priya,Patel,Jaipur,West Bengal,2022-06-04,New
18308,Priya,White,Hyderabad,West Bengal,2024-09-12,Regular
18309,Aisha,Martin,Jaipur,Rajasthan,2023-08-21,Premium
18310,Sneha,Mehta,Pune,Rajasthan,2022-05-01,Premium
18311,Arjun,Sharma,Vijayawada,Rajasthan,2023-06-26,Regular
18312,Aarav,Walker,Vijayawada,Rajasthan,2021-07-27,Regular
18313,Ananya,Martin,Delhi,Andhra Pradesh,2022-06-25,Regular
18314,Daniel,Mehta,Vijayawada,West Bengal,2024-03-22,New
18315,Aarav,Patel,Kolkata,Delhi,2024-09-23,Regular
18316,Arjun,Kumar,Visakhapatnam,Andhra Pradesh,2021-12-20,New
18317,Meera,Gupta,Pune,Rajasthan,2024-12-28,Premium
18318,Priya,Singh,Vijayawada,Telangana,2023-08-27,Premium
18319,Sanjay,Singh,Jaipur,Karnataka,2022-01-02,Regular
18320,Sanjay,Verma,Jaipur,Maharashtra,2024-05-31,Regular
18321,Meera,Sharma,Bengaluru,Tamil Nadu,2024-11-10,Premium
18322,Neha,Rao,Pune,Delhi,2022-03-12,New
18323,Kavya,Lewis,Delhi,Tamil Nadu,2021-06-19,Regular
18324,Aditya,Lewis,Kolkata,Andhra Pradesh,2022-04-01,Regular
18325,Neha,Sharma,Kolkata,Rajasthan,2024-04-25,Regular
18326,Olivia,Taylor,Visakhapatnam,Tamil Nadu,2021-04-09,New
18327,Rohan,White,Delhi,Andhra Pradesh,2022-04-08,New
18328,Kiran,Smith,Vijayawada,Telangana,2022-05-27,Premium
18329,Vikram,Nair,Visakhapatnam,Andhra Pradesh,2021-01-27,Regular
18330,Kavya,Mehta,Bengaluru,West Bengal,2023-08-14,Regular
18331,Aarav,Singh,Kolkata,West Bengal,2024-07-13,Regular
18332,Sanjay,Nair,Mumbai,Maharashtra,2021-09-07,Regular
18333,Aisha,Walker,Jaipur,Telangana,2024-11-19,Regular
18334,Aarav,Wilson,Delhi,Andhra Pradesh,2025-03-05,Regular
18335,Sophia,Verma,Kolkata,Telangana,2024-10-25,Premium
18336,Ananya,Kumar,Vijayawada,Maharashtra,2024-03-01,New
18337,Kiran,Walker,Chennai,Karnataka,2022-12-18,Premium
18338,Neha,Patel,Delhi,Andhra Pradesh,2021-11-23,Premium
18339,Kavya,Martin,Vijayawada,Delhi,2024-12-31,Regular
18340,Priya,Rao,Vijayawada,Delhi,2023-04-29,Premium
18341,Olivia,Gupta,Chennai,Tamil Nadu,2022-12-25,Premium
18342,Sophia,Patel,Visakhapatnam,Andhra Pradesh,2022-09-19,New
18343,Sanjay,Nair,Bengaluru,Karnataka,2021-12-16,New
18344,Aisha,Taylor,Chennai,West Bengal,2022-09-04,Regular
18345,Rohan,Verma,Visakhapatnam,Rajasthan,2024-07-01,Regular
18346,Sophia,Sharma,Kolkata,Tamil Nadu,2023-06-15,New
18347,Aditya,Gupta,Delhi,West Bengal,2022-09-25,Regular
18348,Aditya,Patel,Delhi,Tamil Nadu,2021-06-23,Regular
18349,Aisha,Verma,Jaipur,Rajasthan,2022-10-26,Regular
18350,Riya,Walker,Chennai,Rajasthan,2021-12-11,New
18351,Rahul,White,Chennai,Tamil Nadu,2022-09-29,New
18352,Sneha,White,Pune,Karnataka,2021-08-28,Regular
18353,Rohan,Kumar,Visakhapatnam,Telangana,2025-02-25,New
18354,Kavya,Mehta,Delhi,West Bengal,2021-10-06,Regular
18355,Sneha,Sharma,Vijayawada,Rajasthan,2021-07-18,Regular
18356,Sophia,Mehta,Visakhapatnam,Karnataka,2023-11-15,Premium
18357,Daniel,Smith,Visakhapatnam,Andhra Pradesh,2022-07-05,Premium
18358,Meera,Thomas,Pune,Andhra Pradesh,2025-05-13,Premium
18359,Meera,Rao,Pune,Maharashtra,2022-10-09,Regular
18360,Olivia,Sharma,Hyderabad,Karnataka,2023-11-08,New
18361,Vikram,Mehta,Hyderabad,West Bengal,2024-08-27,New
18362,Aisha,Verma,Pune,Delhi,2025-04-25,Regular
18363,Riya,Wilson,Vijayawada,Andhra Pradesh,2024-07-19,New
18364,Rahul,Reddy,Visakhapatnam,Delhi,2023-07-13,New
18365,Olivia,Wilson,Pune,Telangana,2024-07-27,New
18366,Meera,Verma,Delhi,Karnataka,2022-03-30,Regular
18367,Rohan,Martin,Visakhapatnam,Maharashtra,2024-10-24,Regular
18368,Priya,White,Mumbai,Maharashtra,2024-10-27,Premium
18369,Priya,Singh,Bengaluru,Tamil Nadu,2022-09-07,Regular
18370,Daniel,Thomas,Jaipur,Rajasthan,2021-04-18,New
18371,Sophia,Kumar,Delhi,Tamil Nadu,2024-01-01,Regular
18372,Emma,White,Bengaluru,West Bengal,2021-06-13,Regular
18373,Meera,Mehta,Chennai,Tamil Nadu,2021-01-28,Premium
18374,Rahul,Martin,Mumbai,Rajasthan,2025-02-25,Regular
18375,Daniel,Thomas,Chennai,Rajasthan,2023-06-28,New
18376,Rahul,Wilson,Pune,Andhra Pradesh,2023-11-07,Regular
18377,Vikram,Nair,Visakhapatnam,Andhra Pradesh,2024-11-09,Regular
18378,Arjun,Thomas,Vijayawada,West Bengal,2025-01-26,Regular
18379,Daniel,Mehta,Jaipur,Delhi,2025-03-11,New
18380,Priya,Taylor,Visakhapatnam,Delhi,2021-08-01,Regular
18381,Sanjay,Wilson,Mumbai,Telangana,2022-06-03,New
18382,Arjun,Mehta,Hyderabad,Rajasthan,2024-05-14,Regular
18383,Ananya,Kumar,Bengaluru,Rajasthan,2021-02-16,New
18384,Aisha,Gupta,Vijayawada,Delhi,2022-01-11,New
18385,Sophia,Walker,Mumbai,Andhra Pradesh,2023-04-04,Regular
18386,Sneha,Brown,,Maharashtra,2022-07-04,Regular
18387,Kavya,Wilson,Pune,Telangana,2021-10-04,New
18388,Emma,Gupta,Visakhapatnam,Andhra Pradesh,2024-12-09,Premium
18389,Daniel,Martin,Delhi,Delhi,2022-12-18,Regular
18390,Aditya,Mehta,Jaipur,Rajasthan,2022-10-21,Premium
18391,Sophia,Singh,Chennai,Karnataka,2023-11-18,New
18392,Neha,Kumar,Vijayawada,Maharashtra,2023-12-09,Regular
18393,Daniel,Nair,Delhi,West Bengal,2023-02-28,Regular
18394,Rahul,Smith,Bengaluru,Karnataka,2024-11-20,Regular
18395,Arjun,Gupta,Chennai,Rajasthan,2022-04-19,New
18396,Olivia,Singh,Mumbai,Delhi,2024-10-25,New
18397,Meera,Gupta,Bengaluru,Karnataka,2024-10-21,Premium
18398,Vikram,Gupta,Jaipur,West Bengal,2021-01-15,Regular
18399,Olivia,Martin,Chennai,Rajasthan,2024-04-22,New
18400,Rahul,Mehta,Delhi,Tamil Nadu,2021-09-11,New
18401,Meera,Mehta,Delhi,Delhi,2023-02-16,New
18402,Sanjay,Patel,Delhi,West Bengal,2025-01-09,Regular
18403,Arjun,Brown,Kolkata,Karnataka,2021-11-09,New
18404,Emma,White,Jaipur,Delhi,2023-06-19,Regular
18405,Emma,Martin,Jaipur,Delhi,2024-05-29,New
18406,Rahul,Verma,Visakhapatnam,Tamil Nadu,2023-02-08,Regular
18407,Arjun,Rao,Pune,Tamil Nadu,2021-05-06,Premium
18408,Kavya,Nair,Vijayawada,West Bengal,2021-04-15,New
18409,Aarav,Sharma,Bengaluru,Andhra Pradesh,2023-04-09,Premium
18410,Aisha,Sharma,Visakhapatnam,Maharashtra,2021-02-10,Premium
18411,Daniel,Thomas,Bengaluru,Karnataka,2021-01-25,Regular
18412,Riya,Clark,Bengaluru,Andhra Pradesh,2025-03-06,New
18413,Sanjay,White,Visakhapatnam,Karnataka,2023-05-03,Regular
18414,Vikram,Wilson,Vijayawada,Telangana,2023-01-29,New
18415,Meera,Walker,Bengaluru,Tamil Nadu,2021-06-10,Premium
18416,Arjun,Verma,Jaipur,Andhra Pradesh,2024-06-12,Regular
18417,Neha,Gupta,Bengaluru,Andhra Pradesh,2023-03-28,Regular
18418,Ananya,Singh,Hyderabad,Tamil Nadu,2021-12-19,Regular
18419,Aisha,Singh,Jaipur,Delhi,2024-04-19,New
18420,Sanjay,Martin,Chennai,Rajasthan,2022-01-15,Regular
18421,Riya,Sharma,Chennai,West Bengal,2023-03-16,Premium
18422,Meera,Walker,Vijayawada,Andhra Pradesh,2023-06-16,Regular
18423,Sanjay,Thomas,Kolkata,Telangana,2022-03-23,New
18424,Kiran,Nair,Delhi,Karnataka,2024-11-02,Premium
18425,Arjun,Martin,Jaipur,Telangana,2024-01-31,New
18426,Ananya,Kumar,Hyderabad,Rajasthan,2022-04-07,Premium
18427,Aditya,Verma,Jaipur,Tamil Nadu,2021-09-08,New
18428,Rahul,Kumar,Chennai,Maharashtra,2022-06-11,Regular
18429,Sneha,Kumar,Kolkata,Delhi,2023-01-15,Regular
18430,Sneha,Sharma,Mumbai,Delhi,2023-06-01,New
18431,Arjun,Thomas,Chennai,Telangana,2022-10-03,New
18432,Vikram,Martin,Mumbai,Rajasthan,2021-03-06,New
18433,Arjun,Lewis,Delhi,Maharashtra,2023-12-18,Regular
18434,Meera,White,Visakhapatnam,Rajasthan,2022-08-30,Regular
18435,Rohan,White,Bengaluru,Andhra Pradesh,2022-06-21,New
18436,Arjun,White,Kolkata,West Bengal,2023-06-10,Regular
18437,Vikram,Sharma,Visakhapatnam,West Bengal,2024-08-29,Premium
18438,Sophia,Thomas,Vijayawada,Rajasthan,2021-01-08,New
18439,Aditya,Martin,Jaipur,Tamil Nadu,2025-03-18,Regular
18440,Meera,Patel,Hyderabad,Tamil Nadu,2023-10-18,Premium
18441,Priya,Kumar,Mumbai,West Bengal,2023-05-25,Regular
18442,Vikram,White,Pune,Karnataka,2021-03-23,Premium
18443,Rohan,Lewis,Delhi,Andhra Pradesh,2024-02-12,Regular
18444,Aarav,Rao,Mumbai,Telangana,2024-02-26,Regular
18445,Aisha,Reddy,Chennai,Rajasthan,2023-06-16,Regular
18446,Rohan,Rao,Visakhapatnam,Tamil Nadu,2024-07-06,New
18447,Priya,Sharma,Chennai,Telangana,2024-09-03,Regular
18448,Vikram,Taylor,Jaipur,Delhi,2024-09-04,Regular
18449,Emma,Nair,Hyderabad,Tamil Nadu,2022-06-07,New
18450,Sanjay,Sharma,Pune,Tamil Nadu,2023-12-14,Regular
18451,Sneha,White,Kolkata,Maharashtra,2021-04-02,Regular
18452,Olivia,Clark,Jaipur,Delhi,2023-06-18,New
18453,Aisha,Walker,Vijayawada,Karnataka,2021-08-22,Regular
18454,Kavya,White,Hyderabad,Telangana,2022-05-08,New
18455,Olivia,Sharma,Vijayawada,Maharashtra,2023-12-19,New
18456,Vikram,Thomas,Mumbai,Tamil Nadu,2022-11-11,Regular
18457,Sophia,Thomas,Visakhapatnam,Delhi,2024-10-13,New
18458,Sneha,Thomas,Vijayawada,West Bengal,2021-05-20,Regular
18459,Ananya,Gupta,Bengaluru,Delhi,2025-04-05,New
18460,Aditya,Nair,Mumbai,Telangana,2024-02-06,Premium
18461,Aisha,Walker,Visakhapatnam,Rajasthan,2022-11-20,Premium
18462,Sophia,Reddy,Jaipur,West Bengal,2021-02-09,New
18463,Meera,Wilson,Kolkata,Telangana,2021-03-08,New
18464,Aarav,Thomas,Chennai,Andhra Pradesh,2022-10-24,New
18465,Priya,Thomas,Mumbai,Rajasthan,2023-07-05,New
18466,Aisha,Smith,Vijayawada,Delhi,2023-03-21,Regular
18467,Kiran,Thomas,Delhi,Andhra Pradesh,2022-04-21,Regular
18468,Riya,Walker,Chennai,Rajasthan,2023-11-07,Regular
18469,Aisha,Thomas,Chennai,Rajasthan,2023-09-10,Premium
18470,Arjun,Kumar,Bengaluru,Rajasthan,2022-07-04,Regular
18471,Sneha,Singh,Pune,Karnataka,2022-06-05,Regular
18472,Vikram,Rao,Pune,Telangana,2022-12-10,Regular
18473,Priya,Rao,Delhi,West Bengal,2024-04-04,Regular
18474,Kiran,Nair,Jaipur,West Bengal,2023-07-29,Regular
18475,Emma,Singh,Kolkata,Delhi,2021-07-23,New
18476,Olivia,Taylor,Delhi,Karnataka,2025-01-17,New
18477,Priya,Kumar,Mumbai,Rajasthan,2021-11-20,New
18478,Neha,Thomas,Kolkata,Maharashtra,2023-12-12,New
18479,Kavya,Taylor,Jaipur,West Bengal,2021-01-27,Regular
18480,Meera,White,Hyderabad,Delhi,2022-02-12,Regular
18481,Kavya,Sharma,Mumbai,Rajasthan,2023-06-23,Regular
18482,Riya,Gupta,Hyderabad,West Bengal,2024-09-17,Premium
18483,Sophia,Lewis,Chennai,West Bengal,2023-06-20,New
18484,Emma,Mehta,Hyderabad,Andhra Pradesh,2021-03-30,Premium
18485,Rahul,Smith,Delhi,Telangana,2025-03-10,New
18486,Priya,Sharma,Visakhapatnam,West Bengal,2022-03-12,New
18487,Priya,Thomas,Jaipur,Delhi,2022-08-07,New
18488,Neha,Gupta,Chennai,Andhra Pradesh,2021-06-23,New
18489,Neha,White,Kolkata,Karnataka,2024-01-20,New
18490,Aisha,Nair,Mumbai,Delhi,2022-12-17,Regular
18491,Ananya,Patel,Mumbai,Tamil Nadu,2021-12-18,New
18492,Aditya,Smith,Kolkata,Telangana,2023-10-17,New
18493,Priya,Mehta,Kolkata,Delhi,2021-11-10,New
18494,Olivia,Mehta,Delhi,Telangana,2023-04-30,Regular
18495,Rohan,Walker,Hyderabad,Telangana,2023-11-28,Regular
18496,Aarav,Nair,Pune,Delhi,2024-07-22,New
18497,Sophia,Nair,Chennai,Rajasthan,2024-01-17,New
18498,Vikram,Wilson,Hyderabad,West Bengal,2023-06-27,Regular
18499,Kavya,Patel,Hyderabad,Telangana,2021-02-24,Regular
18500,Emma,Clark,Pune,Telangana,2022-01-08,Regular
18501,Aditya,Singh,Bengaluru,Maharashtra,2023-07-14,Regular
18502,Rohan,Singh,Vijayawada,Maharashtra,2023-05-09,New
18503,Aditya,Sharma,Hyderabad,Telangana,2023-05-04,Regular
18504,Rahul,Rao,,Tamil Nadu,2024-03-22,Regular
18505,Vikram,Smith,Jaipur,Karnataka,2024-12-18,Regular
18506,Vikram,Martin,Vijayawada,Delhi,2023-03-16,New
18507,Priya,Lewis,Delhi,West Bengal,2021-08-04,Regular
18508,Neha,Thomas,Hyderabad,Maharashtra,2022-12-09,Regular
18509,Aarav,Rao,Hyderabad,Delhi,2022-02-09,Regular
18510,Emma,Clark,Jaipur,Karnataka,2023-04-27,Regular
18511,Meera,Patel,Vijayawada,Andhra Pradesh,2023-08-02,Regular
18512,Arjun,Singh,Jaipur,Telangana,2023-05-27,New
18513,Emma,Nair,Visakhapatnam,Delhi,2023-07-20,New
18514,Aarav,Brown,Hyderabad,Tamil Nadu,2022-05-12,New
18515,Sneha,Singh,Visakhapatnam,Maharashtra,2021-10-11,Regular
18516,Priya,Walker,Pune,Delhi,2024-09-28,Regular
18517,Neha,Gupta,Kolkata,West Bengal,2022-10-05,Regular
18518,Sophia,Nair,Pune,Rajasthan,2021-11-29,Regular
18519,Daniel,Wilson,Vijayawada,Delhi,2025-05-12,Regular
18520,Aditya,Verma,Visakhapatnam,Karnataka,2021-02-22,Regular
18521,Sneha,Verma,Jaipur,Delhi,2022-07-09,New
18522,Sophia,White,Delhi,Delhi,2024-04-01,New
18523,Aisha,Verma,Chennai,Andhra Pradesh,2022-10-20,New
18524,Olivia,Kumar,Kolkata,Delhi,2024-09-09,Regular
18525,Ananya,Martin,Pune,Andhra Pradesh,2022-07-29,New
18526,Aditya,Martin,Chennai,West Bengal,2023-10-26,New
18527,Neha,Singh,Vijayawada,Delhi,2022-11-16,New
18528,Emma,Lewis,Hyderabad,Tamil Nadu,2023-01-21,Regular
18529,Daniel,Nair,Pune,Tamil Nadu,2023-03-08,Premium
18530,Meera,Patel,Kolkata,Telangana,2025-04-10,Premium
18531,Aisha,Patel,Jaipur,Delhi,2024-04-30,New
18532,Neha,Martin,Kolkata,Rajasthan,2022-08-17,Regular
18533,Rohan,Singh,Jaipur,Telangana,2022-10-29,New
18534,Ananya,Mehta,Visakhapatnam,Rajasthan,2022-10-12,Regular
18535,Priya,Martin,Chennai,Andhra Pradesh,2024-03-23,Regular
18536,Emma,Lewis,Visakhapatnam,Maharashtra,2023-08-04,New
18537,Sneha,Mehta,Mumbai,Tamil Nadu,2023-05-06,Regular
18538,Riya,Walker,Kolkata,Delhi,2022-11-20,Regular
18539,Aarav,Rao,Chennai,Andhra Pradesh,2022-09-30,Premium
18540,Riya,Lewis,Delhi,Telangana,2023-06-08,New
18541,Neha,Gupta,Kolkata,Maharashtra,2024-08-22,Premium
18542,Sophia,Reddy,Jaipur,Telangana,2025-03-27,New
18543,Priya,Martin,Jaipur,West Bengal,2021-04-08,New
18544,Priya,Thomas,Visakhapatnam,Telangana,2022-01-15,Regular
18545,Rahul,Walker,Delhi,Tamil Nadu,2024-01-02,Regular
18546,Emma,Walker,Visakhapatnam,West Bengal,2021-08-26,Premium
18547,Aisha,Kumar,Bengaluru,Andhra Pradesh,2023-09-04,Regular
18548,Olivia,Wilson,Jaipur,Karnataka,2022-11-09,Regular
18549,Arjun,Martin,Chennai,Delhi,2021-11-02,New
18550,Sanjay,Wilson,Pune,Karnataka,2023-03-18,Premium
18551,Olivia,Sharma,Jaipur,Delhi,2023-03-26,Regular
18552,Aarav,Sharma,Vijayawada,Telangana,2024-02-16,Regular
18553,Neha,Taylor,Visakhapatnam,Andhra Pradesh,2024-08-14,Regular
18554,Ananya,Lewis,Kolkata,Telangana,2025-03-09,New
18555,Daniel,Patel,Kolkata,Delhi,2022-12-04,Premium
18556,Olivia,Sharma,Bengaluru,Maharashtra,2024-01-07,Regular
18557,Olivia,Verma,Jaipur,Karnataka,2024-06-13,Regular
18558,Aditya,Rao,Kolkata,Delhi,2025-04-29,Regular
18559,Sneha,White,Kolkata,Karnataka,2023-11-07,Regular
18560,Aisha,Walker,Pune,Delhi,2022-01-30,Regular
18561,Sophia,Smith,Jaipur,West Bengal,2022-07-02,Regular
18562,Aarav,Walker,Pune,Maharashtra,2021-12-01,New
18563,Sophia,Singh,,Tamil Nadu,2021-11-13,Regular
18564,Kiran,White,Bengaluru,Maharashtra,2022-05-06,Regular
18565,Rahul,Verma,Kolkata,Rajasthan,2023-03-09,Regular
18566,Kavya,Mehta,Vijayawada,Andhra Pradesh,2024-06-13,Regular
18567,Riya,Reddy,Chennai,Telangana,2022-04-11,New
18568,Rahul,Patel,Kolkata,Tamil Nadu,2021-10-26,New
18569,Aarav,Patel,Jaipur,Telangana,2021-07-22,New
18570,Olivia,Mehta,Delhi,Karnataka,2021-11-10,Regular
18571,Daniel,Patel,Jaipur,Andhra Pradesh,2022-11-24,Premium
18572,Vikram,Kumar,Bengaluru,Andhra Pradesh,2022-10-21,Regular
18573,Daniel,Wilson,Pune,Maharashtra,2022-10-01,Regular
18574,Daniel,Lewis,Delhi,West Bengal,2022-05-24,Regular
18575,Sophia,Reddy,Mumbai,Tamil Nadu,2022-12-27,Regular
18576,Sanjay,Smith,Bengaluru,Maharashtra,2023-11-01,Premium
18577,Sneha,White,Pune,Andhra Pradesh,2021-03-13,New
18578,Sophia,Verma,Mumbai,Tamil Nadu,2024-11-25,Regular
18579,Daniel,Patel,Chennai,Tamil Nadu,2022-05-04,New
18580,Kavya,Reddy,Mumbai,Karnataka,2021-08-10,New
18581,Vikram,Walker,Pune,Karnataka,2021-10-07,Regular
18582,Arjun,Verma,Visakhapatnam,Telangana,2023-05-25,New
18583,Aditya,Kumar,Pune,Andhra Pradesh,2023-04-14,Regular
18584,Arjun,Lewis,Pune,Andhra Pradesh,2021-05-22,New
18585,Vikram,Clark,Mumbai,Maharashtra,2023-03-10,Regular
18586,Arjun,Martin,Delhi,Delhi,2021-12-21,New
18587,Riya,Reddy,Chennai,Karnataka,2024-12-28,Premium
18588,Sneha,Reddy,Visakhapatnam,Telangana,2022-05-10,Regular
18589,Neha,Singh,Pune,Delhi,2025-05-19,Regular
18590,Emma,Patel,Pune,Karnataka,2023-07-16,Regular
18591,Ananya,Brown,Hyderabad,Andhra Pradesh,2025-03-24,New
18592,Ananya,Nair,Visakhapatnam,Tamil Nadu,2023-06-07,Regular
18593,Sanjay,Thomas,Pune,West Bengal,2021-07-21,New
18594,Ananya,Kumar,Bengaluru,Tamil Nadu,2023-10-26,Regular
18595,Vikram,Martin,Bengaluru,Karnataka,2023-02-04,Regular
18596,Sneha,Walker,Mumbai,Delhi,2024-08-03,Regular
18597,Sophia,Kumar,Vijayawada,Karnataka,2022-09-19,Premium
18598,Neha,Taylor,Hyderabad,Maharashtra,2021-10-27,New
18599,Aditya,Brown,Bengaluru,Tamil Nadu,2021-07-01,Regular
18600,Meera,Reddy,Delhi,Rajasthan,2024-04-04,Regular
18601,Emma,Gupta,Pune,Delhi,2022-01-08,Regular
18602,Priya,Thomas,Jaipur,West Bengal,2023-12-04,Premium
18603,Aditya,Lewis,Vijayawada,Delhi,2021-08-04,Regular
18604,Aisha,Nair,Kolkata,Rajasthan,2021-05-08,New
18605,Vikram,Kumar,Mumbai,Maharashtra,2024-02-11,Regular
18606,Sophia,Singh,Kolkata,Andhra Pradesh,2022-07-06,Regular
18607,Rohan,Clark,Delhi,Rajasthan,2023-06-27,Premium
18608,Kiran,Smith,Chennai,Rajasthan,2021-02-14,Regular
18609,Aisha,Verma,Mumbai,West Bengal,2021-10-28,Premium
18610,Aarav,Sharma,Jaipur,Rajasthan,2021-05-25,New
18611,Sanjay,Thomas,Delhi,West Bengal,2022-03-24,Regular
18612,Rahul,Mehta,Pune,Tamil Nadu,2022-03-31,New
18613,Kiran,Brown,Vijayawada,Karnataka,2022-08-23,Regular
18614,Sneha,Clark,Chennai,Karnataka,2022-01-24,Premium
18615,Vikram,Smith,Chennai,Delhi,2023-01-01,Regular
18616,Rohan,Walker,Jaipur,Karnataka,2024-12-11,Regular
18617,Riya,Smith,Visakhapatnam,Karnataka,2021-05-18,New
18618,Daniel,Rao,Pune,West Bengal,2024-12-01,New
18619,Aarav,Walker,Jaipur,Tamil Nadu,2022-10-23,Regular
18620,Kavya,Wilson,Mumbai,West Bengal,2023-07-14,Regular
18621,Aarav,Thomas,Kolkata,Rajasthan,2023-12-12,New
18622,Neha,Singh,Hyderabad,Telangana,2024-03-22,Regular
18623,Olivia,Taylor,Kolkata,West Bengal,2025-02-19,Regular
18624,Riya,Smith,Bengaluru,Andhra Pradesh,2025-05-19,New
18625,Sanjay,Kumar,Chennai,Karnataka,2021-06-07,New
18626,Aditya,Gupta,Visakhapatnam,Andhra Pradesh,2022-10-19,Regular
18627,Riya,Walker,Chennai,Delhi,2023-05-13,Regular
18628,Emma,Smith,Pune,West Bengal,2023-04-16,Premium
18629,Aditya,Thomas,,Telangana,2025-05-06,Regular
18630,Aarav,Patel,Jaipur,Maharashtra,2023-11-08,New
18631,Ananya,Singh,Pune,Tamil Nadu,2022-10-06,Regular
18632,Kavya,Walker,Hyderabad,Karnataka,2025-01-12,New
18633,Ananya,Verma,Chennai,Andhra Pradesh,2024-03-15,Regular
18634,Daniel,Lewis,Kolkata,Delhi,2024-06-29,Regular
18635,Emma,Clark,Mumbai,Rajasthan,2023-10-02,Premium
18636,Riya,Rao,Vijayawada,Karnataka,2021-04-14,Regular
18637,Aarav,Walker,Jaipur,West Bengal,2025-04-02,New
18638,Olivia,Thomas,Kolkata,Delhi,2024-02-15,Regular
18639,Riya,Kumar,Kolkata,West Bengal,2021-08-27,New
18640,Kiran,Reddy,Delhi,Tamil Nadu,2022-02-08,New
18641,Sneha,Kumar,Bengaluru,West Bengal,2022-06-30,Regular
18642,Emma,Martin,Delhi,Karnataka,2022-02-12,Regular
18643,Daniel,Kumar,Jaipur,Andhra Pradesh,2023-09-21,Regular
18644,Sneha,Gupta,Kolkata,Maharashtra,2023-05-26,New
18645,Aarav,Verma,Vijayawada,Maharashtra,2021-12-06,Regular
18646,Kavya,Kumar,Visakhapatnam,Delhi,2024-01-20,Premium
18647,Meera,Rao,Mumbai,Telangana,2022-04-04,Regular
18648,Arjun,Taylor,Mumbai,Tamil Nadu,2021-09-12,Regular
18649,Emma,White,Jaipur,Karnataka,2025-03-11,Regular
18650,Sanjay,Mehta,Pune,Rajasthan,2022-05-19,Regular
18651,Olivia,Martin,,Maharashtra,2022-01-08,Regular
18652,Sneha,Brown,Kolkata,Telangana,2024-02-20,Premium
18653,Rohan,Mehta,Bengaluru,Telangana,2024-05-06,New
18654,Arjun,Brown,Mumbai,Rajasthan,2021-09-01,New
18655,Aarav,White,Mumbai,Karnataka,2021-03-31,Regular
18656,Aisha,Reddy,Bengaluru,Telangana,2024-09-21,New
18657,Kiran,Brown,Vijayawada,Karnataka,2023-03-18,New
18658,Emma,Reddy,Jaipur,Karnataka,2022-12-31,New
18659,Sanjay,Lewis,Jaipur,Telangana,2022-11-04,Regular
18660,Daniel,Wilson,Bengaluru,Rajasthan,2023-07-27,Regular
18661,Daniel,Sharma,Pune,Telangana,2023-12-14,Regular
18662,Rahul,Wilson,Chennai,West Bengal,2021-05-09,New
18663,Kavya,Verma,Hyderabad,Andhra Pradesh,2022-03-01,Regular
18664,Daniel,Sharma,Kolkata,West Bengal,2025-03-08,New
18665,Rohan,White,Visakhapatnam,Karnataka,2021-09-25,New
18666,Arjun,Nair,Hyderabad,West Bengal,2024-12-23,Regular
18667,Olivia,Sharma,Kolkata,Tamil Nadu,2022-10-05,New
18668,Priya,Wilson,Hyderabad,Maharashtra,2021-11-01,Regular
18669,Aarav,Nair,Visakhapatnam,Tamil Nadu,2023-08-10,Regular
18670,Emma,Taylor,Hyderabad,Andhra Pradesh,2023-11-27,Regular
18671,Meera,Patel,Pune,Delhi,2022-07-14,Regular
18672,Arjun,Clark,Bengaluru,Karnataka,2024-06-22,Premium
18673,Aditya,Verma,Pune,Maharashtra,2021-04-13,New
18674,Aarav,Verma,Pune,Andhra Pradesh,2021-07-15,Premium
18675,Sophia,Clark,Delhi,Rajasthan,2023-09-22,New
18676,Aarav,Brown,Visakhapatnam,Rajasthan,2023-07-13,Regular
18677,Riya,Sharma,Jaipur,Karnataka,2024-01-24,Premium
18678,Neha,Smith,Mumbai,Andhra Pradesh,2024-09-22,New
18679,Sneha,Wilson,Jaipur,Delhi,2025-01-28,Regular
18680,Emma,Rao,Pune,West Bengal,2023-03-22,Regular
18681,Olivia,Patel,Bengaluru,Maharashtra,2023-03-14,Premium
18682,Rahul,Reddy,Kolkata,West Bengal,2025-01-18,New
18683,Aarav,Clark,Vijayawada,Tamil Nadu,2025-03-18,Regular
18684,Rahul,Sharma,Mumbai,Delhi,2021-03-18,New
18685,Meera,Smith,Delhi,Karnataka,2023-03-21,New
18686,Sneha,Clark,Pune,Maharashtra,2025-01-10,Regular
18687,Arjun,Nair,Bengaluru,Maharashtra,2021-03-23,Regular
18688,Sanjay,Singh,Mumbai,Andhra Pradesh,2025-04-13,Regular
18689,Neha,Martin,Pune,West Bengal,2024-04-13,Regular
18690,Aisha,Wilson,Mumbai,West Bengal,2021-09-07,Regular
18691,Rohan,Sharma,Jaipur,Tamil Nadu,2023-10-23,Regular
18692,Daniel,Smith,Mumbai,Maharashtra,2022-11-21,New
18693,Sophia,Sharma,Kolkata,Maharashtra,2022-06-20,Regular
18694,Riya,Nair,Hyderabad,Andhra Pradesh,2023-09-21,Regular
18695,Priya,Rao,Mumbai,Karnataka,2024-03-22,New
18696,Olivia,Clark,Visakhapatnam,Telangana,2024-11-30,Regular
18697,Aisha,White,Visakhapatnam,Delhi,2022-10-30,New
18698,Neha,Taylor,Jaipur,Andhra Pradesh,2021-09-13,Regular
18699,Ananya,Martin,Hyderabad,West Bengal,2024-10-14,New
18700,Emma,Sharma,Visakhapatnam,Andhra Pradesh,2022-06-19,Regular
18701,Sneha,Reddy,Chennai,Maharashtra,2024-04-29,Regular
18702,Vikram,Thomas,Hyderabad,Karnataka,2024-06-30,Premium
18703,Sophia,Verma,Hyderabad,West Bengal,2021-04-04,Regular
18704,Arjun,Brown,Vijayawada,Telangana,2022-10-19,Premium
18705,Meera,Taylor,Delhi,Rajasthan,2021-05-16,Regular
18706,Meera,Rao,Delhi,West Bengal,2023-08-26,New
18707,Sneha,Taylor,Visakhapatnam,Delhi,2024-06-25,Regular
18708,Arjun,Martin,Hyderabad,Karnataka,2023-06-16,Regular
18709,Priya,Singh,Hyderabad,Tamil Nadu,2022-06-03,New
18710,Olivia,Taylor,Jaipur,Rajasthan,2025-04-07,Regular
18711,Sanjay,Patel,Kolkata,Telangana,2021-05-17,New
18712,Meera,Rao,Vijayawada,Telangana,2021-08-15,Regular
18713,Olivia,Thomas,Delhi,Tamil Nadu,2022-08-09,Regular
18714,Sophia,White,Bengaluru,Karnataka,2025-02-26,New
18715,Neha,Reddy,Delhi,West Bengal,2024-12-02,Regular
18716,Rohan,Wilson,Jaipur,Telangana,2023-06-22,Premium
18717,Meera,Smith,Bengaluru,Andhra Pradesh,2025-03-04,Premium
18718,Priya,Wilson,Bengaluru,Andhra Pradesh,2024-12-17,Premium
18719,Kavya,Thomas,Mumbai,Karnataka,2023-07-29,Premium
18720,Aisha,Reddy,Pune,Delhi,2021-07-08,New
18721,Aisha,Martin,Kolkata,West Bengal,2024-12-10,Regular
18722,Sanjay,Gupta,Bengaluru,Andhra Pradesh,2023-10-24,Regular
18723,Riya,Patel,Jaipur,West Bengal,2021-08-14,Premium
18724,Neha,Verma,Bengaluru,Rajasthan,2024-09-06,New
18725,Daniel,Sharma,Chennai,Telangana,2022-10-01,Regular
18726,Meera,Wilson,Jaipur,Delhi,2024-06-13,New
18727,Olivia,Smith,Mumbai,Andhra Pradesh,2022-02-23,Premium
18728,Sophia,Brown,Delhi,Karnataka,2021-01-16,New
18729,Sophia,Sharma,Pune,Karnataka,2022-12-28,Premium
18730,Aisha,Thomas,Chennai,Telangana,2022-12-25,Premium
18731,Sneha,Sharma,Delhi,Rajasthan,2024-10-13,New
18732,Rahul,Gupta,Vijayawada,Andhra Pradesh,2021-07-04,Regular
18733,Kiran,Nair,Hyderabad,Telangana,2024-12-31,New
18734,Priya,Martin,Visakhapatnam,Karnataka,2021-09-02,Regular
18735,Riya,Verma,Bengaluru,Maharashtra,2025-02-04,New
18736,Sneha,Clark,Jaipur,Rajasthan,2024-02-05,Regular
18737,Ananya,Walker,Jaipur,Andhra Pradesh,2022-07-30,New
18738,Rahul,Thomas,Jaipur,Rajasthan,2025-03-11,Regular
18739,Aisha,Sharma,Kolkata,Andhra Pradesh,2022-07-29,Regular
18740,Ananya,Thomas,Jaipur,West Bengal,2023-10-12,Regular
18741,Aarav,Singh,Visakhapatnam,Tamil Nadu,2021-01-26,New
18742,Aditya,Lewis,Kolkata,Delhi,2021-06-13,New
18743,Olivia,White,Visakhapatnam,Maharashtra,2022-07-20,New
18744,Rahul,Reddy,Mumbai,Rajasthan,2022-01-26,Premium
18745,Ananya,Reddy,Visakhapatnam,Maharashtra,2021-12-30,Regular
18746,Neha,Taylor,Jaipur,Andhra Pradesh,2022-08-30,Regular
18747,Arjun,Kumar,Kolkata,Karnataka,2023-09-01,Premium
18748,Vikram,White,Bengaluru,West Bengal,2021-07-20,New
18749,Daniel,Brown,Chennai,Maharashtra,2024-04-18,Regular
18750,Sneha,Smith,Bengaluru,Maharashtra,2024-09-18,Premium
18751,Sanjay,Lewis,Delhi,Andhra Pradesh,2024-08-30,Regular
18752,Vikram,Singh,Pune,Maharashtra,2021-11-08,New
18753,Ananya,Smith,Visakhapatnam,Telangana,2024-11-09,Regular
18754,Aisha,White,Chennai,Maharashtra,2021-07-27,Premium
18755,Aisha,Sharma,Bengaluru,Rajasthan,2021-06-21,Regular
18756,Vikram,Patel,Kolkata,Rajasthan,2024-03-07,Regular
18757,Aisha,Kumar,Bengaluru,Delhi,2024-05-01,Regular
18758,Olivia,Rao,Jaipur,West Bengal,2021-07-22,Regular
18759,Sanjay,Kumar,Hyderabad,Tamil Nadu,2022-10-28,New
18760,Aarav,Patel,Pune,Andhra Pradesh,2022-10-19,Premium
18761,Sophia,Lewis,Jaipur,Delhi,2024-03-02,New
18762,Neha,Mehta,Delhi,Telangana,2023-04-05,Regular
18763,Riya,Nair,Visakhapatnam,Rajasthan,2023-08-20,Regular
18764,Rohan,Verma,Pune,Andhra Pradesh,2021-05-09,Regular
18765,Aditya,White,Vijayawada,Telangana,2025-04-13,Regular
18766,Sanjay,Mehta,Vijayawada,Maharashtra,2023-06-09,Regular
18767,Sanjay,Mehta,Delhi,West Bengal,2023-12-06,New
18768,Priya,Walker,Bengaluru,West Bengal,2023-02-08,Regular
18769,Rahul,Sharma,Jaipur,Karnataka,2022-01-30,New
18770,Emma,Mehta,Hyderabad,Telangana,2023-12-06,New
18771,Neha,Martin,Mumbai,Rajasthan,2022-04-07,Regular
18772,Daniel,Brown,Kolkata,Rajasthan,2021-12-17,Premium
18773,Neha,Lewis,Vijayawada,West Bengal,2023-06-03,Premium
18774,Rohan,Lewis,Delhi,West Bengal,2022-07-25,Regular
18775,Neha,Rao,Pune,West Bengal,2024-12-02,Regular
18776,Vikram,Clark,Pune,Maharashtra,2023-11-22,New
18777,Emma,Singh,Jaipur,West Bengal,2022-08-21,New
18778,Aisha,Singh,Mumbai,Tamil Nadu,2021-02-26,Regular
18779,Rahul,White,Visakhapatnam,Telangana,2022-06-30,Regular
18780,Sneha,Sharma,Hyderabad,Tamil Nadu,2021-07-05,Regular
18781,Neha,Nair,Kolkata,Tamil Nadu,2021-12-17,New
18782,Sanjay,Wilson,Kolkata,Tamil Nadu,2022-03-30,Regular
18783,Rahul,Verma,Kolkata,Maharashtra,2023-11-11,New
18784,Riya,Clark,Pune,Karnataka,2021-06-20,Regular
18785,Aditya,Gupta,Kolkata,Maharashtra,2021-09-17,New
18786,Neha,Smith,Pune,Maharashtra,2021-03-05,Regular
18787,Sanjay,Kumar,Delhi,Karnataka,2025-01-07,Regular
18788,Meera,Singh,Visakhapatnam,Maharashtra,2025-04-29,New
18789,Aarav,Patel,Kolkata,West Bengal,2022-04-23,Regular
18790,Kiran,Martin,Vijayawada,Maharashtra,2022-12-31,Regular
18791,Neha,Singh,Jaipur,Telangana,2022-04-27,New
18792,Ananya,Taylor,Chennai,West Bengal,2023-05-04,Regular
18793,Kavya,Rao,Delhi,Delhi,2023-06-01,Premium
18794,Vikram,Smith,Kolkata,Maharashtra,2022-02-12,New
18795,Ananya,Lewis,Kolkata,Telangana,2023-10-29,New
18796,Riya,Lewis,Bengaluru,Telangana,2021-01-13,Regular
18797,Rohan,Sharma,Vijayawada,Telangana,2023-10-29,Regular
18798,Vikram,Thomas,Bengaluru,Andhra Pradesh,2024-04-16,Premium
18799,Emma,White,Pune,Tamil Nadu,2021-03-26,New
18800,Riya,Taylor,Vijayawada,Maharashtra,2024-03-04,Premium
18801,Meera,Patel,Chennai,West Bengal,2024-03-26,Regular
18802,Riya,Taylor,Bengaluru,West Bengal,2025-04-06,New
18803,Riya,Wilson,Kolkata,Telangana,2024-07-13,Regular
18804,Aisha,Taylor,Chennai,Rajasthan,2021-02-03,Regular
18805,Neha,Verma,Visakhapatnam,Tamil Nadu,2021-05-11,New
18806,Aarav,Brown,Visakhapatnam,Andhra Pradesh,2021-08-08,New
18807,Sneha,Taylor,Mumbai,Andhra Pradesh,2023-07-20,New
18808,Aditya,Mehta,Vijayawada,Delhi,2024-02-14,Regular
18809,Riya,Thomas,Chennai,Karnataka,2023-11-19,New
18810,Priya,Martin,Jaipur,Delhi,2022-06-13,New
18811,Daniel,Rao,Chennai,Karnataka,2021-11-18,New
18812,Sneha,Wilson,Visakhapatnam,Andhra Pradesh,2021-04-13,Regular
18813,Sneha,Thomas,Vijayawada,Andhra Pradesh,2022-08-22,Premium
18814,Daniel,Mehta,Mumbai,Andhra Pradesh,2022-04-27,New
18815,Priya,Martin,Visakhapatnam,Andhra Pradesh,2022-05-01,Premium
18816,Kiran,Kumar,Kolkata,Karnataka,2021-05-21,Regular
18817,Kiran,Nair,Kolkata,Telangana,2022-04-11,Premium
18818,Olivia,Martin,Mumbai,West Bengal,2024-09-02,Regular
18819,Riya,Lewis,Chennai,Delhi,2022-01-21,Regular
18820,Vikram,Wilson,Kolkata,Andhra Pradesh,2024-11-04,Regular
18821,Priya,Taylor,Hyderabad,West Bengal,2021-05-19,Regular
18822,Kiran,Rao,Mumbai,Andhra Pradesh,2023-10-17,Premium
18823,Kavya,Martin,Bengaluru,Tamil Nadu,2021-06-22,Premium
18824,Arjun,Nair,Hyderabad,Telangana,2022-09-09,Regular
18825,Aisha,Reddy,Hyderabad,Telangana,2025-03-07,Regular
18826,Aisha,Singh,Hyderabad,Maharashtra,2024-05-15,Regular
18827,Sanjay,Wilson,Jaipur,Telangana,2023-04-02,Regular
18828,Vikram,White,Vijayawada,Delhi,2023-10-08,Regular
18829,Kavya,Mehta,Jaipur,Maharashtra,2023-11-23,Regular
18830,Aditya,Lewis,Hyderabad,Tamil Nadu,2024-06-21,New
18831,Daniel,Thomas,Jaipur,Delhi,2023-08-07,Premium
18832,Riya,Smith,Delhi,West Bengal,2023-03-29,New
18833,Sophia,Clark,Vijayawada,Telangana,2021-05-02,New
18834,Neha,Verma,Visakhapatnam,Maharashtra,2025-03-14,New
18835,Daniel,Verma,Chennai,Rajasthan,2023-06-25,New
18836,Aarav,Martin,Vijayawada,Tamil Nadu,2022-04-10,Regular
18837,Aditya,Wilson,Kolkata,Andhra Pradesh,2021-08-04,New
18838,Aarav,Brown,Pune,Tamil Nadu,2023-08-25,New
18839,Meera,Verma,Pune,Tamil Nadu,2024-06-05,New
18840,Neha,White,Chennai,Andhra Pradesh,2024-07-16,New
18841,Aditya,Reddy,Bengaluru,Tamil Nadu,2024-11-18,Premium
18842,Rohan,Reddy,Jaipur,Andhra Pradesh,2024-12-01,Regular
18843,Kavya,Mehta,Vijayawada,West Bengal,2023-09-24,New
18844,Vikram,Sharma,Delhi,Andhra Pradesh,2025-02-23,Regular
18845,Neha,Rao,Kolkata,Andhra Pradesh,2021-04-29,Regular
18846,Kavya,Smith,Pune,Rajasthan,2022-09-25,Regular
18847,Sanjay,Verma,Chennai,Delhi,2023-02-14,New
18848,Sanjay,Singh,Jaipur,Rajasthan,2024-01-24,Regular
18849,Kiran,Gupta,Jaipur,Telangana,2022-04-24,New
18850,Sneha,Wilson,Chennai,Maharashtra,2022-04-10,New
18851,Aditya,White,Visakhapatnam,Maharashtra,2024-12-16,Premium
18852,Kiran,Thomas,Pune,Telangana,2023-11-06,Regular
18853,Neha,Brown,Vijayawada,Andhra Pradesh,2023-10-14,New
18854,Vikram,Kumar,Bengaluru,Andhra Pradesh,2021-10-22,New
18855,Sneha,Singh,Pune,West Bengal,2023-03-12,Regular
18856,Rahul,Verma,Bengaluru,West Bengal,2022-11-06,New
18857,Rahul,Singh,Visakhapatnam,Delhi,2023-09-20,Regular
18858,Sanjay,Taylor,Mumbai,Maharashtra,2025-01-12,New
18859,Aditya,Nair,Chennai,West Bengal,2022-03-22,New
18860,Aarav,Clark,Kolkata,Rajasthan,2024-07-21,Regular
18861,Sophia,Gupta,Jaipur,Tamil Nadu,2023-10-11,New
18862,Rohan,Mehta,Mumbai,Tamil Nadu,2023-03-06,Regular
18863,Emma,Martin,Vijayawada,Telangana,2025-03-01,New
18864,Daniel,Singh,Kolkata,Rajasthan,2021-08-23,Premium
18865,Emma,Thomas,Pune,Delhi,2023-12-22,Regular
18866,Emma,Smith,Visakhapatnam,Delhi,2022-09-30,New
18867,Rahul,Wilson,Bengaluru,Tamil Nadu,2023-12-28,New
18868,Kiran,Mehta,Visakhapatnam,Telangana,2021-08-10,Regular
18869,Aisha,Walker,Pune,Andhra Pradesh,2024-03-24,Regular
18870,Sneha,Thomas,Hyderabad,Andhra Pradesh,2021-04-20,Regular
18871,Aarav,Patel,Jaipur,Tamil Nadu,2022-07-13,New
18872,Sneha,Smith,Vijayawada,Andhra Pradesh,2024-12-21,Regular
18873,Emma,Walker,Visakhapatnam,Delhi,2023-10-10,New
18874,Emma,Gupta,Bengaluru,West Bengal,2023-02-26,New
18875,Kiran,Brown,Vijayawada,Karnataka,2022-06-14,New
18876,Sanjay,Thomas,Kolkata,Delhi,2021-05-24,Regular
18877,Rohan,Gupta,Jaipur,Karnataka,2021-06-27,Regular
18878,Aditya,Brown,Mumbai,Karnataka,2024-02-21,New
18879,Rohan,Smith,Jaipur,Tamil Nadu,2022-03-15,New
18880,Rohan,Patel,Vijayawada,Karnataka,2021-04-29,Regular
18881,Priya,Patel,Chennai,Rajasthan,2022-12-03,Regular
18882,Aarav,Smith,Chennai,Telangana,2022-09-26,Regular
18883,Aditya,Patel,Jaipur,Rajasthan,2025-03-13,Regular
18884,Rohan,Walker,Kolkata,Karnataka,2022-01-04,Regular
18885,Vikram,Brown,Bengaluru,Andhra Pradesh,2022-03-05,Regular
18886,Olivia,Martin,Bengaluru,Tamil Nadu,2021-09-21,Premium
18887,Meera,Nair,Visakhapatnam,Rajasthan,2021-10-29,Premium
18888,Daniel,Gupta,Bengaluru,Delhi,2023-05-04,Regular
18889,Sneha,Mehta,Chennai,Maharashtra,2021-12-23,Regular
18890,Rahul,Martin,Kolkata,Karnataka,2024-02-26,New
18891,Daniel,Nair,Visakhapatnam,Maharashtra,2024-08-01,New
18892,Priya,Gupta,Mumbai,Delhi,2023-02-19,New
18893,Meera,Kumar,Kolkata,Rajasthan,2022-01-19,Regular
18894,Kiran,Brown,Vijayawada,Tamil Nadu,2024-08-06,Premium
18895,Priya,Taylor,Kolkata,Telangana,2025-03-27,Regular
18896,Priya,Brown,Kolkata,Tamil Nadu,2025-01-07,Regular
18897,Aditya,Gupta,Chennai,Karnataka,2025-01-12,New
18898,Sneha,Singh,Kolkata,Rajasthan,2024-07-15,Premium
18899,Aisha,Nair,Hyderabad,Karnataka,2024-03-27,New
18900,Aarav,Rao,Vijayawada,Rajasthan,2025-03-11,Premium
18901,Rahul,Singh,Vijayawada,Telangana,2022-06-28,New
18902,Emma,Walker,Vijayawada,Andhra Pradesh,2025-01-26,New
18903,Sneha,Rao,Hyderabad,Maharashtra,2021-02-02,Regular
18904,Sophia,Gupta,Jaipur,Telangana,2024-08-25,New
18905,Kavya,Wilson,Pune,Delhi,2022-06-19,New
18906,Meera,Clark,Hyderabad,West Bengal,2022-04-14,Regular
18907,Olivia,Mehta,Delhi,Andhra Pradesh,2023-12-17,Regular
18908,Meera,Taylor,Delhi,Karnataka,2021-10-06,New
18909,Rohan,Reddy,Pune,Delhi,2025-05-10,Regular
18910,Neha,Brown,Vijayawada,Delhi,2024-03-09,Regular
18911,Sanjay,Reddy,Delhi,Maharashtra,2021-01-31,New
18912,Rohan,Kumar,Chennai,Rajasthan,2024-09-14,Regular
18913,Meera,Smith,Kolkata,Maharashtra,2021-06-22,Regular
18914,Rahul,Singh,Chennai,Maharashtra,2024-08-09,Premium
18915,Meera,Sharma,Bengaluru,Delhi,2024-07-24,Regular
18916,Sneha,Patel,Chennai,Rajasthan,2023-10-27,Regular
18917,Rohan,Thomas,Jaipur,Andhra Pradesh,2023-08-19,Regular
18918,Aarav,Smith,Delhi,West Bengal,2024-08-20,Regular
18919,Aisha,Nair,Mumbai,Telangana,2024-09-22,Regular
18920,Emma,White,Mumbai,Tamil Nadu,2024-02-06,Regular
18921,Aisha,Nair,Visakhapatnam,Telangana,2021-10-01,New
18922,Ananya,Lewis,Kolkata,Telangana,2023-12-01,Premium
18923,Meera,Rao,Vijayawada,Andhra Pradesh,2021-11-19,Regular
18924,Ananya,Sharma,Kolkata,Andhra Pradesh,2021-03-16,Regular
18925,Kiran,Kumar,Jaipur,Telangana,2021-08-31,Regular
18926,Rohan,Gupta,Kolkata,Maharashtra,2023-01-07,New
18927,Sanjay,Patel,Pune,Tamil Nadu,2025-03-22,Regular
18928,Sophia,Patel,Chennai,Telangana,2021-02-24,Regular
18929,Meera,Nair,Hyderabad,Maharashtra,2021-04-29,Regular
18930,Vikram,White,Vijayawada,Telangana,2021-05-28,New
18931,Olivia,Singh,Jaipur,West Bengal,2021-11-01,Regular
18932,Vikram,Singh,Kolkata,Rajasthan,2023-05-16,Regular
18933,Sneha,White,Pune,Maharashtra,2024-08-07,Regular
18934,Vikram,Singh,Bengaluru,Karnataka,2021-03-17,New
18935,Kiran,Clark,Kolkata,Maharashtra,2024-07-11,Regular
18936,Meera,Wilson,Chennai,Rajasthan,2025-01-01,New
18937,Sophia,Walker,Kolkata,Karnataka,2021-05-07,Regular
18938,Sophia,Smith,Mumbai,West Bengal,2022-12-22,Regular
18939,Olivia,Smith,Visakhapatnam,Telangana,2024-07-27,Regular
18940,Sanjay,Singh,Jaipur,Tamil Nadu,2024-01-25,Premium
18941,Arjun,Smith,Chennai,Maharashtra,2021-10-24,New
18942,Daniel,Taylor,Mumbai,Maharashtra,2021-08-25,Regular
18943,Daniel,White,Jaipur,Karnataka,2022-12-15,Regular
18944,Aditya,Reddy,Hyderabad,Andhra Pradesh,2024-09-18,Regular
18945,Aarav,Patel,Delhi,West Bengal,2025-02-26,Regular
18946,Kavya,Sharma,Bengaluru,Maharashtra,2023-02-04,Premium
18947,Arjun,Thomas,Pune,Maharashtra,2023-04-28,Regular
18948,Aarav,Reddy,Hyderabad,Telangana,2023-06-14,New
18949,Daniel,Walker,Bengaluru,West Bengal,2023-02-24,New
18950,Priya,Nair,Pune,Karnataka,2023-11-04,Premium
18951,Rahul,Gupta,Hyderabad,Tamil Nadu,2022-03-14,New
18952,Meera,White,Vijayawada,Andhra Pradesh,2023-05-14,Regular
18953,Kiran,Martin,Delhi,West Bengal,2023-09-08,Premium
18954,Neha,Brown,Pune,West Bengal,2023-06-21,Regular
18955,Olivia,Lewis,Pune,Tamil Nadu,2025-04-09,New
18956,Sanjay,Thomas,Visakhapatnam,Delhi,2024-04-06,Regular
18957,Kavya,Wilson,Visakhapatnam,Telangana,2024-03-20,Regular
18958,Emma,Rao,Hyderabad,Karnataka,2024-07-14,Premium
18959,Ananya,White,Kolkata,Andhra Pradesh,2023-04-25,Regular
18960,Sophia,Martin,Pune,Maharashtra,2022-05-05,Regular
18961,Ananya,Walker,Vijayawada,West Bengal,2023-05-08,New
18962,Priya,White,Vijayawada,Andhra Pradesh,2025-01-15,New
18963,Olivia,Brown,Vijayawada,Rajasthan,2024-11-07,Regular
18964,Kavya,Nair,Kolkata,Telangana,2022-07-21,Regular
18965,Olivia,Walker,Chennai,Delhi,2023-02-12,Regular
18966,Riya,White,Visakhapatnam,Rajasthan,2022-03-12,Premium
18967,Aisha,Kumar,Vijayawada,Karnataka,2021-01-20,New
18968,Sanjay,Wilson,Chennai,Andhra Pradesh,2022-05-14,New
18969,Kiran,Wilson,Chennai,Delhi,2021-06-11,Regular
18970,Olivia,Martin,Delhi,Tamil Nadu,2022-07-28,Regular
18971,Kavya,White,Mumbai,Andhra Pradesh,2021-03-27,Regular
18972,Aditya,Gupta,Kolkata,Andhra Pradesh,2022-05-23,Regular
18973,Rohan,White,Pune,Karnataka,2024-02-18,New
18974,Riya,Wilson,Bengaluru,West Bengal,2024-09-12,Regular
18975,Vikram,Reddy,Mumbai,Rajasthan,2024-11-20,Premium
18976,Rahul,Brown,Visakhapatnam,West Bengal,2023-06-17,Regular
18977,Riya,Kumar,Visakhapatnam,Delhi,2023-05-25,Regular
18978,Aditya,White,Mumbai,Karnataka,2025-03-29,Regular
18979,Riya,Thomas,Vijayawada,Maharashtra,2023-06-08,Regular
18980,Neha,Walker,Hyderabad,Rajasthan,2021-05-15,Regular
18981,Sophia,Wilson,Jaipur,Andhra Pradesh,2025-02-06,New
18982,Neha,Nair,Vijayawada,Maharashtra,2023-09-10,Regular
18983,Olivia,Verma,Hyderabad,Tamil Nadu,2023-12-03,Premium
18984,Olivia,Walker,Vijayawada,Andhra Pradesh,2021-06-03,Premium
18985,Sanjay,Patel,Pune,Rajasthan,2023-01-22,Regular
18986,Sophia,Lewis,Visakhapatnam,Tamil Nadu,2023-01-05,New
18987,Aisha,Verma,Chennai,Andhra Pradesh,2024-07-27,Regular
18988,Rahul,Smith,Visakhapatnam,Tamil Nadu,2022-09-05,New
18989,Aarav,Taylor,Visakhapatnam,Andhra Pradesh,2022-07-03,New
18990,Aditya,Reddy,Chennai,Rajasthan,2023-12-26,Regular
18991,Aarav,Kumar,Pune,West Bengal,2021-01-25,Regular
18992,Kiran,Patel,Kolkata,Maharashtra,2024-04-07,Regular
18993,Sophia,Thomas,,Tamil Nadu,2021-01-12,Regular
18994,Priya,Reddy,Jaipur,Telangana,2022-01-16,Regular
18995,Aarav,Wilson,Bengaluru,Telangana,2023-03-07,New
18996,Priya,Kumar,Chennai,Andhra Pradesh,2021-11-06,New
18997,Sanjay,Thomas,Delhi,West Bengal,2021-02-26,Regular
18998,Olivia,White,Pune,Karnataka,2022-11-03,Premium
18999,Arjun,Verma,Hyderabad,Delhi,2024-02-06,Premium
19000,Riya,Singh,Jaipur,Rajasthan,2022-01-23,New
19001,Ananya,Verma,Chennai,West Bengal,2022-03-15,Regular
19002,Aarav,Taylor,Bengaluru,Rajasthan,2023-12-19,Regular
19003,Meera,Martin,Delhi,Telangana,2025-02-25,New
19004,Priya,Wilson,Jaipur,Telangana,2023-04-09,Regular
19005,Riya,Smith,Hyderabad,West Bengal,2023-06-14,Regular
19006,Kavya,Wilson,Pune,Delhi,2024-08-16,Regular
19007,Riya,Singh,Jaipur,West Bengal,2021-04-16,New
19008,Priya,Singh,Visakhapatnam,Rajasthan,2025-04-20,New
19009,Aarav,Walker,Bengaluru,Telangana,2023-02-01,New
19010,Rahul,Smith,Kolkata,Rajasthan,2022-08-28,Regular
19011,Priya,Lewis,Visakhapatnam,Telangana,2023-09-16,New
19012,Kiran,Wilson,Kolkata,Delhi,2024-12-30,Regular
19013,Riya,Mehta,Kolkata,Andhra Pradesh,2025-02-08,Regular
19014,Ananya,Smith,Vijayawada,West Bengal,2024-05-28,New
19015,Olivia,Taylor,Pune,Karnataka,2023-02-13,New
19016,Vikram,Patel,Hyderabad,Delhi,2021-08-27,New
19017,Kiran,Mehta,Kolkata,Rajasthan,2021-11-01,Premium
19018,Riya,Martin,Kolkata,Karnataka,2024-08-30,New
19019,Rahul,Reddy,Visakhapatnam,Rajasthan,2021-07-20,Regular
19020,Rohan,Reddy,Jaipur,West Bengal,2023-02-10,Regular
19021,Riya,Patel,Mumbai,Telangana,2022-10-15,New
19022,Sneha,Smith,Jaipur,Tamil Nadu,2024-02-09,Premium
19023,Riya,Singh,Hyderabad,Andhra Pradesh,2022-07-04,Regular
19024,Neha,Verma,Jaipur,Tamil Nadu,2024-01-30,Regular
19025,Olivia,Kumar,Bengaluru,Rajasthan,2023-03-25,New
19026,Olivia,Gupta,Kolkata,Maharashtra,2024-11-18,New
19027,Sophia,Sharma,Kolkata,Tamil Nadu,2021-10-26,New
19028,Rahul,Clark,Kolkata,Andhra Pradesh,2024-05-02,Regular
19029,Sneha,Mehta,Jaipur,Andhra Pradesh,2024-02-29,Premium
19030,Rahul,Patel,Delhi,Karnataka,2024-08-12,Regular
19031,Sanjay,Brown,Bengaluru,Andhra Pradesh,2023-02-24,New
19032,Rohan,Walker,Kolkata,Tamil Nadu,2022-05-29,New
19033,Kavya,Clark,Chennai,Rajasthan,2023-04-08,Regular
19034,Ananya,Lewis,Kolkata,Telangana,2025-04-07,New
19035,Olivia,Verma,Mumbai,West Bengal,2021-11-08,Regular
19036,Aditya,Nair,Hyderabad,Karnataka,2023-11-25,Premium
19037,Kavya,Rao,Kolkata,West Bengal,2021-12-25,Regular
19038,Riya,Rao,Hyderabad,Rajasthan,2024-05-22,New
19039,Sophia,Walker,Mumbai,West Bengal,2022-11-09,New
19040,Sanjay,Kumar,Kolkata,Maharashtra,2024-10-06,Regular
19041,Aisha,Lewis,Visakhapatnam,Andhra Pradesh,2021-09-19,New
19042,Arjun,Walker,Mumbai,Karnataka,2021-07-18,Premium
19043,Neha,Clark,Chennai,Delhi,2025-03-02,Regular
19044,Ananya,Wilson,Mumbai,Rajasthan,2022-06-23,Regular
19045,Sophia,Lewis,Delhi,Tamil Nadu,2021-05-16,Regular
19046,Riya,Sharma,Bengaluru,Telangana,2024-08-30,New
19047,Daniel,Clark,Delhi,Maharashtra,2022-10-25,New
19048,Olivia,Brown,Visakhapatnam,Maharashtra,2025-01-15,Regular
19049,Ananya,White,Hyderabad,Andhra Pradesh,2022-12-02,New
19050,Aisha,Reddy,Jaipur,Andhra Pradesh,2024-04-24,New
19051,Aarav,Walker,Delhi,Tamil Nadu,2023-07-16,Premium
19052,Sneha,Smith,Kolkata,Andhra Pradesh,2023-02-11,Regular
19053,Aarav,Kumar,Kolkata,Karnataka,2023-02-17,New
19054,Aisha,Brown,Jaipur,Karnataka,2022-02-06,Premium
19055,Sophia,Sharma,Kolkata,Delhi,2024-03-24,New
19056,Meera,Reddy,Visakhapatnam,West Bengal,2023-04-21,Regular
19057,Emma,Brown,Chennai,Andhra Pradesh,2021-01-03,Regular
19058,Sanjay,Clark,Chennai,Delhi,2022-09-28,Regular
19059,Sophia,Kumar,Kolkata,Karnataka,2022-10-12,Regular
19060,Sneha,Gupta,Bengaluru,West Bengal,2024-11-18,New
19061,Meera,Nair,Bengaluru,Maharashtra,2022-11-15,Premium
19062,Riya,Brown,Chennai,Tamil Nadu,2023-06-27,New
19063,Kavya,Sharma,Chennai,Tamil Nadu,2021-05-13,Premium
19064,Rohan,Wilson,Hyderabad,Andhra Pradesh,2022-09-20,New
19065,Kavya,Mehta,Vijayawada,Karnataka,2022-03-31,New
19066,Meera,White,Delhi,Delhi,2023-03-09,New
19067,Olivia,Rao,Chennai,Telangana,2024-12-08,Regular
19068,Priya,Mehta,Chennai,West Bengal,2025-02-02,Regular
19069,Neha,Reddy,Jaipur,Karnataka,2022-04-05,Regular
19070,Neha,Walker,Jaipur,Rajasthan,2023-09-09,Regular
19071,Rahul,Clark,Bengaluru,Rajasthan,2025-03-07,Regular
19072,Arjun,Nair,Kolkata,Andhra Pradesh,2022-01-02,Regular
19073,Aarav,Mehta,Mumbai,Tamil Nadu,2022-12-03,New
19074,Meera,Lewis,Mumbai,Andhra Pradesh,2023-03-12,Regular
19075,Ananya,Gupta,Delhi,Karnataka,2021-01-06,Premium
19076,Olivia,Singh,Jaipur,Tamil Nadu,2023-01-16,Regular
19077,Aisha,Singh,Delhi,Karnataka,2021-07-14,Regular
19078,Rahul,Martin,Jaipur,Telangana,2022-05-12,New
19079,Rahul,Singh,Visakhapatnam,Tamil Nadu,2021-07-04,New
19080,Kiran,Reddy,Vijayawada,Delhi,2024-03-24,Regular
19081,Daniel,Patel,Vijayawada,Andhra Pradesh,2024-08-28,New
19082,Aarav,White,Vijayawada,Telangana,2022-03-06,Regular
19083,Vikram,Lewis,Chennai,Maharashtra,2021-03-06,New
19084,Aarav,White,Jaipur,West Bengal,2023-02-28,New
19085,Ananya,Gupta,Jaipur,Karnataka,2021-07-03,New
19086,Sophia,Verma,Kolkata,West Bengal,2022-12-07,Regular
19087,Meera,Mehta,Vijayawada,Delhi,2023-05-21,Regular
19088,Priya,Brown,Visakhapatnam,Delhi,2023-01-17,Premium
19089,Rahul,Sharma,Bengaluru,Telangana,2023-04-16,Regular
19090,Kiran,Smith,Hyderabad,Karnataka,2023-06-26,New
19091,Neha,Sharma,Jaipur,Rajasthan,2021-09-19,Regular
19092,Aditya,Gupta,Delhi,Rajasthan,2023-12-30,Regular
19093,Aisha,Gupta,Vijayawada,Maharashtra,2023-12-06,Regular
19094,Sophia,Taylor,Delhi,Delhi,2021-08-17,Regular
19095,Sanjay,Lewis,Delhi,Delhi,2022-11-26,Regular
19096,Aditya,Taylor,Hyderabad,Delhi,2022-04-07,New
19097,Rahul,Verma,Chennai,West Bengal,2022-09-28,New
19098,Aisha,Brown,Hyderabad,Delhi,2024-05-21,Premium
19099,Priya,Brown,Pune,Karnataka,2023-08-13,New
19100,Aditya,Kumar,Hyderabad,Telangana,2024-12-23,New
19101,Sanjay,White,Visakhapatnam,Andhra Pradesh,2023-06-30,New
19102,Arjun,Walker,Chennai,West Bengal,2021-03-13,New
19103,Priya,Singh,Vijayawada,Karnataka,2024-02-13,Premium
19104,Meera,Kumar,Hyderabad,Telangana,2021-04-28,New
19105,Sanjay,Patel,Hyderabad,Karnataka,2022-07-02,Regular
19106,Aarav,Wilson,Pune,Delhi,2025-02-03,Regular
19107,Priya,Sharma,Vijayawada,Delhi,2025-05-03,New
19108,Meera,Kumar,Visakhapatnam,Karnataka,2021-08-25,New
19109,Rohan,Wilson,Delhi,Karnataka,2025-04-26,New
19110,Aditya,Kumar,Kolkata,Karnataka,2025-04-16,New
19111,Vikram,Reddy,Kolkata,Maharashtra,2024-11-06,New
19112,Aisha,Sharma,Kolkata,Karnataka,2024-08-18,Regular
19113,Olivia,Martin,Vijayawada,Maharashtra,2021-05-01,New
19114,Riya,Nair,Hyderabad,Telangana,2021-07-13,Regular
19115,Neha,Gupta,Pune,Rajasthan,2023-09-09,Premium
19116,Aisha,Wilson,Visakhapatnam,Rajasthan,2021-06-14,New
19117,Kiran,Patel,Pune,Tamil Nadu,2022-02-06,New
19118,Aarav,Brown,Bengaluru,Andhra Pradesh,2025-04-13,New
19119,Kiran,Mehta,Kolkata,Delhi,2024-12-27,New
19120,Aisha,Taylor,Mumbai,Telangana,2022-02-12,Regular
19121,Kavya,Wilson,Delhi,Tamil Nadu,2023-05-12,Regular
19122,Sophia,Taylor,Delhi,Telangana,2023-05-12,New
19123,Sophia,Singh,Kolkata,West Bengal,2022-02-25,New
19124,Sanjay,Kumar,Jaipur,Andhra Pradesh,2022-01-13,New
19125,Aarav,Brown,Kolkata,Delhi,2022-12-01,Regular
19126,Aditya,Reddy,Jaipur,Telangana,2023-08-20,Regular
19127,Olivia,Mehta,Hyderabad,Karnataka,2024-07-10,Regular
19128,Emma,Wilson,Vijayawada,Maharashtra,2024-09-06,Regular
19129,Arjun,Clark,Pune,Karnataka,2021-02-02,Regular
19130,Vikram,Taylor,Vijayawada,Telangana,2023-11-18,Regular
19131,Sneha,White,Hyderabad,Tamil Nadu,2023-09-13,New
19132,Meera,Smith,Delhi,Delhi,2021-03-16,Regular
19133,Sophia,Verma,Hyderabad,Telangana,2024-08-28,Regular
19134,Riya,Singh,Kolkata,Rajasthan,2023-08-11,Regular
19135,Sanjay,Taylor,Chennai,Maharashtra,2024-02-25,Regular
19136,Aarav,Clark,Bengaluru,Karnataka,2023-11-24,Regular
19137,Kavya,Rao,Hyderabad,Telangana,2022-06-19,Regular
19138,Sneha,Reddy,Chennai,Rajasthan,2021-11-18,New
19139,Daniel,Sharma,Jaipur,Delhi,2022-08-28,Regular
19140,Sneha,Wilson,Jaipur,Andhra Pradesh,2024-05-04,New
19141,Neha,Taylor,Hyderabad,Andhra Pradesh,2023-10-16,New
19142,Rohan,Kumar,Jaipur,Rajasthan,2023-10-01,New
19143,Arjun,Sharma,Delhi,Rajasthan,2021-07-28,Regular
19144,Olivia,Taylor,Mumbai,Andhra Pradesh,2021-01-16,Regular
19145,Emma,Nair,Jaipur,Andhra Pradesh,2023-12-05,Regular
19146,Vikram,Verma,Chennai,Andhra Pradesh,2025-03-01,Regular
19147,Aisha,Gupta,Bengaluru,Tamil Nadu,2022-07-28,Regular
19148,Kiran,Martin,Chennai,Delhi,2022-12-14,Premium
19149,Ananya,Martin,Bengaluru,Rajasthan,2025-03-13,New
19150,Emma,Reddy,Pune,Andhra Pradesh,2022-01-07,Regular
19151,Emma,Reddy,Bengaluru,Telangana,2023-04-16,New
19152,Vikram,Smith,Chennai,Telangana,2021-05-18,New
19153,Rohan,Wilson,Mumbai,Karnataka,2022-02-26,Premium
19154,Emma,Kumar,Kolkata,West Bengal,2022-08-23,New
19155,Daniel,Patel,Visakhapatnam,Maharashtra,2024-01-02,Premium
19156,Arjun,Taylor,Hyderabad,West Bengal,2022-05-08,Regular
19157,Emma,Mehta,Kolkata,Karnataka,2023-01-07,Premium
19158,Priya,Kumar,Bengaluru,Telangana,2022-04-22,Regular
19159,Sneha,Wilson,Jaipur,Andhra Pradesh,2021-08-14,Regular
19160,Arjun,Reddy,Chennai,Tamil Nadu,2024-06-23,Regular
19161,Meera,Singh,Visakhapatnam,Telangana,2023-12-13,Regular
19162,Meera,Martin,Vijayawada,Karnataka,2023-10-31,Premium
19163,Meera,Singh,Mumbai,Tamil Nadu,2023-07-22,Regular
19164,Riya,Reddy,Mumbai,Maharashtra,2021-08-01,Regular
19165,Daniel,White,Mumbai,Rajasthan,2023-04-05,Premium
19166,Emma,Singh,Pune,Karnataka,2024-02-07,Regular
19167,Aisha,Brown,Pune,Delhi,2023-03-03,Regular
19168,Sophia,Clark,Kolkata,Tamil Nadu,2024-03-03,New
19169,Meera,White,Pune,Maharashtra,2022-06-11,New
19170,Meera,Clark,Vijayawada,Tamil Nadu,2023-04-03,Regular
19171,Neha,Rao,Pune,Tamil Nadu,2022-09-02,Regular
19172,Riya,Lewis,Mumbai,Delhi,2025-05-13,Regular
19173,Arjun,Sharma,Mumbai,Delhi,2021-10-14,New
19174,Neha,Rao,Vijayawada,Karnataka,2022-03-30,New
19175,Ananya,Patel,Bengaluru,Karnataka,2023-12-26,Premium
19176,Daniel,Brown,Chennai,Karnataka,2021-04-04,Regular
19177,Arjun,Lewis,Mumbai,Rajasthan,2023-04-01,Regular
19178,Kavya,Thomas,Kolkata,Tamil Nadu,2021-02-16,New
19179,Vikram,White,Bengaluru,Delhi,2023-04-25,Premium
19180,Olivia,Kumar,Pune,Maharashtra,2022-05-28,Premium
19181,Olivia,Thomas,Kolkata,Tamil Nadu,2021-10-31,Regular
19182,Sanjay,Martin,Jaipur,Telangana,2023-03-08,New
19183,Olivia,Mehta,Pune,Maharashtra,2022-06-14,Premium
19184,Priya,Reddy,Jaipur,Rajasthan,2021-05-06,Premium
19185,Sophia,Kumar,Kolkata,Rajasthan,2023-05-03,Regular
19186,Aisha,Walker,Vijayawada,Tamil Nadu,2023-06-25,Regular
19187,Aarav,Gupta,Chennai,Delhi,2023-11-26,Regular
19188,Sanjay,Wilson,Jaipur,Tamil Nadu,2024-12-12,New
19189,Ananya,Walker,Chennai,Rajasthan,2024-01-29,Regular
19190,Sanjay,Mehta,Bengaluru,Delhi,2024-06-28,Regular
19191,Rahul,Singh,Hyderabad,Rajasthan,2023-11-03,Regular
19192,Sophia,Mehta,Kolkata,Andhra Pradesh,2023-12-12,Regular
19193,Olivia,Singh,Kolkata,Tamil Nadu,2024-06-23,Regular
19194,Ananya,Patel,Bengaluru,Maharashtra,2023-11-25,Premium
19195,Sanjay,Clark,Visakhapatnam,Delhi,2023-03-15,New
19196,Vikram,Rao,Chennai,Karnataka,2024-03-14,Premium
19197,Daniel,Taylor,Kolkata,Andhra Pradesh,2025-03-25,New
19198,Rohan,Martin,Delhi,Delhi,2023-03-02,New
19199,Aarav,Brown,Delhi,Karnataka,2021-12-28,Regular
19200,Kiran,Brown,Vijayawada,Maharashtra,2022-10-05,New
19201,Priya,Patel,Jaipur,Andhra Pradesh,2021-01-23,New
19202,Kavya,Brown,Vijayawada,Maharashtra,2022-05-06,Regular
19203,Rohan,Thomas,Jaipur,West Bengal,2024-11-20,New
19204,Daniel,Patel,Visakhapatnam,Rajasthan,2021-06-09,Regular
19205,Kavya,Singh,Mumbai,Tamil Nadu,2024-11-21,New
19206,Sophia,Taylor,Delhi,Rajasthan,2023-06-19,Regular
19207,Kiran,White,Bengaluru,Maharashtra,2022-05-25,Regular
19208,Meera,Nair,Jaipur,Delhi,2023-01-27,Regular
19209,Kiran,Clark,Jaipur,Andhra Pradesh,2024-11-06,Regular
19210,Meera,Patel,Visakhapatnam,Telangana,2021-07-10,Regular
19211,Aisha,Smith,Vijayawada,West Bengal,2023-06-25,New
19212,Rohan,Walker,Visakhapatnam,Delhi,2022-03-06,New
19213,Daniel,Verma,Vijayawada,West Bengal,2023-05-16,Regular
19214,Olivia,Brown,Chennai,Rajasthan,2024-06-13,Regular
19215,Olivia,Patel,Chennai,Maharashtra,2025-01-14,Regular
19216,Sanjay,Brown,Delhi,Rajasthan,2022-02-13,New
19217,Aisha,Smith,Pune,Delhi,2023-11-28,Premium
19218,Rahul,White,Vijayawada,Karnataka,2022-11-13,New
19219,Rahul,Singh,Vijayawada,West Bengal,2023-03-16,Premium
19220,Sophia,Nair,Jaipur,Karnataka,2021-09-16,New
19221,Vikram,Wilson,Vijayawada,Rajasthan,2024-10-02,Premium
19222,Olivia,Walker,Hyderabad,Karnataka,2021-09-29,Regular
19223,Ananya,Singh,Mumbai,Maharashtra,2021-03-05,Regular
19224,Rohan,Taylor,Mumbai,Andhra Pradesh,2024-04-25,New
19225,Arjun,Lewis,Kolkata,Telangana,2022-10-11,Premium
19226,Meera,Wilson,Mumbai,Maharashtra,2021-04-17,New
19227,Aisha,Verma,Jaipur,Delhi,2023-12-26,Regular
19228,Priya,Singh,Chennai,Tamil Nadu,2022-04-02,New
19229,Emma,Gupta,Pune,West Bengal,2025-04-11,Regular
19230,Rohan,Reddy,Visakhapatnam,Tamil Nadu,2025-04-19,Regular
19231,Sneha,Patel,Mumbai,Tamil Nadu,2023-05-31,Regular
19232,Aditya,Verma,Hyderabad,Tamil Nadu,2023-02-01,Regular
19233,Sneha,Kumar,Mumbai,Delhi,2022-12-13,Regular
19234,Rahul,Sharma,Mumbai,Rajasthan,2023-08-28,Regular
19235,Priya,Taylor,Kolkata,Karnataka,2024-12-25,New
19236,Neha,Reddy,Vijayawada,Maharashtra,2023-10-23,Regular
19237,Sneha,Kumar,Delhi,Karnataka,2021-06-08,Regular
19238,Ananya,Smith,Pune,Karnataka,2021-11-10,New
19239,Kavya,Walker,Delhi,Rajasthan,2023-10-05,Regular
19240,Neha,Martin,Bengaluru,West Bengal,2022-08-14,New
19241,Aditya,Sharma,Bengaluru,Rajasthan,2023-02-07,Premium
19242,Sanjay,Patel,Kolkata,West Bengal,2022-10-04,Regular
19243,Kavya,Martin,Visakhapatnam,West Bengal,2023-08-12,Regular
19244,Daniel,Martin,Delhi,West Bengal,2022-01-05,Regular
19245,Riya,Nair,Hyderabad,West Bengal,2021-04-28,Regular
19246,Kavya,Walker,Jaipur,Andhra Pradesh,2022-01-10,New
19247,Daniel,Lewis,Mumbai,Tamil Nadu,2023-12-05,New
19248,Olivia,Martin,Vijayawada,Telangana,2023-08-31,Regular
19249,Neha,Martin,Visakhapatnam,Maharashtra,2024-07-18,New
19250,Rahul,Thomas,Jaipur,Telangana,2021-06-23,New
19251,Kavya,Kumar,Bengaluru,Telangana,2021-08-15,Regular
19252,Kavya,Martin,Bengaluru,Telangana,2021-07-26,New
19253,Aditya,Walker,Kolkata,Telangana,2023-06-20,New
19254,Emma,Singh,Vijayawada,West Bengal,2023-07-07,New
19255,Olivia,Sharma,Visakhapatnam,Delhi,2021-09-12,New
19256,Rohan,Nair,Delhi,Rajasthan,2022-12-20,Regular
19257,Priya,Gupta,Bengaluru,Tamil Nadu,2021-03-24,New
19258,Vikram,Walker,Vijayawada,Tamil Nadu,2023-09-07,New
19259,Vikram,Verma,Kolkata,Maharashtra,2023-07-01,Regular
19260,Aditya,Taylor,Pune,Andhra Pradesh,2021-02-13,Regular
19261,Kiran,White,Kolkata,Rajasthan,2021-05-22,Premium
19262,Aditya,Thomas,Chennai,West Bengal,2024-02-02,Premium
19263,Vikram,Martin,Visakhapatnam,Delhi,2024-12-09,Regular
19264,Ananya,White,Hyderabad,Rajasthan,2024-09-21,Regular
19265,Kavya,Taylor,Visakhapatnam,Karnataka,2023-06-27,New
19266,Rohan,Singh,Visakhapatnam,Maharashtra,2023-04-19,Regular
19267,Neha,Martin,Kolkata,Karnataka,2024-07-17,Regular
19268,Aditya,Rao,Visakhapatnam,Karnataka,2024-09-07,Regular
19269,Aisha,Rao,Jaipur,Maharashtra,2024-12-21,New
19270,Kavya,Wilson,Bengaluru,Andhra Pradesh,2022-10-02,Premium
19271,Sophia,Rao,Delhi,Tamil Nadu,2023-02-01,Regular
19272,Arjun,Sharma,Kolkata,Andhra Pradesh,2021-05-07,Regular
19273,Olivia,White,Jaipur,Delhi,2021-10-08,Premium
19274,Rohan,Smith,Vijayawada,West Bengal,2022-08-28,Premium
19275,Arjun,Taylor,Delhi,Karnataka,2024-07-19,New
19276,Meera,Clark,Delhi,Andhra Pradesh,2022-12-16,Regular
19277,Vikram,Wilson,Bengaluru,Karnataka,2023-07-29,Regular
19278,Vikram,Wilson,Mumbai,Tamil Nadu,2024-10-16,Regular
19279,Sophia,Thomas,Pune,Andhra Pradesh,2023-01-31,Regular
19280,Sanjay,Gupta,Visakhapatnam,West Bengal,2022-06-20,Regular
19281,Neha,Clark,Visakhapatnam,Tamil Nadu,2024-03-14,Premium
19282,Sanjay,Martin,Kolkata,Tamil Nadu,2022-05-20,New
19283,Rahul,Patel,Bengaluru,Maharashtra,2022-09-14,New
19284,Aarav,Kumar,Vijayawada,Maharashtra,2024-11-21,Regular
19285,Aarav,Lewis,Pune,Telangana,2022-12-01,Regular
19286,Priya,Lewis,Kolkata,Karnataka,2022-02-06,Premium
19287,Ananya,White,Pune,Karnataka,2024-08-28,Regular
19288,Aarav,Kumar,Vijayawada,Karnataka,2023-10-25,Regular
19289,Rohan,Lewis,Chennai,Tamil Nadu,2024-05-13,Regular
19290,Aditya,Lewis,Bengaluru,Telangana,2022-06-07,Premium
19291,Sneha,Thomas,Chennai,West Bengal,2024-06-05,New
19292,Sophia,Mehta,Jaipur,West Bengal,2025-03-03,New
19293,Meera,Brown,Hyderabad,Karnataka,2021-09-19,Regular
19294,Daniel,Verma,Chennai,Rajasthan,2021-10-31,New
19295,Vikram,Sharma,Mumbai,Delhi,2023-06-22,Premium
19296,Sanjay,Brown,Visakhapatnam,Tamil Nadu,2024-03-04,New
19297,Riya,Singh,Mumbai,Karnataka,2021-01-01,Regular
19298,Rohan,Singh,Visakhapatnam,Maharashtra,2023-05-31,Premium
19299,Emma,Reddy,Jaipur,Rajasthan,2021-07-23,New
19300,Priya,Mehta,Kolkata,Telangana,2025-04-15,New
19301,Sanjay,Sharma,Mumbai,Telangana,2024-03-08,New
19302,Emma,Clark,Delhi,Maharashtra,2025-05-10,Premium
19303,Sneha,Lewis,Kolkata,Rajasthan,2021-12-15,Premium
19304,Emma,Clark,Bengaluru,Tamil Nadu,2024-06-23,Regular
19305,Priya,Rao,Visakhapatnam,West Bengal,2022-09-04,Regular
19306,Rahul,Patel,Pune,Delhi,2021-06-15,Regular
19307,Meera,Brown,Visakhapatnam,Karnataka,2023-02-08,New
19308,Rahul,Taylor,Kolkata,Rajasthan,2023-01-21,New
19309,Meera,Sharma,Visakhapatnam,Karnataka,2023-03-12,Premium
19310,Ananya,Lewis,Hyderabad,Delhi,2024-09-29,New
19311,Riya,Verma,Hyderabad,West Bengal,2022-03-24,Regular
19312,Olivia,Clark,Bengaluru,West Bengal,2023-10-19,New
19313,Ananya,Reddy,Visakhapatnam,Andhra Pradesh,2021-11-15,Regular
19314,Olivia,Verma,Jaipur,West Bengal,2024-11-07,New
19315,Rahul,Mehta,Jaipur,West Bengal,2023-01-03,New
19316,Rahul,Sharma,Mumbai,Karnataka,2024-07-02,New
19317,Sophia,Martin,Chennai,Tamil Nadu,2022-03-07,Premium
19318,Sneha,Walker,Mumbai,Tamil Nadu,2022-05-16,New
19319,Priya,Brown,Visakhapatnam,Tamil Nadu,2025-04-22,Regular
19320,Vikram,Nair,Chennai,Telangana,2021-11-09,Regular
19321,Aditya,Wilson,Delhi,Telangana,2023-06-18,New
19322,Meera,Nair,Kolkata,Maharashtra,2022-06-01,Regular
19323,Emma,Nair,Mumbai,West Bengal,2022-09-17,New
19324,Daniel,Thomas,Pune,Rajasthan,2024-01-19,Regular
19325,Ananya,Smith,Kolkata,Rajasthan,2024-06-05,Regular
19326,Priya,Gupta,Vijayawada,Maharashtra,2023-02-09,Premium
19327,Vikram,Verma,Bengaluru,Rajasthan,2023-10-18,Regular
19328,Arjun,Clark,Delhi,Maharashtra,2021-03-12,New
19329,Ananya,Brown,Bengaluru,Maharashtra,2022-01-10,Regular
19330,Sneha,Reddy,Hyderabad,Karnataka,2024-04-02,Regular
19331,Rahul,Lewis,Kolkata,West Bengal,2023-12-02,Premium
19332,Ananya,Martin,Pune,Tamil Nadu,2021-03-13,Premium
19333,Kavya,Gupta,Chennai,Maharashtra,2024-11-26,Regular
19334,Emma,White,Hyderabad,Rajasthan,2022-10-17,Regular
19335,Daniel,White,Jaipur,Delhi,2022-05-02,New
19336,Rohan,White,Visakhapatnam,Tamil Nadu,2023-01-10,Premium
19337,Kiran,Nair,Jaipur,West Bengal,2022-09-24,Premium
19338,Olivia,Walker,Bengaluru,West Bengal,2023-03-16,New
19339,Meera,Clark,Hyderabad,Delhi,2021-09-20,Regular
19340,Aditya,Lewis,Chennai,Telangana,2021-08-11,New
19341,Meera,Brown,Bengaluru,Karnataka,2025-05-03,New
19342,Vikram,Gupta,Pune,Karnataka,2024-04-11,Regular
19343,Ananya,Singh,Kolkata,Rajasthan,2022-08-01,New
19344,Rohan,White,Bengaluru,Tamil Nadu,2024-09-20,Regular
19345,Sophia,Brown,Mumbai,Maharashtra,2024-06-26,New
19346,Aarav,Walker,Delhi,Rajasthan,2024-01-22,Regular
19347,Olivia,Smith,Mumbai,Rajasthan,2024-02-29,Regular
19348,Aditya,Brown,Pune,Karnataka,2025-03-02,Regular
19349,Aarav,Reddy,Delhi,Andhra Pradesh,2024-08-27,New
19350,Meera,Verma,Jaipur,West Bengal,2022-02-17,New
19351,Meera,Smith,Mumbai,Delhi,2024-03-08,Regular
19352,Rahul,Kumar,Hyderabad,Karnataka,2021-09-15,Regular
19353,Aarav,Patel,Visakhapatnam,West Bengal,2023-03-16,Regular
19354,Rahul,Smith,Delhi,Delhi,2021-04-18,Regular
19355,Ananya,Singh,Pune,Maharashtra,2021-09-29,Premium
19356,Rahul,Martin,Vijayawada,Delhi,2024-02-29,New
19357,Aisha,Mehta,Jaipur,Karnataka,2022-08-18,New
19358,Arjun,Verma,Bengaluru,Delhi,2021-09-17,Premium
19359,Riya,Kumar,Visakhapatnam,Karnataka,2025-04-16,Regular
19360,Olivia,Verma,Kolkata,Tamil Nadu,2025-02-10,New
19361,Aisha,Brown,Delhi,Maharashtra,2022-01-02,Premium
19362,Daniel,Smith,Visakhapatnam,Karnataka,2023-08-16,New
19363,Daniel,Gupta,Mumbai,Rajasthan,2022-04-16,Regular
19364,Aarav,Sharma,Vijayawada,Rajasthan,2024-07-10,Regular
19365,Rohan,Walker,Delhi,Maharashtra,2024-01-06,Regular
19366,Riya,White,Jaipur,Delhi,2022-11-27,Premium
19367,Rohan,Walker,Pune,Tamil Nadu,2025-01-29,Regular
19368,Aisha,Gupta,Vijayawada,Karnataka,2024-03-21,New
19369,Riya,Wilson,Pune,Rajasthan,2021-08-31,Regular
19370,Sophia,Kumar,Mumbai,Maharashtra,2022-12-11,Regular
19371,Rohan,Walker,Mumbai,Rajasthan,2024-08-20,Regular
19372,Rohan,Sharma,Jaipur,Telangana,2023-05-13,New
19373,Aarav,Mehta,Visakhapatnam,Telangana,2021-06-09,New
19374,Aditya,Lewis,Chennai,Maharashtra,2024-05-22,Premium
19375,Aditya,Martin,Visakhapatnam,Andhra Pradesh,2023-02-09,Regular
19376,Priya,Lewis,,Maharashtra,2022-01-17,Regular
19377,Ananya,Mehta,Bengaluru,Andhra Pradesh,2024-07-28,Regular
19378,Olivia,Reddy,Vijayawada,Karnataka,2024-11-16,New
19379,Riya,Sharma,Bengaluru,Andhra Pradesh,2023-07-30,New
19380,Aisha,Patel,Visakhapatnam,Maharashtra,2024-02-21,New
19381,Aarav,Reddy,Pune,Tamil Nadu,2022-01-21,New
19382,Priya,Verma,Jaipur,West Bengal,2024-04-09,Premium
19383,Aisha,Reddy,Pune,Andhra Pradesh,2024-12-17,New
19384,Sanjay,Patel,Hyderabad,Rajasthan,2022-01-17,New
19385,Ananya,Verma,Vijayawada,Telangana,2025-02-17,Regular
19386,Aisha,Martin,Vijayawada,West Bengal,2021-05-25,Premium
19387,Riya,Taylor,Mumbai,Tamil Nadu,2022-12-15,New
19388,Olivia,Reddy,Chennai,Delhi,2021-04-27,New
19389,Ananya,Walker,Visakhapatnam,Maharashtra,2022-12-17,Regular
19390,Kiran,Brown,Vijayawada,Andhra Pradesh,2023-11-02,Regular
19391,Kiran,Rao,Chennai,Maharashtra,2024-10-24,Regular
19392,Meera,Nair,Vijayawada,Tamil Nadu,2021-08-29,New
19393,Ananya,Clark,Chennai,Maharashtra,2024-11-20,Premium
19394,Ananya,Mehta,Bengaluru,West Bengal,2025-05-18,Regular
19395,Vikram,Singh,Kolkata,Andhra Pradesh,2021-04-17,Regular
19396,Priya,Verma,Visakhapatnam,Telangana,2025-03-18,Premium
19397,Sanjay,Reddy,Jaipur,Delhi,2024-12-21,Regular
19398,Neha,Patel,Pune,Telangana,2021-02-16,New
19399,Olivia,Rao,Bengaluru,Delhi,2021-04-12,Regular
19400,Riya,Singh,Delhi,Delhi,2024-03-06,Regular
19401,Priya,Rao,Kolkata,Andhra Pradesh,2022-11-03,New
19402,Sophia,Reddy,Jaipur,Karnataka,2022-02-22,New
19403,Sophia,Wilson,Bengaluru,Andhra Pradesh,2022-10-09,New
19404,Ananya,Kumar,Kolkata,West Bengal,2022-06-30,Premium
19405,Riya,Singh,Delhi,West Bengal,2025-04-10,Regular
19406,Rohan,White,Delhi,West Bengal,2022-01-20,Regular
19407,Olivia,Sharma,Hyderabad,Delhi,2021-05-22,Regular
19408,Kiran,Gupta,Hyderabad,Telangana,2024-08-21,Regular
19409,Aditya,Brown,Kolkata,Andhra Pradesh,2024-09-05,Premium
19410,Rahul,Rao,Bengaluru,Maharashtra,2024-12-01,New
19411,Emma,Rao,Kolkata,Telangana,2025-04-03,New
19412,Aditya,Kumar,Hyderabad,Delhi,2021-03-06,Regular
19413,Emma,Verma,Visakhapatnam,Rajasthan,2024-05-15,Regular
19414,Arjun,Thomas,Mumbai,West Bengal,2022-03-09,Regular
19415,Neha,Smith,Pune,Karnataka,2022-11-06,Premium
19416,Ananya,Walker,Mumbai,Andhra Pradesh,2022-12-19,Regular
19417,Ananya,Taylor,Pune,Andhra Pradesh,2025-04-26,New
19418,Vikram,Thomas,Delhi,Tamil Nadu,2023-04-15,New
19419,Arjun,Verma,Kolkata,Delhi,2021-12-23,Regular
19420,Rohan,Wilson,Kolkata,Andhra Pradesh,2021-05-21,Regular
19421,Priya,Smith,Jaipur,Karnataka,2023-08-01,Regular
19422,Riya,Clark,Bengaluru,Tamil Nadu,2024-08-21,New
19423,Priya,Brown,Visakhapatnam,Maharashtra,2024-02-11,Regular
19424,Sanjay,Verma,Kolkata,Telangana,2025-02-03,Regular
19425,Aditya,Reddy,Mumbai,Karnataka,2021-03-08,New
19426,Kavya,Lewis,Jaipur,Delhi,2022-10-07,Regular
19427,Ananya,Verma,Vijayawada,Tamil Nadu,2023-09-06,New
19428,Daniel,Thomas,Bengaluru,Karnataka,2024-10-03,Regular
19429,Ananya,Taylor,Bengaluru,Tamil Nadu,2022-05-16,Regular
19430,Sneha,Sharma,Kolkata,Telangana,2023-12-19,New
19431,Arjun,Taylor,Vijayawada,West Bengal,2021-11-29,Regular
19432,Vikram,Mehta,Hyderabad,Tamil Nadu,2023-08-05,Regular
19433,Olivia,Singh,Kolkata,West Bengal,2024-05-25,New
19434,Rohan,Gupta,Delhi,Andhra Pradesh,2024-08-03,Premium
19435,Ananya,Wilson,Jaipur,Maharashtra,2022-12-24,Regular
19436,Sneha,Reddy,Vijayawada,Rajasthan,2023-01-27,Regular
19437,Arjun,Wilson,Jaipur,Karnataka,2024-11-12,New
19438,Neha,Clark,Hyderabad,Rajasthan,2023-05-27,Regular
19439,Rohan,Reddy,Vijayawada,Tamil Nadu,2022-07-15,New
19440,Rahul,Sharma,Mumbai,Tamil Nadu,2022-03-16,New
19441,Ananya,Reddy,Delhi,Rajasthan,2024-02-13,Regular
19442,Ananya,Martin,Visakhapatnam,Maharashtra,2024-02-14,Premium
19443,Vikram,Clark,Visakhapatnam,West Bengal,2023-05-11,New
19444,Neha,White,Chennai,Andhra Pradesh,2021-09-12,Regular
19445,Aisha,Sharma,Chennai,Maharashtra,2021-09-16,Regular
19446,Aditya,Mehta,Vijayawada,Tamil Nadu,2022-01-25,Regular
19447,Sophia,Sharma,Visakhapatnam,Maharashtra,2021-01-20,Regular
19448,Kavya,Nair,Kolkata,Maharashtra,2023-02-07,Regular
19449,Riya,Rao,Hyderabad,Maharashtra,2022-10-26,Regular
19450,Arjun,Wilson,Bengaluru,Karnataka,2022-09-09,New
19451,Riya,Walker,Vijayawada,Rajasthan,2025-02-04,New
19452,Rohan,Clark,Vijayawada,Delhi,2022-01-19,Regular
19453,Aisha,Reddy,Visakhapatnam,Andhra Pradesh,2024-07-18,New
19454,Emma,Singh,Delhi,West Bengal,2021-11-04,New
19455,Aditya,Gupta,Pune,Tamil Nadu,2023-09-06,New
19456,Aditya,Gupta,Bengaluru,Tamil Nadu,2024-10-09,New
19457,Arjun,Nair,Vijayawada,Rajasthan,2024-09-02,Regular
19458,Kavya,Wilson,Jaipur,Telangana,2023-08-04,New
19459,Riya,Martin,Hyderabad,Tamil Nadu,2021-11-28,New
19460,Ananya,Walker,Pune,West Bengal,2022-08-27,Regular
19461,Vikram,Martin,Mumbai,Delhi,2022-11-11,Regular
19462,Rohan,Gupta,Vijayawada,Delhi,2024-09-15,Premium
19463,Ananya,Patel,Vijayawada,Telangana,2022-08-27,Premium
19464,Daniel,Nair,Chennai,Karnataka,2024-08-13,Premium
19465,Rahul,Thomas,Jaipur,Delhi,2025-03-03,Regular
19466,Rohan,White,Bengaluru,Tamil Nadu,2021-06-27,New
19467,Kavya,Nair,Vijayawada,Maharashtra,2025-02-06,New
19468,Sanjay,Patel,Vijayawada,Rajasthan,2023-06-27,Premium
19469,Olivia,Sharma,Bengaluru,West Bengal,2023-08-20,Premium
19470,Daniel,Reddy,Kolkata,West Bengal,2022-05-04,Regular
19471,Kiran,Wilson,Chennai,Karnataka,2022-06-19,Regular
19472,Aisha,Smith,Chennai,Delhi,2023-05-16,New
19473,Riya,Wilson,Hyderabad,Rajasthan,2021-11-15,New
19474,Meera,Sharma,Vijayawada,West Bengal,2024-02-23,Regular
19475,Vikram,Verma,Visakhapatnam,Andhra Pradesh,2023-12-04,New
19476,Aarav,Patel,Delhi,Rajasthan,2021-01-14,Regular
19477,Rohan,Rao,Vijayawada,Rajasthan,2021-12-04,Regular
19478,Rahul,Wilson,Mumbai,Tamil Nadu,2023-04-02,Regular
19479,Aditya,Gupta,Delhi,Tamil Nadu,2024-04-02,Premium
19480,Kavya,Taylor,Vijayawada,Tamil Nadu,2022-04-12,New
19481,Sneha,Gupta,Pune,Andhra Pradesh,2024-11-19,Regular
19482,Sanjay,Brown,Kolkata,Maharashtra,2023-05-05,Regular
19483,Aarav,Mehta,Bengaluru,Andhra Pradesh,2023-05-13,Regular
19484,Sanjay,Nair,Delhi,Andhra Pradesh,2021-06-25,Premium
19485,Priya,Kumar,Visakhapatnam,West Bengal,2023-10-03,New
19486,Riya,Smith,Vijayawada,Telangana,2024-08-01,New
19487,Kiran,White,Mumbai,West Bengal,2021-12-05,Regular
19488,Aditya,Wilson,Delhi,Karnataka,2023-05-20,Regular
19489,Sneha,Martin,Kolkata,Delhi,2021-01-11,Regular
19490,Arjun,Clark,Jaipur,Karnataka,2021-12-04,New
19491,Sanjay,Sharma,Visakhapatnam,Telangana,2021-04-24,New
19492,Aarav,Thomas,Visakhapatnam,West Bengal,2024-05-16,Regular
19493,Neha,Singh,Vijayawada,Maharashtra,2025-05-13,Regular
19494,Ananya,Taylor,Mumbai,West Bengal,2021-03-02,New
19495,Sneha,White,Mumbai,Maharashtra,2024-01-29,Premium
19496,Kavya,Lewis,Pune,Tamil Nadu,2023-08-07,Regular
19497,Kiran,Verma,Pune,Telangana,2024-01-29,New
19498,Olivia,Clark,Jaipur,Tamil Nadu,2023-03-14,New
19499,Daniel,Wilson,Visakhapatnam,Rajasthan,2025-05-06,New
19500,Rahul,Kumar,Visakhapatnam,Andhra Pradesh,2021-03-05,New
19501,Daniel,Singh,Kolkata,Maharashtra,2021-08-27,Regular
19502,Vikram,White,Bengaluru,Telangana,2022-02-04,Premium
19503,Sanjay,Walker,Bengaluru,Rajasthan,2024-06-05,New
19504,Neha,Lewis,Chennai,West Bengal,2021-05-04,New
19505,Aarav,Nair,Kolkata,Telangana,2021-07-17,Premium
19506,Kiran,Rao,Mumbai,Karnataka,2024-03-17,Regular
19507,Vikram,Clark,Kolkata,Karnataka,2022-11-01,Regular
19508,Priya,Sharma,Visakhapatnam,Rajasthan,2024-02-04,Regular
19509,Emma,Lewis,Mumbai,Rajasthan,2022-08-10,New
19510,Daniel,Wilson,Jaipur,Maharashtra,2021-05-23,New
19511,Sanjay,Wilson,Delhi,Karnataka,2023-08-14,Premium
19512,Neha,Verma,Visakhapatnam,West Bengal,2021-06-24,Regular
19513,Priya,White,Hyderabad,Tamil Nadu,2023-02-06,New
19514,Ananya,Martin,Chennai,Telangana,2024-11-09,Premium
19515,Kavya,Reddy,Jaipur,Tamil Nadu,2021-10-20,Regular
19516,Sophia,Brown,Visakhapatnam,Tamil Nadu,2021-11-18,New
19517,Ananya,Lewis,Delhi,Telangana,2025-02-26,Premium
19518,Arjun,Reddy,Hyderabad,West Bengal,2022-05-01,Regular
19519,Daniel,Martin,Hyderabad,Tamil Nadu,2022-08-20,Regular
19520,Daniel,Singh,Pune,Delhi,2023-12-31,New
19521,Rohan,Brown,Visakhapatnam,Delhi,2021-07-24,New
19522,Neha,Lewis,Mumbai,Andhra Pradesh,2021-04-08,Premium
19523,Olivia,Mehta,Visakhapatnam,Andhra Pradesh,2024-09-11,New
19524,Neha,Sharma,Delhi,Delhi,2025-02-25,Premium
19525,Priya,Sharma,Bengaluru,Andhra Pradesh,2025-04-29,Regular
19526,Daniel,Martin,Delhi,Delhi,2021-02-06,Regular
19527,Emma,Walker,Mumbai,Telangana,2023-04-28,Premium
19528,Neha,Gupta,Chennai,Andhra Pradesh,2024-09-20,Premium
19529,Vikram,Walker,Kolkata,Andhra Pradesh,2024-09-13,Premium
19530,Ananya,Mehta,Chennai,Maharashtra,2022-08-01,Regular
19531,Meera,Reddy,Jaipur,Maharashtra,2023-02-24,Regular
19532,Aditya,Brown,Visakhapatnam,Rajasthan,2021-08-29,New
19533,Neha,White,Vijayawada,Maharashtra,2021-08-11,New
19534,Meera,Gupta,Hyderabad,Tamil Nadu,2022-08-27,Premium
19535,Arjun,White,Jaipur,West Bengal,2022-01-04,Premium
19536,Sneha,Taylor,Pune,Tamil Nadu,2025-04-06,New
19537,Aisha,Nair,Vijayawada,Maharashtra,2021-05-09,Regular
19538,Sanjay,Taylor,Bengaluru,Andhra Pradesh,2023-04-27,Premium
19539,Neha,Verma,Vijayawada,Karnataka,2023-06-10,Regular
19540,Aisha,Reddy,Mumbai,Telangana,2021-04-05,New
19541,Aarav,Lewis,Vijayawada,Tamil Nadu,2022-12-07,New
19542,Kavya,Nair,Chennai,Karnataka,2025-02-15,Regular
19543,Aditya,Smith,Jaipur,Tamil Nadu,2021-06-25,Premium
19544,Kiran,Martin,Vijayawada,Telangana,2021-08-18,New
19545,Kavya,Reddy,Pune,Delhi,2021-09-22,Regular
19546,Aarav,Martin,Pune,Delhi,2021-03-29,Regular
19547,Aarav,Nair,Hyderabad,Tamil Nadu,2024-11-16,Regular
19548,Ananya,Brown,Chennai,West Bengal,2021-03-14,Premium
19549,Daniel,Mehta,Vijayawada,Karnataka,2022-03-26,Regular
19550,Aarav,Thomas,Visakhapatnam,Telangana,2024-08-15,Regular
19551,Riya,Patel,Jaipur,Maharashtra,2025-05-12,Premium
19552,Arjun,Kumar,Hyderabad,Karnataka,2021-09-02,Regular
19553,Priya,Verma,Chennai,Andhra Pradesh,2022-07-31,Regular
19554,Ananya,Kumar,Vijayawada,Tamil Nadu,2021-10-14,New
19555,Priya,Singh,Mumbai,Maharashtra,2021-11-04,Regular
19556,Arjun,Taylor,Chennai,Tamil Nadu,2025-02-19,New
19557,Riya,Clark,Chennai,Maharashtra,2022-06-25,Premium
19558,Aditya,Taylor,Jaipur,Telangana,2023-09-06,New
19559,Riya,Rao,Visakhapatnam,Rajasthan,2021-09-08,New
19560,Meera,Clark,Hyderabad,Karnataka,2022-04-02,Premium
19561,Sneha,Verma,Visakhapatnam,Maharashtra,2022-08-01,Regular
19562,Rohan,Patel,Delhi,Andhra Pradesh,2023-07-28,Regular
19563,Meera,Thomas,Visakhapatnam,Maharashtra,2024-12-11,Regular
19564,Sophia,Brown,Kolkata,West Bengal,2022-01-24,New
19565,Daniel,Nair,Kolkata,Telangana,2023-10-30,New
19566,Daniel,Taylor,Delhi,Tamil Nadu,2023-03-02,Regular
19567,Sanjay,Martin,Vijayawada,Andhra Pradesh,2024-06-26,Premium
19568,Sneha,Singh,Visakhapatnam,Tamil Nadu,2022-06-20,Regular
19569,Kiran,Kumar,Delhi,Maharashtra,2022-11-09,New
19570,Sophia,Brown,Bengaluru,Telangana,2023-09-24,New
19571,Sophia,Reddy,Hyderabad,Delhi,2022-12-10,Regular
19572,Olivia,Wilson,Pune,Tamil Nadu,2024-04-29,New
19573,Vikram,Verma,Pune,Andhra Pradesh,2021-01-23,New
19574,Rohan,Singh,Visakhapatnam,Maharashtra,2022-07-12,Regular
19575,Aisha,Smith,Hyderabad,Andhra Pradesh,2021-10-07,Regular
19576,Aisha,Nair,Visakhapatnam,Rajasthan,2021-08-19,Regular
19577,Kiran,Nair,Hyderabad,Andhra Pradesh,2021-03-27,New
19578,Rahul,Singh,Pune,West Bengal,2022-07-24,New
19579,Rahul,Taylor,Pune,Delhi,2021-12-15,New
19580,Meera,Walker,Delhi,Maharashtra,2024-04-28,Regular
19581,Priya,Wilson,Hyderabad,Telangana,2023-03-15,New
19582,Priya,Singh,Vijayawada,Karnataka,2024-06-13,Premium
19583,Emma,Clark,Bengaluru,Maharashtra,2024-11-17,New
19584,Aarav,Kumar,Vijayawada,West Bengal,2024-06-10,Regular
19585,Riya,Gupta,Delhi,Telangana,2022-11-05,New
19586,Aditya,Sharma,Visakhapatnam,Rajasthan,2025-04-09,Regular
19587,Daniel,Clark,Jaipur,Rajasthan,2022-09-09,Regular
19588,Sophia,Sharma,Visakhapatnam,Telangana,2024-08-12,New
19589,Neha,Brown,Pune,Telangana,2021-10-04,Regular
19590,Rohan,Patel,Pune,Andhra Pradesh,2025-03-30,New
19591,Sanjay,Singh,Kolkata,Karnataka,2022-05-01,Regular
19592,Vikram,Wilson,Kolkata,Karnataka,2023-09-30,Premium
19593,Sophia,Clark,Vijayawada,Karnataka,2022-07-21,Regular
19594,Vikram,Sharma,Pune,West Bengal,2022-01-02,Regular
19595,Ananya,Patel,Pune,Karnataka,2022-06-12,New
19596,Priya,Gupta,Bengaluru,Karnataka,2023-09-01,Regular
19597,Meera,Walker,Bengaluru,Maharashtra,2021-06-28,Regular
19598,Emma,Reddy,Visakhapatnam,Delhi,2021-11-13,New
19599,Sneha,Patel,Jaipur,Rajasthan,2025-01-11,New
19600,Riya,Verma,Kolkata,Karnataka,2021-05-17,New
19601,Sneha,Rao,Mumbai,Tamil Nadu,2024-03-01,New
19602,Ananya,Sharma,Hyderabad,Delhi,2022-04-28,Premium
19603,Vikram,Brown,Hyderabad,Maharashtra,2022-05-26,New
19604,Sanjay,Wilson,Kolkata,Delhi,2022-08-04,New
19605,Ananya,Patel,Kolkata,Karnataka,2022-09-05,New
19606,Aarav,Taylor,Chennai,Delhi,2024-02-09,New
19607,Rohan,Reddy,Bengaluru,Rajasthan,2024-07-11,Regular
19608,Priya,Martin,Hyderabad,West Bengal,2022-08-04,New
19609,Priya,Gupta,Kolkata,West Bengal,2021-10-02,New
19610,Emma,Singh,Kolkata,Telangana,2021-01-06,New
19611,Sophia,Patel,Mumbai,Rajasthan,2024-03-05,Regular
19612,Aisha,Lewis,Vijayawada,West Bengal,2025-01-07,Regular
19613,Arjun,Brown,Visakhapatnam,West Bengal,2021-02-24,Regular
19614,Ananya,Taylor,Delhi,Karnataka,2023-08-02,New
19615,Aisha,Singh,Chennai,Delhi,2021-12-16,New
19616,Sneha,Reddy,Hyderabad,West Bengal,2021-12-04,Premium
19617,Priya,Sharma,Vijayawada,Delhi,2024-08-18,New
19618,Ananya,Verma,Delhi,Telangana,2022-02-08,Regular
19619,Ananya,Rao,Mumbai,Telangana,2022-05-02,New
19620,Sneha,Thomas,Hyderabad,Maharashtra,2021-07-18,New
19621,Vikram,Thomas,Visakhapatnam,West Bengal,2024-12-17,Regular
19622,Neha,Rao,Jaipur,Maharashtra,2024-12-21,Regular
19623,Sanjay,Verma,Pune,West Bengal,2025-01-01,New
19624,Meera,Nair,Chennai,Rajasthan,2022-01-04,Regular
19625,Olivia,Taylor,Kolkata,Rajasthan,2021-10-28,Regular
19626,Neha,Wilson,Visakhapatnam,West Bengal,2025-02-14,Regular
19627,Kiran,Taylor,Delhi,West Bengal,2023-09-08,Regular
19628,Daniel,Reddy,Hyderabad,Telangana,2022-02-27,Regular
19629,Meera,Rao,Bengaluru,Telangana,2021-03-16,New
19630,Ananya,White,Hyderabad,West Bengal,2024-07-02,New
19631,Aarav,Rao,Pune,Andhra Pradesh,2024-07-07,Regular
19632,Aarav,Patel,Pune,Karnataka,2021-01-17,New
19633,Sanjay,Patel,Delhi,Delhi,2023-02-05,Premium
19634,Sanjay,Sharma,Vijayawada,Tamil Nadu,2023-02-13,Regular
19635,Aisha,Thomas,Bengaluru,Telangana,2023-01-13,New
19636,Neha,Sharma,Jaipur,Maharashtra,2022-08-14,Regular
19637,Sophia,Smith,Chennai,Maharashtra,2022-06-10,New
19638,Neha,Nair,Delhi,Andhra Pradesh,2022-06-20,New
19639,Daniel,Reddy,Chennai,Andhra Pradesh,2025-01-12,Premium
19640,Sneha,Lewis,Mumbai,Rajasthan,2025-05-07,Regular
19641,Kiran,Martin,Visakhapatnam,Telangana,2021-06-28,Regular
19642,Aisha,Clark,Hyderabad,Rajasthan,2024-02-28,Regular
19643,Ananya,Walker,Pune,Delhi,2023-07-07,New
19644,Aditya,Walker,Delhi,Karnataka,2022-02-14,Regular
19645,Priya,Martin,Delhi,West Bengal,2021-10-25,Premium
19646,Meera,Brown,Mumbai,Telangana,2024-04-18,Regular
19647,Kiran,Taylor,Mumbai,Maharashtra,2022-08-07,Regular
19648,Aisha,Verma,Jaipur,Andhra Pradesh,2021-07-27,New
19649,Sophia,Patel,Chennai,Rajasthan,2025-03-31,Premium
19650,Ananya,Nair,Pune,Tamil Nadu,2025-01-21,New
19651,Aditya,Mehta,Mumbai,Karnataka,2022-11-01,Premium
19652,Ananya,Sharma,Vijayawada,Delhi,2022-11-14,New
19653,Emma,Clark,Visakhapatnam,Karnataka,2022-11-04,New
19654,Vikram,Walker,Visakhapatnam,Rajasthan,2021-11-02,New
19655,Sophia,Verma,Hyderabad,Tamil Nadu,2021-06-18,Regular
19656,Ananya,Mehta,Hyderabad,Karnataka,2022-03-13,New
19657,Emma,Clark,Mumbai,Karnataka,2022-09-12,Regular
19658,Riya,Mehta,Pune,Tamil Nadu,2021-09-06,Premium
19659,Riya,Taylor,Hyderabad,West Bengal,2021-02-26,New
19660,Daniel,Brown,Visakhapatnam,Andhra Pradesh,2025-01-28,Regular
19661,Vikram,Gupta,Visakhapatnam,West Bengal,2024-11-05,Regular
19662,Sneha,Thomas,Pune,West Bengal,2022-05-05,Regular
19663,Arjun,Patel,Vijayawada,Tamil Nadu,2023-09-11,Regular
19664,Aditya,Singh,Delhi,Rajasthan,2021-08-17,Premium
19665,Aarav,Taylor,Kolkata,Rajasthan,2025-01-22,Regular
19666,Meera,Martin,Visakhapatnam,West Bengal,2024-07-24,Regular
19667,Kavya,White,Hyderabad,Andhra Pradesh,2021-10-09,New
19668,Aisha,Martin,Chennai,Tamil Nadu,2021-12-08,Regular
19669,Vikram,Sharma,Pune,Maharashtra,2022-06-17,New
19670,Rohan,Clark,Visakhapatnam,Andhra Pradesh,2021-05-31,Regular
19671,Meera,Verma,Delhi,Maharashtra,2022-07-10,Regular
19672,Emma,Sharma,Mumbai,Andhra Pradesh,2023-12-06,Regular
19673,Olivia,Smith,Hyderabad,Andhra Pradesh,2024-03-07,Regular
19674,Arjun,Patel,Delhi,Rajasthan,2021-01-12,Regular
19675,Ananya,Verma,Chennai,Tamil Nadu,2022-07-18,New
19676,Aarav,Mehta,Mumbai,Maharashtra,2024-08-24,Regular
19677,Emma,Reddy,Jaipur,Maharashtra,2024-10-24,Premium
19678,Rahul,Lewis,Delhi,Delhi,2023-06-20,Regular
19679,Emma,Brown,Bengaluru,West Bengal,2024-03-22,New
19680,Vikram,White,Hyderabad,Tamil Nadu,2022-01-30,Regular
19681,Aarav,Mehta,Mumbai,Karnataka,2024-10-21,New
19682,Olivia,Smith,Hyderabad,Tamil Nadu,2023-01-28,Regular
19683,Ananya,Clark,Pune,Andhra Pradesh,2024-01-12,New
19684,Ananya,Singh,Pune,Rajasthan,2022-02-24,Regular
19685,Kavya,Walker,Visakhapatnam,Telangana,2021-10-04,Premium
19686,Aditya,Patel,Mumbai,Rajasthan,2023-05-03,New
19687,Meera,White,Chennai,Telangana,2023-04-16,Regular
19688,Ananya,Wilson,Kolkata,Delhi,2023-07-04,New
19689,Aditya,Brown,Kolkata,Karnataka,2024-07-16,New
19690,Kiran,Singh,Hyderabad,Rajasthan,2024-05-19,Regular
19691,Aarav,Smith,Hyderabad,Andhra Pradesh,2022-04-28,Regular
19692,Rohan,Smith,Bengaluru,Tamil Nadu,2023-01-16,Premium
19693,Sneha,White,Vijayawada,West Bengal,2021-05-17,New
19694,Rahul,Clark,Chennai,Andhra Pradesh,2024-06-12,New
19695,Rahul,Mehta,Jaipur,Karnataka,2021-08-05,Regular
19696,Meera,Nair,Pune,West Bengal,2021-04-21,Regular
19697,Ananya,Nair,Jaipur,Tamil Nadu,2023-04-13,Regular
19698,Rahul,Nair,Chennai,West Bengal,2025-01-14,Regular
19699,Aisha,Sharma,Pune,Delhi,2022-08-26,Premium
19700,Riya,Sharma,Bengaluru,West Bengal,2021-10-24,New
19701,Aarav,Thomas,,West Bengal,2021-10-22,Premium
19702,Sanjay,Gupta,Delhi,West Bengal,2024-08-31,Premium
19703,Kiran,Verma,Hyderabad,Telangana,2023-11-23,New
19704,Aisha,Taylor,Vijayawada,Andhra Pradesh,2023-03-03,New
19705,Arjun,Wilson,Visakhapatnam,Karnataka,2025-01-23,Regular
19706,Emma,Nair,Kolkata,Maharashtra,2021-06-17,Regular
19707,Rohan,Thomas,Visakhapatnam,Delhi,2023-09-14,New
19708,Rahul,Patel,Chennai,Andhra Pradesh,2022-07-30,Regular
19709,Olivia,Mehta,Pune,West Bengal,2022-01-09,Regular
19710,Arjun,Kumar,Visakhapatnam,Karnataka,2025-01-09,Premium
19711,Rahul,Brown,Kolkata,Tamil Nadu,2025-03-11,Regular
19712,Daniel,Reddy,Kolkata,Karnataka,2024-08-28,Premium
19713,Neha,Walker,Vijayawada,Delhi,2021-08-26,Regular
19714,Priya,Taylor,Kolkata,West Bengal,2024-03-01,Regular
19715,Meera,Singh,Bengaluru,West Bengal,2022-07-28,New
19716,Kavya,Wilson,Chennai,Andhra Pradesh,2022-08-31,Regular
19717,Kavya,Rao,Vijayawada,West Bengal,2021-11-06,Premium
19718,Aarav,Brown,Chennai,Rajasthan,2023-08-01,Regular
19719,Sneha,Patel,Kolkata,Rajasthan,2024-10-03,Regular
19720,Aditya,Brown,Pune,Tamil Nadu,2022-01-07,New
19721,Emma,Kumar,Kolkata,Tamil Nadu,2023-05-11,New
19722,Neha,Patel,Chennai,Telangana,2023-11-03,Regular
19723,Rahul,Smith,Mumbai,Tamil Nadu,2023-10-06,New
19724,Olivia,Brown,Kolkata,Delhi,2022-02-22,New
19725,Aditya,Gupta,Bengaluru,West Bengal,2021-02-16,Regular
19726,Aditya,Reddy,Mumbai,Rajasthan,2024-08-19,New
19727,Daniel,Verma,Jaipur,Delhi,2023-08-13,Regular
19728,Riya,Walker,Bengaluru,Rajasthan,2024-02-02,New
19729,Olivia,Martin,Delhi,Delhi,2023-05-02,New
19730,Meera,Reddy,Bengaluru,Andhra Pradesh,2022-09-10,New
19731,Daniel,Walker,Vijayawada,Andhra Pradesh,2022-02-07,New
19732,Rahul,Verma,Bengaluru,Maharashtra,2023-11-22,Regular
19733,Sneha,Smith,Delhi,Andhra Pradesh,2024-08-23,Regular
19734,Aditya,Sharma,Pune,Andhra Pradesh,2022-06-05,Regular
19735,Kiran,Rao,Kolkata,Tamil Nadu,2021-02-08,Premium
19736,Sanjay,Thomas,Hyderabad,Karnataka,2021-09-07,Regular
19737,Sanjay,Rao,Delhi,Telangana,2023-07-16,Regular
19738,Ananya,Patel,Delhi,Rajasthan,2022-01-12,Regular
19739,Daniel,Reddy,Chennai,Maharashtra,2024-07-26,Regular
19740,Kavya,Walker,Chennai,Delhi,2022-03-11,New
19741,Rohan,Clark,Vijayawada,Tamil Nadu,2023-03-02,Premium
19742,Ananya,Sharma,Delhi,Maharashtra,2021-12-29,Regular
19743,Neha,Walker,Delhi,Maharashtra,2022-12-29,Regular
19744,Sanjay,Clark,Jaipur,Delhi,2023-12-22,Regular
19745,Neha,Nair,Pune,Karnataka,2024-06-27,Regular
19746,Meera,Taylor,Visakhapatnam,Andhra Pradesh,2024-03-29,Regular
19747,Sanjay,Gupta,Jaipur,Maharashtra,2023-03-23,Regular
19748,Sneha,Singh,Delhi,Karnataka,2023-01-02,Regular
19749,Aisha,Martin,Chennai,Telangana,2022-06-05,Regular
19750,Neha,Singh,Pune,Telangana,2025-04-30,New
19751,Aditya,Nair,Hyderabad,Tamil Nadu,2024-03-19,Premium
19752,Sneha,Nair,Kolkata,West Bengal,2024-11-26,Regular
19753,Riya,Patel,Chennai,Andhra Pradesh,2024-03-29,New
19754,Sanjay,Clark,Jaipur,Rajasthan,2021-05-20,New
19755,Sneha,Taylor,Kolkata,Tamil Nadu,2022-03-01,Premium
19756,Meera,Lewis,Pune,West Bengal,2023-01-07,New
19757,Rohan,Brown,Bengaluru,Tamil Nadu,2022-05-19,New
19758,Kiran,Patel,Hyderabad,Karnataka,2024-12-24,New
19759,Olivia,Gupta,Kolkata,Delhi,2023-02-26,New
19760,Kiran,Nair,Vijayawada,West Bengal,2021-12-19,Regular
19761,Sneha,Walker,Chennai,Andhra Pradesh,2023-08-15,Regular
19762,Rahul,Singh,Hyderabad,Telangana,2022-08-29,Regular
19763,Daniel,Taylor,Mumbai,West Bengal,2021-07-24,New
19764,Sneha,Kumar,Vijayawada,Tamil Nadu,2025-02-24,Regular
19765,Riya,White,Delhi,Tamil Nadu,2025-02-21,New
19766,Kavya,Wilson,Hyderabad,Telangana,2024-05-26,Regular
19767,Kiran,Verma,Bengaluru,Karnataka,2022-05-18,Regular
19768,Rohan,Rao,Bengaluru,Maharashtra,2024-08-24,Premium
19769,Aisha,Nair,Vijayawada,Karnataka,2022-04-07,Regular
19770,Olivia,Singh,Vijayawada,Tamil Nadu,2024-11-08,Regular
19771,Rahul,Smith,Pune,Delhi,2024-11-15,Regular
19772,Emma,Lewis,Kolkata,Telangana,2021-10-01,Regular
19773,Emma,Singh,Hyderabad,Rajasthan,2022-05-19,Regular
19774,Rahul,Martin,Delhi,Tamil Nadu,2024-01-24,Regular
19775,Rahul,Smith,Chennai,Andhra Pradesh,2022-01-10,Premium
19776,Meera,Thomas,Visakhapatnam,West Bengal,2024-07-08,Premium
19777,Emma,Thomas,Pune,Andhra Pradesh,2023-12-23,Regular
19778,Kiran,Sharma,Visakhapatnam,Tamil Nadu,2021-12-29,Regular
19779,Kavya,Sharma,Delhi,Karnataka,2024-05-26,Regular
19780,Sophia,Walker,Pune,Karnataka,2021-03-11,New
19781,Rohan,Patel,Jaipur,Karnataka,2022-09-07,Regular
19782,Sanjay,Smith,Jaipur,Delhi,2021-10-13,Premium
19783,Sophia,Thomas,Pune,Delhi,2021-01-01,Premium
19784,Aditya,Brown,Mumbai,Andhra Pradesh,2024-04-01,Premium
19785,Priya,Sharma,Kolkata,Rajasthan,2021-09-02,Regular
19786,Ananya,Sharma,Bengaluru,Andhra Pradesh,2024-01-16,Regular
19787,Neha,Taylor,Mumbai,Tamil Nadu,2021-05-01,Regular
19788,Aditya,Lewis,Visakhapatnam,Maharashtra,2024-11-27,Regular
19789,Meera,Rao,Visakhapatnam,Rajasthan,2025-04-14,New
19790,Meera,Brown,Pune,West Bengal,2022-05-23,Regular
19791,Sanjay,Walker,Mumbai,Maharashtra,2023-02-17,New
19792,Priya,Clark,Visakhapatnam,Andhra Pradesh,2023-09-22,Regular
19793,Arjun,Brown,Chennai,Karnataka,2023-08-02,Premium
19794,Sanjay,Taylor,Hyderabad,West Bengal,2021-02-12,Regular
19795,Sophia,White,Hyderabad,Rajasthan,2025-04-16,New
19796,Neha,Thomas,Bengaluru,Delhi,2025-02-05,Regular
19797,Kavya,Verma,Visakhapatnam,Delhi,2023-02-18,Regular
19798,Olivia,Taylor,Hyderabad,Telangana,2023-06-07,Regular
19799,Aisha,Rao,Mumbai,Delhi,2021-09-29,New
19800,Riya,Walker,Kolkata,Tamil Nadu,2024-04-12,Regular
19801,Aisha,Reddy,Kolkata,Rajasthan,2023-04-04,Premium
19802,Priya,Singh,Visakhapatnam,Tamil Nadu,2022-03-31,New
19803,Kavya,Rao,Jaipur,Tamil Nadu,2022-05-07,Regular
19804,Aditya,Singh,Pune,Maharashtra,2021-05-12,Premium
19805,Olivia,Smith,Chennai,West Bengal,2024-06-16,Regular
19806,Vikram,Martin,Hyderabad,Rajasthan,2021-04-11,Premium
19807,Olivia,Lewis,Visakhapatnam,Tamil Nadu,2023-06-21,Regular
19808,Olivia,Brown,Mumbai,Karnataka,2024-07-27,Regular
19809,Rahul,Wilson,Visakhapatnam,Andhra Pradesh,2021-03-25,Regular
19810,Aisha,Smith,Mumbai,Delhi,2021-09-01,New
19811,Sophia,Sharma,Vijayawada,Maharashtra,2024-05-04,New
19812,Sneha,Martin,Kolkata,Rajasthan,2024-08-11,Regular
19813,Rohan,Sharma,Vijayawada,Maharashtra,2021-05-10,New
19814,Olivia,Brown,Kolkata,Delhi,2022-03-01,New
19815,Neha,White,Mumbai,Rajasthan,2023-08-29,Regular
19816,Rahul,Thomas,Bengaluru,Karnataka,2023-05-17,New
19817,Sanjay,Brown,Hyderabad,Rajasthan,2023-04-07,New
19818,Meera,Rao,Pune,Rajasthan,2022-02-24,Regular
19819,Priya,Clark,Visakhapatnam,Maharashtra,2023-05-13,New
19820,Sanjay,Lewis,Kolkata,Tamil Nadu,2021-03-22,Regular
19821,Riya,Nair,Kolkata,Karnataka,2024-10-28,New
19822,Rahul,Kumar,Chennai,Telangana,2023-05-18,Regular
19823,Sanjay,Smith,Pune,Rajasthan,2022-08-20,Regular
19824,Priya,Wilson,Pune,Maharashtra,2022-08-11,Regular
19825,Aarav,Walker,Bengaluru,West Bengal,2022-08-15,New
19826,Kiran,Lewis,Kolkata,Karnataka,2022-11-28,Regular
19827,Daniel,Singh,Mumbai,Tamil Nadu,2021-11-05,New
19828,Daniel,Gupta,Pune,Andhra Pradesh,2023-08-21,Regular
19829,Olivia,White,Delhi,West Bengal,2021-10-21,New
19830,Rohan,Rao,Hyderabad,Karnataka,2022-05-17,New
19831,Arjun,Mehta,Jaipur,Telangana,2024-10-25,New
19832,Emma,Rao,Chennai,Andhra Pradesh,2023-06-22,New
19833,Kiran,Nair,Kolkata,Telangana,2024-12-15,New
19834,Aisha,Smith,Vijayawada,Telangana,2023-11-19,New
19835,Rahul,Gupta,Bengaluru,Tamil Nadu,2024-06-07,Premium
19836,Meera,Verma,Chennai,Rajasthan,2021-05-24,Regular
19837,Sneha,Nair,Pune,West Bengal,2023-03-18,Regular
19838,Daniel,Kumar,Visakhapatnam,Telangana,2022-07-15,New
19839,Rahul,Thomas,Kolkata,Rajasthan,2021-01-28,New
19840,Ananya,Lewis,Pune,Rajasthan,2021-05-24,Premium
19841,Sophia,Mehta,Visakhapatnam,West Bengal,2021-10-31,New
19842,Kiran,Singh,Pune,Telangana,2021-01-12,Regular
19843,Meera,Wilson,Visakhapatnam,Telangana,2022-12-01,Regular
19844,Vikram,Brown,Vijayawada,Andhra Pradesh,2021-03-23,Regular
19845,Aisha,Smith,Bengaluru,Andhra Pradesh,2024-08-12,Regular
19846,Aditya,Smith,Mumbai,Andhra Pradesh,2023-08-06,Regular
19847,Sneha,Martin,Hyderabad,Maharashtra,2025-03-21,Premium
19848,Olivia,Sharma,Chennai,Delhi,2021-05-15,Regular
19849,Meera,Reddy,Hyderabad,Karnataka,2021-05-08,New
19850,Priya,Reddy,Bengaluru,Telangana,2024-10-21,Regular
19851,Vikram,Patel,Hyderabad,Karnataka,2022-09-20,New
19852,Rohan,White,Kolkata,Delhi,2024-04-30,Regular
19853,Emma,Martin,Pune,Maharashtra,2021-10-31,Regular
19854,Sanjay,Taylor,Pune,Delhi,2021-01-15,New
19855,Meera,Taylor,Vijayawada,Maharashtra,2023-03-08,Premium
19856,Priya,Sharma,Visakhapatnam,Delhi,2023-07-07,Premium
19857,Rohan,Singh,Delhi,Rajasthan,2021-06-28,New
19858,Aisha,Thomas,Pune,West Bengal,2021-01-17,New
19859,Kiran,Mehta,Kolkata,Rajasthan,2021-12-06,Regular
19860,Aditya,Brown,Pune,Rajasthan,2021-06-24,New
19861,Neha,Thomas,Pune,Delhi,2025-05-13,New
19862,Riya,Reddy,Chennai,Rajasthan,2025-05-01,Premium
19863,Olivia,Thomas,Bengaluru,Karnataka,2021-01-26,New
19864,Kavya,Taylor,Bengaluru,Delhi,2023-01-02,New
19865,Meera,Verma,,Telangana,2022-09-08,Regular
19866,Riya,Mehta,Visakhapatnam,Telangana,2021-02-13,New
19867,Aditya,Reddy,Pune,Karnataka,2023-12-03,Regular
19868,Aditya,Singh,Hyderabad,Karnataka,2024-09-22,Regular
19869,Priya,Singh,Kolkata,Maharashtra,2023-09-06,Regular
19870,Kavya,Lewis,Jaipur,West Bengal,2025-01-07,New
19871,Kavya,Kumar,Delhi,Rajasthan,2023-10-17,Premium
19872,Vikram,Gupta,Hyderabad,Rajasthan,2023-05-28,Regular
19873,Riya,Kumar,Hyderabad,Karnataka,2025-02-25,Regular
19874,Kiran,Gupta,Delhi,Maharashtra,2024-02-04,Regular
19875,Olivia,Sharma,Visakhapatnam,Maharashtra,2024-05-08,Regular
19876,Aisha,Gupta,Hyderabad,Telangana,2024-06-02,New
19877,Sophia,Martin,Vijayawada,Telangana,2021-02-20,Regular
19878,Kavya,Thomas,Vijayawada,Tamil Nadu,2024-03-21,Regular
19879,Neha,Nair,Hyderabad,Andhra Pradesh,2024-04-12,Regular
19880,Vikram,Martin,Chennai,Maharashtra,2023-03-03,Regular
19881,Kiran,Wilson,Hyderabad,Maharashtra,2023-06-23,Regular
19882,Olivia,Walker,Delhi,Rajasthan,2024-08-25,Regular
19883,Kiran,Clark,Bengaluru,Maharashtra,2021-08-16,Regular
19884,Arjun,Singh,Jaipur,West Bengal,2023-04-24,New
19885,Sanjay,Smith,Hyderabad,Rajasthan,2024-05-17,Regular
19886,Sneha,Thomas,Kolkata,Telangana,2022-02-20,Regular
19887,Kavya,Rao,Vijayawada,Delhi,2022-02-26,New
19888,Sophia,Smith,Bengaluru,Tamil Nadu,2021-01-07,Premium
19889,Daniel,Verma,Chennai,Telangana,2022-05-15,Premium
19890,Neha,Rao,Vijayawada,Telangana,2022-07-28,Regular
19891,Sneha,Patel,Hyderabad,West Bengal,2025-03-04,New
19892,Emma,Sharma,Pune,West Bengal,2021-05-13,Regular
19893,Aarav,Martin,Chennai,Delhi,2023-11-01,Regular
19894,Sneha,Clark,Hyderabad,West Bengal,2021-04-12,New
19895,Priya,Taylor,Pune,West Bengal,2024-07-03,New
19896,Riya,Singh,Pune,Telangana,2023-01-21,Regular
19897,Emma,Sharma,Mumbai,Telangana,2022-11-13,Regular
19898,Meera,Wilson,Visakhapatnam,Tamil Nadu,2025-02-18,Regular
19899,Meera,Patel,Hyderabad,Delhi,2024-04-13,Regular
19900,Meera,Brown,Pune,Rajasthan,2021-06-18,Regular
19901,Sneha,White,Bengaluru,Rajasthan,2022-03-02,Regular
19902,Sanjay,Sharma,Vijayawada,Andhra Pradesh,2022-03-14,Regular
19903,Aditya,Smith,Delhi,Tamil Nadu,2023-09-03,New
19904,Aisha,White,Vijayawada,Delhi,2024-08-21,Regular
19905,Kavya,Rao,Bengaluru,Telangana,2023-10-18,New
19906,Sanjay,Clark,Pune,Maharashtra,2022-10-05,Regular
19907,Olivia,Clark,Hyderabad,Telangana,2024-04-09,Regular
19908,Sophia,Mehta,Mumbai,Rajasthan,2024-04-29,Regular
19909,Kavya,Rao,Jaipur,Maharashtra,2021-05-09,Regular
19910,Sanjay,Taylor,Vijayawada,West Bengal,2023-05-18,New
19911,Daniel,Wilson,Hyderabad,Telangana,2024-02-12,New
19912,Sanjay,Mehta,Mumbai,Rajasthan,2023-08-25,New
19913,Ananya,Patel,Visakhapatnam,Delhi,2022-01-27,Regular
19914,Olivia,Martin,Bengaluru,Telangana,2021-09-15,Regular
19915,Neha,Singh,Vijayawada,Tamil Nadu,2022-04-11,New
19916,Sanjay,Kumar,Mumbai,Karnataka,2022-07-18,Regular
19917,Arjun,Reddy,Pune,Telangana,2025-01-14,New
19918,Kiran,Verma,Visakhapatnam,Telangana,2023-09-22,Regular
19919,Meera,Kumar,Kolkata,West Bengal,2024-08-30,Regular
19920,Aisha,Rao,Chennai,Andhra Pradesh,2021-02-12,New
19921,Sanjay,Singh,Hyderabad,West Bengal,2024-06-08,New
19922,Vikram,Mehta,Chennai,West Bengal,2021-10-29,Regular
19923,Aisha,Thomas,Pune,Telangana,2023-06-25,Regular
19924,Vikram,Mehta,Bengaluru,Karnataka,2022-09-11,Regular
19925,Arjun,Smith,Visakhapatnam,Telangana,2024-10-14,Regular
19926,Priya,Kumar,Hyderabad,Rajasthan,2023-12-16,New
19927,Sneha,Kumar,Delhi,West Bengal,2023-01-07,Premium
19928,Sanjay,White,Jaipur,Rajasthan,2023-03-27,Regular
19929,Sanjay,Wilson,Mumbai,Rajasthan,2024-02-06,Regular
19930,Sanjay,Sharma,Delhi,Karnataka,2024-02-24,Regular
19931,Rohan,Smith,Hyderabad,Delhi,2023-07-07,Regular
19932,Aarav,Sharma,Vijayawada,West Bengal,2024-03-08,Regular
19933,Aarav,Reddy,Jaipur,West Bengal,2024-06-16,New
19934,Kiran,Nair,Vijayawada,West Bengal,2021-02-19,Regular
19935,Aarav,Taylor,Bengaluru,Maharashtra,2022-08-11,New
19936,Rohan,Wilson,Mumbai,Telangana,2024-12-13,Regular
19937,Sneha,Thomas,Vijayawada,Rajasthan,2022-05-29,Premium
19938,Aarav,Patel,Vijayawada,West Bengal,2024-08-11,New
19939,Kavya,Patel,Pune,Andhra Pradesh,2023-05-29,Regular
19940,Kavya,Brown,Jaipur,Karnataka,2022-03-10,Regular
19941,Sneha,Lewis,Chennai,Telangana,2022-07-15,Regular
19942,Kavya,Martin,Vijayawada,Rajasthan,2023-02-15,New
19943,Emma,Taylor,Pune,Andhra Pradesh,2021-07-19,Regular
19944,Arjun,Reddy,Vijayawada,Andhra Pradesh,2022-05-09,Regular
19945,Vikram,Lewis,Delhi,Maharashtra,2023-12-26,Premium
19946,Rohan,White,Pune,Rajasthan,2024-12-21,Regular
19947,Meera,Smith,Visakhapatnam,Karnataka,2025-03-01,Regular
19948,Olivia,Rao,Visakhapatnam,Andhra Pradesh,2022-09-05,New
19949,Daniel,Taylor,Visakhapatnam,Maharashtra,2024-06-24,New
19950,Sneha,Wilson,Hyderabad,Karnataka,2022-09-26,Regular
19951,Ananya,Walker,Pune,West Bengal,2024-07-14,Regular
19952,Ananya,Kumar,Vijayawada,Tamil Nadu,2024-12-30,Regular
19953,Arjun,Brown,Visakhapatnam,Karnataka,2022-12-15,Regular
19954,Priya,Martin,Mumbai,West Bengal,2023-08-20,New
19955,Neha,Rao,Vijayawada,Andhra Pradesh,2024-10-19,New
19956,Sanjay,Clark,Delhi,Tamil Nadu,2021-08-09,Regular
19957,Riya,Reddy,Chennai,Rajasthan,2022-01-30,New
19958,Emma,Kumar,Visakhapatnam,West Bengal,2023-09-29,New
19959,Rohan,Thomas,Pune,Telangana,2021-10-14,New
19960,Daniel,Kumar,Kolkata,Tamil Nadu,2024-06-25,Regular
19961,Rahul,Verma,Chennai,Rajasthan,2022-03-03,New
19962,Daniel,Gupta,Hyderabad,Karnataka,2022-06-25,Premium
19963,Riya,Taylor,Pune,Rajasthan,2024-07-21,Premium
19964,Sanjay,Sharma,Vijayawada,Delhi,2023-04-24,New
19965,Meera,Nair,Mumbai,West Bengal,2024-06-19,Regular
19966,Rohan,White,Jaipur,West Bengal,2023-09-30,Regular
19967,Riya,Nair,Vijayawada,Delhi,2023-04-03,Premium
19968,Vikram,Smith,Kolkata,Delhi,2023-03-28,Regular
19969,Sanjay,White,Visakhapatnam,Delhi,2024-07-08,New
19970,Rohan,Wilson,Visakhapatnam,West Bengal,2025-05-18,New
19971,Vikram,Thomas,Vijayawada,West Bengal,2021-02-08,Premium
19972,Rohan,White,Visakhapatnam,Maharashtra,2023-03-22,Premium
19973,Kavya,Wilson,Vijayawada,Maharashtra,2024-06-07,Regular
19974,Kavya,Clark,,Andhra Pradesh,2023-10-27,Regular
19975,Sneha,Brown,Bengaluru,Andhra Pradesh,2023-02-14,Regular
19976,Vikram,Clark,Mumbai,West Bengal,2024-06-23,Regular
19977,Sanjay,Wilson,Visakhapatnam,Maharashtra,2023-01-20,Regular
19978,Daniel,Rao,Pune,Delhi,2021-08-07,New
19979,Aditya,Smith,Hyderabad,Delhi,2022-03-12,New
19980,Rahul,Rao,Visakhapatnam,Maharashtra,2021-03-12,Regular
19981,Priya,Nair,Kolkata,Karnataka,2024-01-29,Regular
19982,Aarav,Gupta,Jaipur,Delhi,2025-04-06,Regular
19983,Rohan,Mehta,Hyderabad,Maharashtra,2022-08-30,Premium
19984,Olivia,Rao,Bengaluru,Telangana,2024-03-17,New
19985,Aditya,Wilson,Delhi,Rajasthan,2025-04-21,Premium
19986,Aisha,Nair,Bengaluru,West Bengal,2022-09-22,Regular
19987,Priya,Mehta,Delhi,Telangana,2024-11-12,Regular
19988,Kiran,Kumar,Mumbai,Karnataka,2021-01-29,New
19989,Meera,Nair,Chennai,Delhi,2023-12-21,Regular
19990,Sneha,Nair,Vijayawada,Andhra Pradesh,2021-09-24,Premium
19991,Rohan,White,Hyderabad,Maharashtra,2024-06-04,Regular
19992,Sanjay,Verma,Visakhapatnam,Andhra Pradesh,2021-01-16,Regular
19993,Daniel,Sharma,Bengaluru,Karnataka,2024-08-25,New
19994,Vikram,Rao,Delhi,Delhi,2022-09-27,New
19995,Sophia,Martin,Jaipur,Andhra Pradesh,2022-01-15,Regular
19996,Priya,Patel,Bengaluru,Andhra Pradesh,2023-06-07,Regular
19997,Sophia,Patel,Jaipur,Karnataka,2025-05-03,Premium
19998,Kiran,Nair,Mumbai,West Bengal,2021-09-14,Regular
19999,Sneha,Nair,Vijayawada,Telangana,2022-05-12,New
20000,Kavya,Mehta,Visakhapatnam,Karnataka,2023-10-21,New
